<?xml version="1.0" encoding="utf-8"?>
<Messages>
	<Message prefix="[HLS 200-10]" severity="INFO" keynum="HLS_10_1312" content="Analyzing design file &apos;convolution.cpp&apos; ..." tag=""/>
	<Message prefix="[HLS 200-41]" severity="WARNING" keynum="HLS_41_1434" content="Resource core &apos;AXI4M&apos; on port &apos;src&apos; is deprecated. Please use the interface directive to specify the AXI interface." tag=""/>
	<Message prefix="[HLS 200-41]" severity="WARNING" keynum="HLS_41_1434" content="Resource core &apos;AXI4M&apos; on port &apos;dst&apos; is deprecated. Please use the interface directive to specify the AXI interface." tag=""/>
	<Message prefix="[HLS 200-41]" severity="WARNING" keynum="HLS_41_1434" content="Resource core &apos;AXI4LiteS&apos; on port &apos;0&apos; is deprecated. Please use the interface directive to specify the AXI interface." tag=""/>
	<Message prefix="[HLS 200-41]" severity="WARNING" keynum="HLS_41_1434" content="Resource core &apos;AXI4LiteS&apos; on port &apos;width&apos; is deprecated. Please use the interface directive to specify the AXI interface." tag=""/>
	<Message prefix="[HLS 200-41]" severity="WARNING" keynum="HLS_41_1434" content="Resource core &apos;AXI4LiteS&apos; on port &apos;height&apos; is deprecated. Please use the interface directive to specify the AXI interface." tag=""/>
	<Message prefix="[HLS 200-10]" severity="INFO" keynum="HLS_10_1465" content="Validating synthesis directives ..." tag=""/>
	<Message prefix="[HLS 200-111]" severity="INFO" keynum="473" content="Finished Checking Pragmas Time (s): cpu = 00:00:02 ; elapsed = 00:00:14 . Memory (MB): peak = 105.102 ; gain = 48.660" tag=""/>
	<Message prefix="[HLS 200-111]" severity="INFO" keynum="473" content="Finished Linking Time (s): cpu = 00:00:02 ; elapsed = 00:00:22 . Memory (MB): peak = 105.102 ; gain = 48.660" tag=""/>
	<Message prefix="[HLS 200-10]" severity="INFO" keynum="HLS_10_1467" content="Starting code transformations ..." tag=""/>
	<Message prefix="[XFORM 203-603]" severity="INFO" keynum="792" content="Inlining function &apos;convolution_strm&apos; into &apos;filter11x11_strm&apos; (convolution.cpp:273)." tag=""/>
	<Message prefix="[HLS 200-111]" severity="INFO" keynum="473" content="Finished Standard Transforms Time (s): cpu = 00:00:02 ; elapsed = 00:00:23 . Memory (MB): peak = 105.102 ; gain = 48.660" tag=""/>
	<Message prefix="[HLS 200-10]" severity="INFO" keynum="HLS_10_1472" content="Checking synthesizability ..." tag=""/>
	<Message prefix="[HLS 200-111]" severity="INFO" keynum="473" content="Finished Checking Synthesizability Time (s): cpu = 00:00:02 ; elapsed = 00:00:24 . Memory (MB): peak = 105.102 ; gain = 48.660" tag=""/>
	<Message prefix="[XFORM 203-502]" severity="INFO" keynum="813" content="Unrolling all sub-loops inside loop &apos;HConvW&apos; (convolution.cpp:169) in function &apos;filter11x11_strm&apos; for pipelining." tag=""/>
	<Message prefix="[XFORM 203-502]" severity="INFO" keynum="813" content="Unrolling all sub-loops inside loop &apos;VConvW&apos; (convolution.cpp:186) in function &apos;filter11x11_strm&apos; for pipelining." tag=""/>
	<Message prefix="[XFORM 203-501]" severity="INFO" keynum="891" content="Unrolling loop &apos;HConv&apos; (convolution.cpp:174) in function &apos;filter11x11_strm&apos; completely." tag=""/>
	<Message prefix="[XFORM 203-501]" severity="INFO" keynum="891" content="Unrolling loop &apos;VConv&apos; (convolution.cpp:192) in function &apos;filter11x11_strm&apos; completely." tag=""/>
	<Message prefix="[XFORM 203-102]" severity="INFO" keynum="696" content="Partitioning array &apos;hwin&apos; (convolution.cpp:149) automatically." tag=""/>
	<Message prefix="[XFORM 203-101]" severity="INFO" keynum="692" content="Partitioning array &apos;linebuf&apos;  in dimension 1 completely." tag=""/>
	<Message prefix="[XFORM 203-721]" severity="INFO" keynum="875" content="Changing loop &apos;Loop_HConvH_proc&apos; (convolution.cpp:168) to a process function for dataflow in function &apos;filter11x11_strm&apos;." tag=""/>
	<Message prefix="[XFORM 203-721]" severity="INFO" keynum="875" content="Changing loop &apos;Loop_VConvH_proc&apos; (convolution.cpp:185) to a process function for dataflow in function &apos;filter11x11_strm&apos;." tag=""/>
	<Message prefix="[XFORM 203-721]" severity="INFO" keynum="875" content="Changing loop &apos;Loop_Border_proc&apos; (convolution.cpp:204) to a process function for dataflow in function &apos;filter11x11_strm&apos;." tag=""/>
	<Message prefix="[XFORM 203-712]" severity="INFO" keynum="801" content="Applying dataflow to function &apos;filter11x11_strm&apos;, detected/extracted 5 process function(s): 
	 &apos;filter11x11_strm.entry7&apos;
	 &apos;Block_._crit_edge.i146_proc&apos;
	 &apos;Loop_HConvH_proc6&apos;
	 &apos;Loop_VConvH_proc&apos;
	 &apos;Loop_Border_proc&apos;." tag=""/>
	<Message prefix="[XFORM 203-401]" severity="INFO" keynum="809" content="Performing if-conversion on hyperblock from (convolution.cpp:226:17) to (convolution.cpp:205:36) in function &apos;Loop_Border_proc&apos;... converting 4 basic blocks." tag=""/>
	<Message prefix="[XFORM 203-11]" severity="INFO" keynum="754" content="Balancing expressions in function &apos;Loop_VConvH_proc&apos; (convolution.cpp:185:51)...12 expression(s) balanced." tag=""/>
	<Message prefix="[XFORM 203-11]" severity="INFO" keynum="754" content="Balancing expressions in function &apos;Loop_HConvH_proc6&apos; (convolution.cpp:168:46)...12 expression(s) balanced." tag=""/>
	<Message prefix="[HLS 200-111]" severity="INFO" keynum="473" content="Finished Pre-synthesis Time (s): cpu = 00:00:03 ; elapsed = 00:00:25 . Memory (MB): peak = 126.480 ; gain = 70.039" tag=""/>
	<Message prefix="[XFORM 203-541]" severity="INFO" keynum="789" content="Flattening a loop nest &apos;VConvH&apos; (convolution.cpp:185:51) in function &apos;Loop_VConvH_proc&apos;." tag=""/>
	<Message prefix="[XFORM 203-541]" severity="INFO" keynum="789" content="Flattening a loop nest &apos;HConvH&apos; (convolution.cpp:168:51) in function &apos;Loop_HConvH_proc6&apos;." tag=""/>
	<Message prefix="[XFORM 203-541]" severity="INFO" keynum="789" content="Flattening a loop nest &apos;Border&apos; (convolution.cpp:204:46) in function &apos;Loop_Border_proc&apos;." tag=""/>
	<Message prefix="[XFORM 203-631]" severity="WARNING" keynum="902" content="Renaming function &apos;filter11x11_strm.entry7&apos; to &apos;filter11x11_strm.ent&apos; " tag=""/>
	<Message prefix="[XFORM 203-631]" severity="WARNING" keynum="902" content="Renaming function &apos;Block_._crit_edge.i146_proc&apos; to &apos;Block_._crit_edge.i1&apos; (convolution.cpp:156:43)" tag=""/>
	<Message prefix="[ANALYSIS 214-52]" severity="WARNING" keynum="3" content="Found false inter dependency for variable &apos;linebuf.1&apos;." tag=""/>
	<Message prefix="[ANALYSIS 214-52]" severity="WARNING" keynum="3" content="Found false inter dependency for variable &apos;linebuf.7&apos;." tag=""/>
	<Message prefix="[ANALYSIS 214-52]" severity="WARNING" keynum="3" content="Found false inter dependency for variable &apos;linebuf.6&apos;." tag=""/>
	<Message prefix="[ANALYSIS 214-52]" severity="WARNING" keynum="3" content="Found false inter dependency for variable &apos;linebuf.3&apos;." tag=""/>
	<Message prefix="[ANALYSIS 214-52]" severity="WARNING" keynum="3" content="Found false inter dependency for variable &apos;linebuf.2&apos;." tag=""/>
	<Message prefix="[ANALYSIS 214-52]" severity="WARNING" keynum="3" content="Found false inter dependency for variable &apos;linebuf.4&apos;." tag=""/>
	<Message prefix="[ANALYSIS 214-52]" severity="WARNING" keynum="3" content="Found false inter dependency for variable &apos;linebuf.0&apos;." tag=""/>
	<Message prefix="[ANALYSIS 214-52]" severity="WARNING" keynum="3" content="Found false inter dependency for variable &apos;linebuf.9&apos;." tag=""/>
	<Message prefix="[ANALYSIS 214-52]" severity="WARNING" keynum="3" content="Found false inter dependency for variable &apos;linebuf.8&apos;." tag=""/>
	<Message prefix="[ANALYSIS 214-52]" severity="WARNING" keynum="3" content="Found false inter dependency for variable &apos;linebuf.5&apos;." tag=""/>
	<Message prefix="[HLS 200-111]" severity="INFO" keynum="473" content="Finished Architecture Synthesis Time (s): cpu = 00:00:04 ; elapsed = 00:00:26 . Memory (MB): peak = 166.969 ; gain = 110.527" tag=""/>
	<Message prefix="[HLS 200-10]" severity="INFO" keynum="HLS_10_1317" content="Starting hardware synthesis ..." tag=""/>
	<Message prefix="[HLS 200-10]" severity="INFO" keynum="HLS_10_1385" content="Synthesizing &apos;filter11x11_strm&apos; ..." tag=""/>
	<Message prefix="[SYN 201-103]" severity="WARNING" keynum="534" content="Legalizing function name &apos;filter11x11_strm.ent&apos; to &apos;filter11x11_strm_ent&apos;." tag=""/>
	<Message prefix="[SYN 201-103]" severity="WARNING" keynum="534" content="Legalizing function name &apos;Block_._crit_edge.i1&apos; to &apos;Block_crit_edge_i1&apos;." tag=""/>
	<Message prefix="[HLS 200-10]" severity="INFO" keynum="HLS_10_1477" content="----------------------------------------------------------------" tag=""/>
	<Message prefix="[HLS 200-42]" severity="INFO" keynum="HLS_42_1438" content="-- Implementing module &apos;filter11x11_strm_ent&apos;" tag=""/>
	<Message prefix="[HLS 200-10]" severity="INFO" keynum="HLS_10_1478" content="----------------------------------------------------------------" tag=""/>
	<Message prefix="[SCHED 204-11]" severity="INFO" keynum="139" content="Starting scheduling ..." tag=""/>
	<Message prefix="[SCHED 204-11]" severity="INFO" keynum="138" content="Finished scheduling." tag=""/>
	<Message prefix="[HLS 200-111]" severity="INFO" keynum="474" content=" Elapsed time: 26.567 seconds; current allocated memory: 125.339 MB." tag=""/>
	<Message prefix="[BIND 205-100]" severity="INFO" keynum="439" content="Starting micro-architecture generation ..." tag=""/>
	<Message prefix="[BIND 205-101]" severity="INFO" keynum="211" content="Performing variable lifetime analysis." tag=""/>
	<Message prefix="[BIND 205-101]" severity="INFO" keynum="210" content="Exploring resource sharing." tag=""/>
	<Message prefix="[BIND 205-101]" severity="INFO" keynum="206" content="Binding ..." tag=""/>
	<Message prefix="[BIND 205-100]" severity="INFO" keynum="438" content="Finished micro-architecture generation." tag=""/>
	<Message prefix="[HLS 200-111]" severity="INFO" keynum="474" content=" Elapsed time: 0.219 seconds; current allocated memory: 125.426 MB." tag=""/>
	<Message prefix="[HLS 200-10]" severity="INFO" keynum="HLS_10_1477" content="----------------------------------------------------------------" tag=""/>
	<Message prefix="[HLS 200-42]" severity="INFO" keynum="HLS_42_1438" content="-- Implementing module &apos;Block_crit_edge_i1&apos;" tag=""/>
	<Message prefix="[HLS 200-10]" severity="INFO" keynum="HLS_10_1478" content="----------------------------------------------------------------" tag=""/>
	<Message prefix="[SCHED 204-11]" severity="INFO" keynum="139" content="Starting scheduling ..." tag=""/>
	<Message prefix="[SCHED 204-11]" severity="INFO" keynum="138" content="Finished scheduling." tag=""/>
	<Message prefix="[HLS 200-111]" severity="INFO" keynum="474" content=" Elapsed time: 0.416 seconds; current allocated memory: 125.462 MB." tag=""/>
	<Message prefix="[BIND 205-100]" severity="INFO" keynum="439" content="Starting micro-architecture generation ..." tag=""/>
	<Message prefix="[BIND 205-101]" severity="INFO" keynum="211" content="Performing variable lifetime analysis." tag=""/>
	<Message prefix="[BIND 205-101]" severity="INFO" keynum="210" content="Exploring resource sharing." tag=""/>
	<Message prefix="[BIND 205-101]" severity="INFO" keynum="206" content="Binding ..." tag=""/>
	<Message prefix="[BIND 205-100]" severity="INFO" keynum="438" content="Finished micro-architecture generation." tag=""/>
	<Message prefix="[HLS 200-111]" severity="INFO" keynum="474" content=" Elapsed time: 0.19 seconds; current allocated memory: 125.516 MB." tag=""/>
	<Message prefix="[HLS 200-10]" severity="INFO" keynum="HLS_10_1477" content="----------------------------------------------------------------" tag=""/>
	<Message prefix="[HLS 200-42]" severity="INFO" keynum="HLS_42_1438" content="-- Implementing module &apos;Loop_HConvH_proc6&apos;" tag=""/>
	<Message prefix="[HLS 200-10]" severity="INFO" keynum="HLS_10_1478" content="----------------------------------------------------------------" tag=""/>
	<Message prefix="[SCHED 204-11]" severity="INFO" keynum="139" content="Starting scheduling ..." tag=""/>
	<Message prefix="[SCHED 204-61]" severity="INFO" keynum="107" content="Pipelining loop &apos;HConvH_HConvW&apos;." tag=""/>
	<Message prefix="[SCHED 204-61]" severity="INFO" keynum="110" content="Pipelining result : Target II = 1, Final II = 1, Depth = 9." tag=""/>
	<Message prefix="[SCHED 204-11]" severity="INFO" keynum="138" content="Finished scheduling." tag=""/>
	<Message prefix="[HLS 200-111]" severity="INFO" keynum="474" content=" Elapsed time: 0.883 seconds; current allocated memory: 126.104 MB." tag=""/>
	<Message prefix="[BIND 205-100]" severity="INFO" keynum="439" content="Starting micro-architecture generation ..." tag=""/>
	<Message prefix="[BIND 205-101]" severity="INFO" keynum="211" content="Performing variable lifetime analysis." tag=""/>
	<Message prefix="[BIND 205-101]" severity="INFO" keynum="210" content="Exploring resource sharing." tag=""/>
	<Message prefix="[BIND 205-101]" severity="INFO" keynum="206" content="Binding ..." tag=""/>
	<Message prefix="[BIND 205-100]" severity="INFO" keynum="438" content="Finished micro-architecture generation." tag=""/>
	<Message prefix="[HLS 200-111]" severity="INFO" keynum="474" content=" Elapsed time: 0.354 seconds; current allocated memory: 126.477 MB." tag=""/>
	<Message prefix="[HLS 200-10]" severity="INFO" keynum="HLS_10_1477" content="----------------------------------------------------------------" tag=""/>
	<Message prefix="[HLS 200-42]" severity="INFO" keynum="HLS_42_1438" content="-- Implementing module &apos;Loop_VConvH_proc&apos;" tag=""/>
	<Message prefix="[HLS 200-10]" severity="INFO" keynum="HLS_10_1478" content="----------------------------------------------------------------" tag=""/>
	<Message prefix="[SCHED 204-11]" severity="INFO" keynum="139" content="Starting scheduling ..." tag=""/>
	<Message prefix="[SCHED 204-61]" severity="INFO" keynum="107" content="Pipelining loop &apos;VConvH_VConvW&apos;." tag=""/>
	<Message prefix="[SCHED 204-61]" severity="INFO" keynum="110" content="Pipelining result : Target II = 1, Final II = 1, Depth = 11." tag=""/>
	<Message prefix="[SCHED 204-11]" severity="INFO" keynum="138" content="Finished scheduling." tag=""/>
	<Message prefix="[HLS 200-111]" severity="INFO" keynum="474" content=" Elapsed time: 1.365 seconds; current allocated memory: 127.098 MB." tag=""/>
	<Message prefix="[BIND 205-100]" severity="INFO" keynum="439" content="Starting micro-architecture generation ..." tag=""/>
	<Message prefix="[BIND 205-101]" severity="INFO" keynum="211" content="Performing variable lifetime analysis." tag=""/>
	<Message prefix="[BIND 205-101]" severity="INFO" keynum="210" content="Exploring resource sharing." tag=""/>
	<Message prefix="[BIND 205-101]" severity="INFO" keynum="206" content="Binding ..." tag=""/>
	<Message prefix="[BIND 205-100]" severity="INFO" keynum="438" content="Finished micro-architecture generation." tag=""/>
	<Message prefix="[HLS 200-111]" severity="INFO" keynum="474" content=" Elapsed time: 0.535 seconds; current allocated memory: 127.542 MB." tag=""/>
	<Message prefix="[HLS 200-10]" severity="INFO" keynum="HLS_10_1477" content="----------------------------------------------------------------" tag=""/>
	<Message prefix="[HLS 200-42]" severity="INFO" keynum="HLS_42_1438" content="-- Implementing module &apos;Loop_Border_proc&apos;" tag=""/>
	<Message prefix="[HLS 200-10]" severity="INFO" keynum="HLS_10_1478" content="----------------------------------------------------------------" tag=""/>
	<Message prefix="[SCHED 204-11]" severity="INFO" keynum="139" content="Starting scheduling ..." tag=""/>
	<Message prefix="[SCHED 204-61]" severity="INFO" keynum="107" content="Pipelining loop &apos;Border_L&apos;." tag=""/>
	<Message prefix="[SCHED 204-61]" severity="INFO" keynum="110" content="Pipelining result : Target II = 1, Final II = 1, Depth = 6." tag=""/>
	<Message prefix="[SCHED 204-11]" severity="INFO" keynum="138" content="Finished scheduling." tag=""/>
	<Message prefix="[HLS 200-111]" severity="INFO" keynum="474" content=" Elapsed time: 0.915 seconds; current allocated memory: 127.896 MB." tag=""/>
	<Message prefix="[BIND 205-100]" severity="INFO" keynum="439" content="Starting micro-architecture generation ..." tag=""/>
	<Message prefix="[BIND 205-101]" severity="INFO" keynum="211" content="Performing variable lifetime analysis." tag=""/>
	<Message prefix="[BIND 205-101]" severity="INFO" keynum="210" content="Exploring resource sharing." tag=""/>
	<Message prefix="[BIND 205-101]" severity="INFO" keynum="206" content="Binding ..." tag=""/>
	<Message prefix="[BIND 205-100]" severity="INFO" keynum="438" content="Finished micro-architecture generation." tag=""/>
	<Message prefix="[HLS 200-111]" severity="INFO" keynum="474" content=" Elapsed time: 0.412 seconds; current allocated memory: 128.227 MB." tag=""/>
	<Message prefix="[HLS 200-10]" severity="INFO" keynum="HLS_10_1477" content="----------------------------------------------------------------" tag=""/>
	<Message prefix="[HLS 200-42]" severity="INFO" keynum="HLS_42_1438" content="-- Implementing module &apos;filter11x11_strm&apos;" tag=""/>
	<Message prefix="[HLS 200-10]" severity="INFO" keynum="HLS_10_1478" content="----------------------------------------------------------------" tag=""/>
	<Message prefix="[SCHED 204-11]" severity="INFO" keynum="139" content="Starting scheduling ..." tag=""/>
	<Message prefix="[SCHED 204-11]" severity="INFO" keynum="138" content="Finished scheduling." tag=""/>
	<Message prefix="[HLS 200-111]" severity="INFO" keynum="474" content=" Elapsed time: 0.38 seconds; current allocated memory: 128.381 MB." tag=""/>
	<Message prefix="[BIND 205-100]" severity="INFO" keynum="439" content="Starting micro-architecture generation ..." tag=""/>
	<Message prefix="[BIND 205-101]" severity="INFO" keynum="211" content="Performing variable lifetime analysis." tag=""/>
	<Message prefix="[BIND 205-101]" severity="INFO" keynum="210" content="Exploring resource sharing." tag=""/>
	<Message prefix="[BIND 205-101]" severity="INFO" keynum="206" content="Binding ..." tag=""/>
	<Message prefix="[BIND 205-100]" severity="INFO" keynum="438" content="Finished micro-architecture generation." tag=""/>
	<Message prefix="[HLS 200-111]" severity="INFO" keynum="474" content=" Elapsed time: 0.572 seconds; current allocated memory: 128.732 MB." tag=""/>
	<Message prefix="[HLS 200-10]" severity="INFO" keynum="HLS_10_1483" content="----------------------------------------------------------------" tag=""/>
	<Message prefix="[HLS 200-10]" severity="INFO" keynum="HLS_10_1484" content="-- Generating RTL for module &apos;filter11x11_strm_ent&apos;" tag=""/>
	<Message prefix="[HLS 200-10]" severity="INFO" keynum="HLS_10_1485" content="----------------------------------------------------------------" tag=""/>
	<Message prefix="[RTGEN 206-100]" severity="INFO" keynum="369" content="Finished creating RTL model for &apos;filter11x11_strm_ent&apos;." tag=""/>
	<Message prefix="[HLS 200-111]" severity="INFO" keynum="474" content=" Elapsed time: 0.533 seconds; current allocated memory: 128.953 MB." tag=""/>
	<Message prefix="[HLS 200-10]" severity="INFO" keynum="HLS_10_1483" content="----------------------------------------------------------------" tag=""/>
	<Message prefix="[HLS 200-10]" severity="INFO" keynum="HLS_10_1484" content="-- Generating RTL for module &apos;Block_crit_edge_i1&apos;" tag=""/>
	<Message prefix="[HLS 200-10]" severity="INFO" keynum="HLS_10_1485" content="----------------------------------------------------------------" tag=""/>
	<Message prefix="[RTGEN 206-100]" severity="INFO" keynum="369" content="Finished creating RTL model for &apos;Block_crit_edge_i1&apos;." tag=""/>
	<Message prefix="[HLS 200-111]" severity="INFO" keynum="474" content=" Elapsed time: 0.326 seconds; current allocated memory: 129.164 MB." tag=""/>
	<Message prefix="[HLS 200-10]" severity="INFO" keynum="HLS_10_1483" content="----------------------------------------------------------------" tag=""/>
	<Message prefix="[HLS 200-10]" severity="INFO" keynum="HLS_10_1484" content="-- Generating RTL for module &apos;Loop_HConvH_proc6&apos;" tag=""/>
	<Message prefix="[HLS 200-10]" severity="INFO" keynum="HLS_10_1485" content="----------------------------------------------------------------" tag=""/>
	<Message prefix="[SYN 201-210]" severity="INFO" keynum="402" content="Renamed object name &apos;filter11x11_strm_mul_32ns_32ns_64_3_1&apos; to &apos;filter11x11_strm_bkb&apos; due to the length limit 20" tag=""/>
	<Message prefix="[SYN 201-210]" severity="INFO" keynum="402" content="Renamed object name &apos;filter11x11_strm_mul_8ns_32s_32_3_1&apos; to &apos;filter11x11_strm_cud&apos; due to the length limit 20" tag=""/>
	<Message prefix="[SYN 201-210]" severity="INFO" keynum="402" content="Renamed object name &apos;filter11x11_strm_mul_10ns_32s_32_3_1&apos; to &apos;filter11x11_strm_dEe&apos; due to the length limit 20" tag=""/>
	<Message prefix="[SYN 201-210]" severity="INFO" keynum="402" content="Renamed object name &apos;filter11x11_strm_mul_11ns_32s_32_3_1&apos; to &apos;filter11x11_strm_eOg&apos; due to the length limit 20" tag=""/>
	<Message prefix="[RTGEN 206-100]" severity="INFO" keynum="368" content="Generating core module &apos;filter11x11_strm_bkb&apos;: 1 instance(s)." tag=""/>
	<Message prefix="[RTGEN 206-100]" severity="INFO" keynum="368" content="Generating core module &apos;filter11x11_strm_cud&apos;: 2 instance(s)." tag=""/>
	<Message prefix="[RTGEN 206-100]" severity="INFO" keynum="368" content="Generating core module &apos;filter11x11_strm_dEe&apos;: 4 instance(s)." tag=""/>
	<Message prefix="[RTGEN 206-100]" severity="INFO" keynum="368" content="Generating core module &apos;filter11x11_strm_eOg&apos;: 3 instance(s)." tag=""/>
	<Message prefix="[RTGEN 206-100]" severity="INFO" keynum="369" content="Finished creating RTL model for &apos;Loop_HConvH_proc6&apos;." tag=""/>
	<Message prefix="[HLS 200-111]" severity="INFO" keynum="474" content=" Elapsed time: 0.563 seconds; current allocated memory: 129.981 MB." tag=""/>
	<Message prefix="[HLS 200-10]" severity="INFO" keynum="HLS_10_1483" content="----------------------------------------------------------------" tag=""/>
	<Message prefix="[HLS 200-10]" severity="INFO" keynum="HLS_10_1484" content="-- Generating RTL for module &apos;Loop_VConvH_proc&apos;" tag=""/>
	<Message prefix="[HLS 200-10]" severity="INFO" keynum="HLS_10_1485" content="----------------------------------------------------------------" tag=""/>
	<Message prefix="[SYN 201-210]" severity="INFO" keynum="402" content="Renamed object name &apos;Loop_VConvH_proc_linebuf_0&apos; to &apos;Loop_VConvH_proc_fYi&apos; due to the length limit 20" tag=""/>
	<Message prefix="[SYN 201-210]" severity="INFO" keynum="402" content="Renamed object name &apos;Loop_VConvH_proc_linebuf_1&apos; to &apos;Loop_VConvH_proc_g8j&apos; due to the length limit 20" tag=""/>
	<Message prefix="[SYN 201-210]" severity="INFO" keynum="402" content="Renamed object name &apos;Loop_VConvH_proc_linebuf_2&apos; to &apos;Loop_VConvH_proc_hbi&apos; due to the length limit 20" tag=""/>
	<Message prefix="[SYN 201-210]" severity="INFO" keynum="402" content="Renamed object name &apos;Loop_VConvH_proc_linebuf_3&apos; to &apos;Loop_VConvH_proc_ibs&apos; due to the length limit 20" tag=""/>
	<Message prefix="[SYN 201-210]" severity="INFO" keynum="402" content="Renamed object name &apos;Loop_VConvH_proc_linebuf_4&apos; to &apos;Loop_VConvH_proc_jbC&apos; due to the length limit 20" tag=""/>
	<Message prefix="[SYN 201-210]" severity="INFO" keynum="402" content="Renamed object name &apos;Loop_VConvH_proc_linebuf_5&apos; to &apos;Loop_VConvH_proc_kbM&apos; due to the length limit 20" tag=""/>
	<Message prefix="[SYN 201-210]" severity="INFO" keynum="402" content="Renamed object name &apos;Loop_VConvH_proc_linebuf_6&apos; to &apos;Loop_VConvH_proc_lbW&apos; due to the length limit 20" tag=""/>
	<Message prefix="[SYN 201-210]" severity="INFO" keynum="402" content="Renamed object name &apos;Loop_VConvH_proc_linebuf_7&apos; to &apos;Loop_VConvH_proc_mb6&apos; due to the length limit 20" tag=""/>
	<Message prefix="[SYN 201-210]" severity="INFO" keynum="402" content="Renamed object name &apos;Loop_VConvH_proc_linebuf_8&apos; to &apos;Loop_VConvH_proc_ncg&apos; due to the length limit 20" tag=""/>
	<Message prefix="[SYN 201-210]" severity="INFO" keynum="402" content="Renamed object name &apos;Loop_VConvH_proc_linebuf_9&apos; to &apos;Loop_VConvH_proc_ocq&apos; due to the length limit 20" tag=""/>
	<Message prefix="[RTGEN 206-100]" severity="INFO" keynum="368" content="Generating core module &apos;filter11x11_strm_bkb&apos;: 1 instance(s)." tag=""/>
	<Message prefix="[RTGEN 206-100]" severity="INFO" keynum="368" content="Generating core module &apos;filter11x11_strm_cud&apos;: 2 instance(s)." tag=""/>
	<Message prefix="[RTGEN 206-100]" severity="INFO" keynum="368" content="Generating core module &apos;filter11x11_strm_dEe&apos;: 4 instance(s)." tag=""/>
	<Message prefix="[RTGEN 206-100]" severity="INFO" keynum="368" content="Generating core module &apos;filter11x11_strm_eOg&apos;: 3 instance(s)." tag=""/>
	<Message prefix="[RTGEN 206-100]" severity="INFO" keynum="369" content="Finished creating RTL model for &apos;Loop_VConvH_proc&apos;." tag=""/>
	<Message prefix="[HLS 200-111]" severity="INFO" keynum="474" content=" Elapsed time: 1.267 seconds; current allocated memory: 131.261 MB." tag=""/>
	<Message prefix="[HLS 200-10]" severity="INFO" keynum="HLS_10_1483" content="----------------------------------------------------------------" tag=""/>
	<Message prefix="[HLS 200-10]" severity="INFO" keynum="HLS_10_1484" content="-- Generating RTL for module &apos;Loop_Border_proc&apos;" tag=""/>
	<Message prefix="[HLS 200-10]" severity="INFO" keynum="HLS_10_1485" content="----------------------------------------------------------------" tag=""/>
	<Message prefix="[SYN 201-210]" severity="INFO" keynum="402" content="Renamed object name &apos;Loop_Border_proc_borderbuf&apos; to &apos;Loop_Border_proc_pcA&apos; due to the length limit 20" tag=""/>
	<Message prefix="[RTGEN 206-100]" severity="INFO" keynum="368" content="Generating core module &apos;filter11x11_strm_bkb&apos;: 1 instance(s)." tag=""/>
	<Message prefix="[RTGEN 206-100]" severity="INFO" keynum="369" content="Finished creating RTL model for &apos;Loop_Border_proc&apos;." tag=""/>
	<Message prefix="[HLS 200-111]" severity="INFO" keynum="474" content=" Elapsed time: 1.334 seconds; current allocated memory: 132.191 MB." tag=""/>
	<Message prefix="[HLS 200-10]" severity="INFO" keynum="HLS_10_1483" content="----------------------------------------------------------------" tag=""/>
	<Message prefix="[HLS 200-10]" severity="INFO" keynum="HLS_10_1484" content="-- Generating RTL for module &apos;filter11x11_strm&apos;" tag=""/>
	<Message prefix="[HLS 200-10]" severity="INFO" keynum="HLS_10_1485" content="----------------------------------------------------------------" tag=""/>
	<Message prefix="[RTGEN 206-500]" severity="INFO" keynum="73" content="Setting interface mode on port &apos;filter11x11_strm/width&apos; to &apos;ap_none&apos;." tag=""/>
	<Message prefix="[RTGEN 206-500]" severity="INFO" keynum="73" content="Setting interface mode on port &apos;filter11x11_strm/height&apos; to &apos;ap_none&apos;." tag=""/>
	<Message prefix="[RTGEN 206-500]" severity="INFO" keynum="73" content="Setting interface mode on port &apos;filter11x11_strm/src_V&apos; to &apos;axis&apos; (register, both mode)." tag=""/>
	<Message prefix="[RTGEN 206-500]" severity="INFO" keynum="73" content="Setting interface mode on port &apos;filter11x11_strm/dst_V&apos; to &apos;axis&apos; (register, both mode)." tag=""/>
	<Message prefix="[RTGEN 206-500]" severity="INFO" keynum="73" content="Setting interface mode on function &apos;filter11x11_strm&apos; to &apos;ap_ctrl_hs&apos;." tag=""/>
	<Message prefix="[SYN 201-210]" severity="INFO" keynum="402" content="Renamed object name &apos;start_for_Block_crit_edge_i1_U0&apos; to &apos;start_for_Block_cqcK&apos; due to the length limit 20" tag=""/>
	<Message prefix="[SYN 201-210]" severity="INFO" keynum="402" content="Renamed object name &apos;start_for_Loop_VConvH_proc_U0&apos; to &apos;start_for_Loop_VCrcU&apos; due to the length limit 20" tag=""/>
	<Message prefix="[SYN 201-210]" severity="INFO" keynum="402" content="Renamed object name &apos;start_for_Loop_Border_proc_U0&apos; to &apos;start_for_Loop_Bosc4&apos; due to the length limit 20" tag=""/>
	<Message prefix="[RTGEN 206-100]" severity="INFO" keynum="369" content="Finished creating RTL model for &apos;filter11x11_strm&apos;." tag=""/>
	<Message prefix="[HLS 200-111]" severity="INFO" keynum="474" content=" Elapsed time: 1.069 seconds; current allocated memory: 132.994 MB." tag=""/>
	<Message prefix="[RTMG 210-282]" severity="INFO" keynum="RTMG_282_1796" content="Generating pipelined core: &apos;filter11x11_strm_bkb_MulnS_0&apos;" tag=""/>
	<Message prefix="[RTMG 210-282]" severity="INFO" keynum="RTMG_282_1796" content="Generating pipelined core: &apos;filter11x11_strm_cud_MulnS_1&apos;" tag=""/>
	<Message prefix="[RTMG 210-282]" severity="INFO" keynum="RTMG_282_1796" content="Generating pipelined core: &apos;filter11x11_strm_dEe_MulnS_2&apos;" tag=""/>
	<Message prefix="[RTMG 210-282]" severity="INFO" keynum="RTMG_282_1796" content="Generating pipelined core: &apos;filter11x11_strm_eOg_MulnS_3&apos;" tag=""/>
	<Message prefix="[RTMG 210-278]" severity="INFO" keynum="RTMG_278_1792" content="Implementing memory &apos;Loop_VConvH_proc_fYi_ram (RAM)&apos; using block RAMs with power-on initialization." tag=""/>
	<Message prefix="[RTMG 210-278]" severity="INFO" keynum="RTMG_278_1790" content="Implementing memory &apos;Loop_Border_proc_pcA_ram (RAM)&apos; using block RAMs." tag=""/>
	<Message prefix="[RTMG 210-285]" severity="INFO" keynum="RTMG_285_1799" content="Implementing FIFO &apos;fifo_w32_d2_A&apos; using Shift Registers." tag=""/>
	<Message prefix="[RTMG 210-285]" severity="INFO" keynum="RTMG_285_1799" content="Implementing FIFO &apos;fifo_w32_d2_A&apos; using Shift Registers." tag=""/>
	<Message prefix="[RTMG 210-285]" severity="INFO" keynum="RTMG_285_1799" content="Implementing FIFO &apos;fifo_w32_d2_A&apos; using Shift Registers." tag=""/>
	<Message prefix="[RTMG 210-285]" severity="INFO" keynum="RTMG_285_1799" content="Implementing FIFO &apos;fifo_w32_d3_A&apos; using Shift Registers." tag=""/>
	<Message prefix="[RTMG 210-285]" severity="INFO" keynum="RTMG_285_1799" content="Implementing FIFO &apos;fifo_w32_d3_A&apos; using Shift Registers." tag=""/>
	<Message prefix="[RTMG 210-285]" severity="INFO" keynum="RTMG_285_1799" content="Implementing FIFO &apos;fifo_w32_d2_A&apos; using Shift Registers." tag=""/>
	<Message prefix="[RTMG 210-285]" severity="INFO" keynum="RTMG_285_1799" content="Implementing FIFO &apos;fifo_w32_d2_A&apos; using Shift Registers." tag=""/>
	<Message prefix="[RTMG 210-285]" severity="INFO" keynum="RTMG_285_1799" content="Implementing FIFO &apos;fifo_w32_d2_A&apos; using Shift Registers." tag=""/>
	<Message prefix="[RTMG 210-285]" severity="INFO" keynum="RTMG_285_1799" content="Implementing FIFO &apos;fifo_w32_d2_A&apos; using Shift Registers." tag=""/>
	<Message prefix="[RTMG 210-285]" severity="INFO" keynum="RTMG_285_1799" content="Implementing FIFO &apos;fifo_w32_d2_A&apos; using Shift Registers." tag=""/>
	<Message prefix="[RTMG 210-285]" severity="INFO" keynum="RTMG_285_1799" content="Implementing FIFO &apos;start_for_Block_cqcK&apos; using Shift Registers." tag=""/>
	<Message prefix="[RTMG 210-285]" severity="INFO" keynum="RTMG_285_1799" content="Implementing FIFO &apos;start_for_Loop_VCrcU&apos; using Shift Registers." tag=""/>
	<Message prefix="[RTMG 210-285]" severity="INFO" keynum="RTMG_285_1799" content="Implementing FIFO &apos;start_for_Loop_Bosc4&apos; using Shift Registers." tag=""/>
	<Message prefix="[HLS 200-111]" severity="INFO" keynum="473" content="Finished generating all RTL models Time (s): cpu = 00:00:11 ; elapsed = 00:00:46 . Memory (MB): peak = 188.789 ; gain = 132.348" tag=""/>
	<Message prefix="[SYSC 207-301]" severity="INFO" keynum="SYSC_301_1065" content="Generating SystemC RTL for filter11x11_strm." tag=""/>
	<Message prefix="[VHDL 208-304]" severity="INFO" keynum="VHDL_304_1066" content="Generating VHDL RTL for filter11x11_strm." tag=""/>
	<Message prefix="[VLOG 209-307]" severity="INFO" keynum="VLOG_307_1067" content="Generating Verilog RTL for filter11x11_strm." tag=""/>
	<Message prefix="[HLS 200-112]" severity="INFO" keynum="472" content="Total elapsed time: 45.796 seconds; peak allocated memory: 132.994 MB." tag=""/>
</Messages>
