<?xml version="1.0" encoding="utf-8"?>
<Messages>
	<Message prefix="[COSIM 212-47]" severity="INFO" keynum="COSIM_TCL_47_1115" content="Using XSIM for RTL simulation." tag=""/>
	<Message prefix="[COSIM 212-14]" severity="INFO" keynum="COSIM_TCL_14_1084" content="Instrumenting C test bench ..." tag=""/>
	<Message prefix="[COSIM 212-302]" severity="INFO" keynum="COSIM_TCL_302_1177" content="Starting C TB testing ... " tag=""/>
	<Message prefix="[COSIM 212-333]" severity="INFO" keynum="COSIM_TCL_333_1204" content="Generating C post check test bench ..." tag=""/>
	<Message prefix="[COSIM 212-12]" severity="INFO" keynum="COSIM_TCL_12_1082" content="Generating RTL test bench ..." tag=""/>
	<Message prefix="[COSIM 212-323]" severity="INFO" keynum="COSIM_TCL_323_1195" content="Starting verilog simulation. " tag=""/>
	<Message prefix="[COSIM 212-15]" severity="INFO" keynum="COSIM_TCL_15_1085" content="Starting XSIM ..." tag=""/>
	<Message prefix="[COSIM 212-316]" severity="INFO" keynum="COSIM_TCL_316_1188" content="Starting C post checking ..." tag=""/>
	<Message prefix="[COSIM 212-1000]" severity="INFO" keynum="COSIM_TCL_1000_1070" content="*** C/RTL co-simulation finished: PASS ***" tag=""/>
	<Message prefix="[COSIM 212-211]" severity="INFO" keynum="COSIM_TCL_211_1174" content="II is measurable only when transaction number is greater than 1 in RTL simulation. Otherwise, they will be marked as all NA. If user wants to calculate them, please make sure there are at least 2 transactions in RTL simulation." tag=""/>
</Messages>
