<stg><name>Block_._crit_edge.i1</name>


<trans_list>

<trans id="11" from="1" to="2">
<condition id="2">
<or_exp><and_exp></and_exp></or_exp>
</condition>
</trans>
</trans_list>



<state_list>

<state id="1" st_id="1">

<operation id="3" st_id="1" stage="1" lat="1">
<core>FIFO</core>
<MemPortIdVec></MemPortIdVec>
<condition id="0">
<or_exp><and_exp></and_exp></or_exp>
</condition>

<Node id="6" bw="32" op_0_bw="32" op_1_bw="32">
<![CDATA[
entry:2  %width_read = call i32 @_ssdm_op_Read.ap_fifo.i32P(i32* %width)

]]></Node>
<StgValue><ssdm name="width_read"/></StgValue>
</operation>
</state>

<state id="2" st_id="2">

<operation id="4" st_id="2" stage="1" lat="1">
<core>NULL</core>
<MemPortIdVec></MemPortIdVec>
<condition id="1">
<or_exp><and_exp></and_exp></or_exp>
</condition>

<Node id="4" bw="0" op_0_bw="0" op_1_bw="32" op_2_bw="0" op_3_bw="32" op_4_bw="32" op_5_bw="0" op_6_bw="32" op_7_bw="32" op_8_bw="0" op_9_bw="0" op_10_bw="0" op_11_bw="32" op_12_bw="32" op_13_bw="32" op_14_bw="32" op_15_bw="0" op_16_bw="0">
<![CDATA[
entry:0  call void (...)* @_ssdm_op_SpecInterface(i32* %vconv_xlim_out_out, [8 x i8]* @ap_fifo_str, i32 0, i32 0, [1 x i8]* @p_str, i32 0, i32 0, [1 x i8]* @p_str, [1 x i8]* @p_str, [1 x i8]* @p_str, i32 2, i32 2, i32 16, i32 16, [1 x i8]* @p_str, [1 x i8]* @p_str)

]]></Node>
<StgValue><ssdm name=""/></StgValue>
</operation>

<operation id="5" st_id="2" stage="1" lat="1">
<core>NULL</core>
<MemPortIdVec></MemPortIdVec>
<condition id="1">
<or_exp><and_exp></and_exp></or_exp>
</condition>

<Node id="5" bw="0" op_0_bw="0" op_1_bw="32" op_2_bw="0" op_3_bw="32" op_4_bw="32" op_5_bw="0" op_6_bw="32" op_7_bw="32" op_8_bw="0" op_9_bw="0" op_10_bw="0" op_11_bw="32" op_12_bw="32" op_13_bw="32" op_14_bw="32" op_15_bw="0" op_16_bw="0">
<![CDATA[
entry:1  call void (...)* @_ssdm_op_SpecInterface(i32* %width, [8 x i8]* @ap_fifo_str, i32 0, i32 0, [1 x i8]* @p_str, i32 0, i32 0, [1 x i8]* @p_str, [1 x i8]* @p_str, [1 x i8]* @p_str, i32 2, i32 2, i32 16, i32 16, [1 x i8]* @p_str, [1 x i8]* @p_str)

]]></Node>
<StgValue><ssdm name=""/></StgValue>
</operation>

<operation id="6" st_id="2" stage="1" lat="1">
<core>NULL</core>
<MemPortIdVec></MemPortIdVec>
<condition id="1">
<or_exp><and_exp></and_exp></or_exp>
</condition>

<Node id="7" bw="0" op_0_bw="0" op_1_bw="32" op_2_bw="0" op_3_bw="32" op_4_bw="32" op_5_bw="0" op_6_bw="32" op_7_bw="32" op_8_bw="0" op_9_bw="0" op_10_bw="0" op_11_bw="32" op_12_bw="32" op_13_bw="32" op_14_bw="32" op_15_bw="0" op_16_bw="0">
<![CDATA[
entry:3  call void (...)* @_ssdm_op_SpecInterface(i32* %width_out, [8 x i8]* @ap_fifo_str, i32 0, i32 0, [1 x i8]* @p_str, i32 0, i32 0, [1 x i8]* @p_str, [1 x i8]* @p_str, [1 x i8]* @p_str, i32 2, i32 2, i32 16, i32 16, [1 x i8]* @p_str, [1 x i8]* @p_str)

]]></Node>
<StgValue><ssdm name=""/></StgValue>
</operation>

<operation id="7" st_id="2" stage="1" lat="1">
<core>FIFO</core>
<MemPortIdVec></MemPortIdVec>
<condition id="1">
<or_exp><and_exp></and_exp></or_exp>
</condition>

<Node id="8" bw="0" op_0_bw="0" op_1_bw="32" op_2_bw="32">
<![CDATA[
entry:4  call void @_ssdm_op_Write.ap_fifo.i32P(i32* %width_out, i32 %width_read)

]]></Node>
<StgValue><ssdm name=""/></StgValue>
</operation>

<operation id="8" st_id="2" stage="1" lat="1">
<core>AddSub</core>
<MemPortIdVec></MemPortIdVec>
<condition id="1">
<or_exp><and_exp></and_exp></or_exp>
</condition>

<Node id="9" bw="32" op_0_bw="32" op_1_bw="32">
<![CDATA[
entry:5  %vconv_xlim = add nsw i32 %width_read, -10

]]></Node>
<StgValue><ssdm name="vconv_xlim"/></StgValue>
</operation>

<operation id="9" st_id="2" stage="1" lat="1">
<core>FIFO</core>
<MemPortIdVec></MemPortIdVec>
<condition id="1">
<or_exp><and_exp></and_exp></or_exp>
</condition>

<Node id="10" bw="0" op_0_bw="0" op_1_bw="32" op_2_bw="32">
<![CDATA[
entry:6  call void @_ssdm_op_Write.ap_fifo.i32P(i32* %vconv_xlim_out_out, i32 %vconv_xlim)

]]></Node>
<StgValue><ssdm name=""/></StgValue>
</operation>

<operation id="10" st_id="2" stage="1" lat="1">
<core>NULL</core>
<MemPortIdVec></MemPortIdVec>
<condition id="1">
<or_exp><and_exp></and_exp></or_exp>
</condition>

<Node id="11" bw="0">
<![CDATA[
entry:7  ret void

]]></Node>
<StgValue><ssdm name=""/></StgValue>
</operation>
</state>
</state_list>


<ports>
<port id="12" name="width" dir="0" iftype="3">
<core>FIFO</core><StgValue><ssdm name="width"/></StgValue>
</port>
<port id="13" name="width_out" dir="1" iftype="3">
<core>FIFO</core><StgValue><ssdm name="width_out"/></StgValue>
</port>
<port id="14" name="vconv_xlim_out_out" dir="1" iftype="3">
<core>FIFO</core><StgValue><ssdm name="vconv_xlim_out_out"/></StgValue>
</port>
</ports>


<dataflows>
<dataflow id="16" from="_ssdm_op_Read.ap_fifo.i32P" to="width_read" fromId="15" toId="3">
</dataflow>
<dataflow id="17" from="width" to="width_read" fromId="12" toId="3">
</dataflow>
<dataflow id="19" from="_ssdm_op_SpecInterface" to="StgValue_4" fromId="18" toId="4">
</dataflow>
<dataflow id="20" from="vconv_xlim_out_out" to="StgValue_4" fromId="14" toId="4">
</dataflow>
<dataflow id="22" from="ap_fifo_str" to="StgValue_4" fromId="21" toId="4">
</dataflow>
<dataflow id="24" from="StgValue_23" to="StgValue_4" fromId="23" toId="4">
</dataflow>
<dataflow id="25" from="StgValue_23" to="StgValue_4" fromId="23" toId="4">
</dataflow>
<dataflow id="27" from="p_str" to="StgValue_4" fromId="26" toId="4">
</dataflow>
<dataflow id="28" from="StgValue_23" to="StgValue_4" fromId="23" toId="4">
</dataflow>
<dataflow id="29" from="StgValue_23" to="StgValue_4" fromId="23" toId="4">
</dataflow>
<dataflow id="30" from="p_str" to="StgValue_4" fromId="26" toId="4">
</dataflow>
<dataflow id="31" from="p_str" to="StgValue_4" fromId="26" toId="4">
</dataflow>
<dataflow id="32" from="p_str" to="StgValue_4" fromId="26" toId="4">
</dataflow>
<dataflow id="34" from="StgValue_33" to="StgValue_4" fromId="33" toId="4">
</dataflow>
<dataflow id="35" from="StgValue_33" to="StgValue_4" fromId="33" toId="4">
</dataflow>
<dataflow id="37" from="StgValue_36" to="StgValue_4" fromId="36" toId="4">
</dataflow>
<dataflow id="38" from="StgValue_36" to="StgValue_4" fromId="36" toId="4">
</dataflow>
<dataflow id="39" from="p_str" to="StgValue_4" fromId="26" toId="4">
</dataflow>
<dataflow id="40" from="p_str" to="StgValue_4" fromId="26" toId="4">
</dataflow>
<dataflow id="41" from="_ssdm_op_SpecInterface" to="StgValue_5" fromId="18" toId="5">
</dataflow>
<dataflow id="42" from="width" to="StgValue_5" fromId="12" toId="5">
</dataflow>
<dataflow id="43" from="ap_fifo_str" to="StgValue_5" fromId="21" toId="5">
</dataflow>
<dataflow id="44" from="StgValue_23" to="StgValue_5" fromId="23" toId="5">
</dataflow>
<dataflow id="45" from="StgValue_23" to="StgValue_5" fromId="23" toId="5">
</dataflow>
<dataflow id="46" from="p_str" to="StgValue_5" fromId="26" toId="5">
</dataflow>
<dataflow id="47" from="StgValue_23" to="StgValue_5" fromId="23" toId="5">
</dataflow>
<dataflow id="48" from="StgValue_23" to="StgValue_5" fromId="23" toId="5">
</dataflow>
<dataflow id="49" from="p_str" to="StgValue_5" fromId="26" toId="5">
</dataflow>
<dataflow id="50" from="p_str" to="StgValue_5" fromId="26" toId="5">
</dataflow>
<dataflow id="51" from="p_str" to="StgValue_5" fromId="26" toId="5">
</dataflow>
<dataflow id="52" from="StgValue_33" to="StgValue_5" fromId="33" toId="5">
</dataflow>
<dataflow id="53" from="StgValue_33" to="StgValue_5" fromId="33" toId="5">
</dataflow>
<dataflow id="54" from="StgValue_36" to="StgValue_5" fromId="36" toId="5">
</dataflow>
<dataflow id="55" from="StgValue_36" to="StgValue_5" fromId="36" toId="5">
</dataflow>
<dataflow id="56" from="p_str" to="StgValue_5" fromId="26" toId="5">
</dataflow>
<dataflow id="57" from="p_str" to="StgValue_5" fromId="26" toId="5">
</dataflow>
<dataflow id="58" from="_ssdm_op_SpecInterface" to="StgValue_6" fromId="18" toId="6">
</dataflow>
<dataflow id="59" from="width_out" to="StgValue_6" fromId="13" toId="6">
</dataflow>
<dataflow id="60" from="ap_fifo_str" to="StgValue_6" fromId="21" toId="6">
</dataflow>
<dataflow id="61" from="StgValue_23" to="StgValue_6" fromId="23" toId="6">
</dataflow>
<dataflow id="62" from="StgValue_23" to="StgValue_6" fromId="23" toId="6">
</dataflow>
<dataflow id="63" from="p_str" to="StgValue_6" fromId="26" toId="6">
</dataflow>
<dataflow id="64" from="StgValue_23" to="StgValue_6" fromId="23" toId="6">
</dataflow>
<dataflow id="65" from="StgValue_23" to="StgValue_6" fromId="23" toId="6">
</dataflow>
<dataflow id="66" from="p_str" to="StgValue_6" fromId="26" toId="6">
</dataflow>
<dataflow id="67" from="p_str" to="StgValue_6" fromId="26" toId="6">
</dataflow>
<dataflow id="68" from="p_str" to="StgValue_6" fromId="26" toId="6">
</dataflow>
<dataflow id="69" from="StgValue_33" to="StgValue_6" fromId="33" toId="6">
</dataflow>
<dataflow id="70" from="StgValue_33" to="StgValue_6" fromId="33" toId="6">
</dataflow>
<dataflow id="71" from="StgValue_36" to="StgValue_6" fromId="36" toId="6">
</dataflow>
<dataflow id="72" from="StgValue_36" to="StgValue_6" fromId="36" toId="6">
</dataflow>
<dataflow id="73" from="p_str" to="StgValue_6" fromId="26" toId="6">
</dataflow>
<dataflow id="74" from="p_str" to="StgValue_6" fromId="26" toId="6">
</dataflow>
<dataflow id="76" from="_ssdm_op_Write.ap_fifo.i32P" to="StgValue_7" fromId="75" toId="7">
</dataflow>
<dataflow id="77" from="width_out" to="StgValue_7" fromId="13" toId="7">
</dataflow>
<dataflow id="78" from="width_read" to="StgValue_7" fromId="3" toId="7">
</dataflow>
<dataflow id="79" from="width_read" to="vconv_xlim" fromId="3" toId="8">
</dataflow>
<dataflow id="81" from="StgValue_80" to="vconv_xlim" fromId="80" toId="8">
</dataflow>
<dataflow id="82" from="_ssdm_op_Write.ap_fifo.i32P" to="StgValue_9" fromId="75" toId="9">
</dataflow>
<dataflow id="83" from="vconv_xlim_out_out" to="StgValue_9" fromId="14" toId="9">
</dataflow>
<dataflow id="84" from="vconv_xlim" to="StgValue_9" fromId="8" toId="9">
</dataflow>
</dataflows>


</stg>
