<profile>

<section name = "Vivado HLS Report for 'filter11x11_strm'" level="0">
<item name = "Date">Tue Aug 11 06:27:51 2020
</item>
<item name = "Version">2018.1 (Build 2188600 on Wed Apr 04 19:04:02 MDT 2018)</item>
<item name = "Project">proj_2D_convolution_with_linebuffer</item>
<item name = "Solution">solution1</item>
<item name = "Product family">zynq</item>
<item name = "Target device">xc7z020clg484-1</item>
</section>

<section name = "Performance Estimates" level="0">
<item name = "Timing (ns)">
<section name = "" level="1">
<item name = "Summary"><table name="" hasTotal="0">
<keys size="4">Clock, Target, Estimated, Uncertainty</keys>
<column name="ap_clk">6.66, 5.83, 0.83</column>
</table>
</item>
</section>
</item>
<item name = "Latency (clock cycles)">
<section name = "" level="1">
<item name = "Summary"><table name="" hasTotal="0">
<keys size="6">, min, max, min, max, Type</keys>
<column name="">17, 2070622, 7, 2070614, dataflow</column>
</table>
</item>
<item name = "Detail">
<section name = "" level="1">
<item name = "Instance"><table name="" hasTotal="0">
<keys size="7">Instance, Module, min, max, min, max, Type</keys>
<column name="grp_Loop_VConvH_proc_fu_148">Loop_VConvH_proc, 5, 2059825, 5, 2059825, none</column>
<column name="grp_Loop_HConvH_proc6_fu_178">Loop_HConvH_proc6, 6, 2070613, 6, 2070613, none</column>
<column name="grp_Loop_Border_proc_fu_187">Loop_Border_proc, 5, 2070610, 5, 2070610, none</column>
<column name="grp_Block_crit_edge_i1_fu_197">Block_crit_edge_i1, 1, 1, 1, 1, none</column>
<column name="StgValue_21_filter11x11_strm_ent_fu_204">filter11x11_strm_ent, 0, 0, 0, 0, none</column>
</table>
</item>
<item name = "Loop"><table name="" hasTotal="0">
<keys size="8">Loop Name, min, max, Latency, achieved, target, Count, Pipelined</keys>
</table>
</item>
</section>
</item>
</section>
</item>
</section>
</profile>
