<stg><name>filter11x11_strm</name>


<trans_list>

<trans id="59" from="1" to="2">
<condition id="0">
<or_exp><and_exp></and_exp></or_exp>
</condition>
</trans>

<trans id="60" from="2" to="3">
<condition id="1">
<or_exp><and_exp></and_exp></or_exp>
</condition>
</trans>

<trans id="61" from="3" to="4">
<condition id="2">
<or_exp><and_exp></and_exp></or_exp>
</condition>
</trans>

<trans id="62" from="4" to="5">
<condition id="3">
<or_exp><and_exp></and_exp></or_exp>
</condition>
</trans>

<trans id="63" from="5" to="6">
<condition id="4">
<or_exp><and_exp></and_exp></or_exp>
</condition>
</trans>

<trans id="64" from="6" to="7">
<condition id="5">
<or_exp><and_exp></and_exp></or_exp>
</condition>
</trans>

<trans id="65" from="7" to="8">
<condition id="6">
<or_exp><and_exp></and_exp></or_exp>
</condition>
</trans>
</trans_list>



<state_list>

<state id="1" st_id="1">

<operation id="9" st_id="1" stage="1" lat="1">
<core>NULL</core>
<MemPortIdVec></MemPortIdVec>
<condition id="-1">
<or_exp><and_exp></and_exp></or_exp>
</condition>

<Node id="15" bw="32" op_0_bw="32" op_1_bw="32">
<![CDATA[
._crit_edge.i:0  %height_read = call i32 @_ssdm_op_Read.ap_auto.i32(i32 %height)

]]></Node>
<StgValue><ssdm name="height_read"/></StgValue>
</operation>

<operation id="10" st_id="1" stage="1" lat="1">
<core>NULL</core>
<MemPortIdVec></MemPortIdVec>
<condition id="-1">
<or_exp><and_exp></and_exp></or_exp>
</condition>

<Node id="16" bw="32" op_0_bw="32" op_1_bw="32">
<![CDATA[
._crit_edge.i:1  %width_read = call i32 @_ssdm_op_Read.ap_auto.i32(i32 %width)

]]></Node>
<StgValue><ssdm name="width_read"/></StgValue>
</operation>

<operation id="11" st_id="1" stage="1" lat="1">
<core>FIFO</core>
<MemPortIdVec></MemPortIdVec>
<condition id="-1">
<or_exp><and_exp></and_exp></or_exp>
</condition>

<Node id="17" bw="32" op_0_bw="64">
<![CDATA[
._crit_edge.i:2  %vconv_xlim_loc_c163 = alloca i32, align 4

]]></Node>
<StgValue><ssdm name="vconv_xlim_loc_c163"/></StgValue>
</operation>

<operation id="12" st_id="1" stage="1" lat="1">
<core>FIFO</core>
<MemPortIdVec></MemPortIdVec>
<condition id="-1">
<or_exp><and_exp></and_exp></or_exp>
</condition>

<Node id="18" bw="32" op_0_bw="64">
<![CDATA[
._crit_edge.i:3  %height_c162 = alloca i32, align 4

]]></Node>
<StgValue><ssdm name="height_c162"/></StgValue>
</operation>

<operation id="13" st_id="1" stage="1" lat="1">
<core>FIFO</core>
<MemPortIdVec></MemPortIdVec>
<condition id="-1">
<or_exp><and_exp></and_exp></or_exp>
</condition>

<Node id="19" bw="32" op_0_bw="64">
<![CDATA[
._crit_edge.i:4  %vconv_xlim_loc_c = alloca i32, align 4

]]></Node>
<StgValue><ssdm name="vconv_xlim_loc_c"/></StgValue>
</operation>

<operation id="14" st_id="1" stage="1" lat="1">
<core>FIFO</core>
<MemPortIdVec></MemPortIdVec>
<condition id="-1">
<or_exp><and_exp></and_exp></or_exp>
</condition>

<Node id="20" bw="32" op_0_bw="64">
<![CDATA[
._crit_edge.i:5  %width_c161 = alloca i32, align 4

]]></Node>
<StgValue><ssdm name="width_c161"/></StgValue>
</operation>

<operation id="15" st_id="1" stage="1" lat="1">
<core>FIFO</core>
<MemPortIdVec></MemPortIdVec>
<condition id="-1">
<or_exp><and_exp></and_exp></or_exp>
</condition>

<Node id="21" bw="32" op_0_bw="64">
<![CDATA[
._crit_edge.i:6  %height_c160 = alloca i32, align 4

]]></Node>
<StgValue><ssdm name="height_c160"/></StgValue>
</operation>

<operation id="16" st_id="1" stage="1" lat="1">
<core>FIFO</core>
<MemPortIdVec></MemPortIdVec>
<condition id="-1">
<or_exp><and_exp></and_exp></or_exp>
</condition>

<Node id="22" bw="32" op_0_bw="64">
<![CDATA[
._crit_edge.i:7  %height_c = alloca i32, align 4

]]></Node>
<StgValue><ssdm name="height_c"/></StgValue>
</operation>

<operation id="17" st_id="1" stage="1" lat="1">
<core>FIFO</core>
<MemPortIdVec></MemPortIdVec>
<condition id="-1">
<or_exp><and_exp></and_exp></or_exp>
</condition>

<Node id="23" bw="32" op_0_bw="64">
<![CDATA[
._crit_edge.i:8  %width_c159 = alloca i32, align 4

]]></Node>
<StgValue><ssdm name="width_c159"/></StgValue>
</operation>

<operation id="18" st_id="1" stage="1" lat="1">
<core>FIFO</core>
<MemPortIdVec></MemPortIdVec>
<condition id="-1">
<or_exp><and_exp></and_exp></or_exp>
</condition>

<Node id="24" bw="32" op_0_bw="64">
<![CDATA[
._crit_edge.i:9  %width_c = alloca i32, align 4

]]></Node>
<StgValue><ssdm name="width_c"/></StgValue>
</operation>

<operation id="19" st_id="1" stage="1" lat="1">
<core>FIFO</core>
<MemPortIdVec></MemPortIdVec>
<condition id="-1">
<or_exp><and_exp></and_exp></or_exp>
</condition>

<Node id="30" bw="32" op_0_bw="64">
<![CDATA[
._crit_edge.i:15  %hconv_V = alloca i32, align 4

]]></Node>
<StgValue><ssdm name="hconv_V"/></StgValue>
</operation>

<operation id="20" st_id="1" stage="1" lat="1">
<core>FIFO</core>
<MemPortIdVec></MemPortIdVec>
<condition id="-1">
<or_exp><and_exp></and_exp></or_exp>
</condition>

<Node id="33" bw="32" op_0_bw="64">
<![CDATA[
._crit_edge.i:18  %vconv_V = alloca i32, align 4

]]></Node>
<StgValue><ssdm name="vconv_V"/></StgValue>
</operation>

<operation id="21" st_id="1" stage="1" lat="1">
<core></core>
<MemPortIdVec></MemPortIdVec>
<condition id="-1">
<or_exp><and_exp></and_exp></or_exp>
</condition>

<Node id="47" bw="0" op_0_bw="0" op_1_bw="32" op_2_bw="32" op_3_bw="32" op_4_bw="32" op_5_bw="32" op_6_bw="32">
<![CDATA[
._crit_edge.i:32  call fastcc void @filter11x11_strm.ent(i32 %width_read, i32 %height_read, i32* %width_c, i32* %width_c159, i32* %height_c, i32* %height_c160)

]]></Node>
<StgValue><ssdm name=""/></StgValue>
</operation>
</state>

<state id="2" st_id="2">

<operation id="22" st_id="2" stage="2" lat="2">
<core></core>
<MemPortIdVec></MemPortIdVec>
<condition id="-1">
<or_exp><and_exp></and_exp></or_exp>
</condition>

<Node id="52" bw="0" op_0_bw="0" op_1_bw="32" op_2_bw="32" op_3_bw="32">
<![CDATA[
._crit_edge.i:37  call fastcc void @Block_._crit_edge.i1(i32* nocapture %width_c, i32* %width_c161, i32* %vconv_xlim_loc_c)

]]></Node>
<StgValue><ssdm name=""/></StgValue>
</operation>

<operation id="23" st_id="2" stage="2" lat="2">
<core></core>
<MemPortIdVec></MemPortIdVec>
<condition id="-1">
<or_exp><and_exp></and_exp></or_exp>
</condition>

<Node id="53" bw="0" op_0_bw="0" op_1_bw="32" op_2_bw="32" op_3_bw="32" op_4_bw="32">
<![CDATA[
._crit_edge.i:38  call fastcc void @Loop_HConvH_proc6(i32* nocapture %height_c, i32* nocapture %width_c159, i32* %src_V, i32* %hconv_V)

]]></Node>
<StgValue><ssdm name=""/></StgValue>
</operation>
</state>

<state id="3" st_id="3">

<operation id="24" st_id="3" stage="1" lat="2">
<core></core>
<MemPortIdVec></MemPortIdVec>
<condition id="-1">
<or_exp><and_exp></and_exp></or_exp>
</condition>

<Node id="52" bw="0" op_0_bw="0" op_1_bw="32" op_2_bw="32" op_3_bw="32">
<![CDATA[
._crit_edge.i:37  call fastcc void @Block_._crit_edge.i1(i32* nocapture %width_c, i32* %width_c161, i32* %vconv_xlim_loc_c)

]]></Node>
<StgValue><ssdm name=""/></StgValue>
</operation>

<operation id="25" st_id="3" stage="1" lat="2">
<core></core>
<MemPortIdVec></MemPortIdVec>
<condition id="-1">
<or_exp><and_exp></and_exp></or_exp>
</condition>

<Node id="53" bw="0" op_0_bw="0" op_1_bw="32" op_2_bw="32" op_3_bw="32" op_4_bw="32">
<![CDATA[
._crit_edge.i:38  call fastcc void @Loop_HConvH_proc6(i32* nocapture %height_c, i32* nocapture %width_c159, i32* %src_V, i32* %hconv_V)

]]></Node>
<StgValue><ssdm name=""/></StgValue>
</operation>
</state>

<state id="4" st_id="4">

<operation id="26" st_id="4" stage="2" lat="2">
<core></core>
<MemPortIdVec></MemPortIdVec>
<condition id="-1">
<or_exp><and_exp></and_exp></or_exp>
</condition>

<Node id="58" bw="0" op_0_bw="0" op_1_bw="32" op_2_bw="32" op_3_bw="32" op_4_bw="32" op_5_bw="32" op_6_bw="32">
<![CDATA[
._crit_edge.i:43  call fastcc void @Loop_VConvH_proc(i32* nocapture %height_c160, i32* nocapture %vconv_xlim_loc_c, i32* %hconv_V, i32* %vconv_V, i32* %height_c162, i32* %vconv_xlim_loc_c163)

]]></Node>
<StgValue><ssdm name=""/></StgValue>
</operation>
</state>

<state id="5" st_id="5">

<operation id="27" st_id="5" stage="1" lat="2">
<core></core>
<MemPortIdVec></MemPortIdVec>
<condition id="-1">
<or_exp><and_exp></and_exp></or_exp>
</condition>

<Node id="58" bw="0" op_0_bw="0" op_1_bw="32" op_2_bw="32" op_3_bw="32" op_4_bw="32" op_5_bw="32" op_6_bw="32">
<![CDATA[
._crit_edge.i:43  call fastcc void @Loop_VConvH_proc(i32* nocapture %height_c160, i32* nocapture %vconv_xlim_loc_c, i32* %hconv_V, i32* %vconv_V, i32* %height_c162, i32* %vconv_xlim_loc_c163)

]]></Node>
<StgValue><ssdm name=""/></StgValue>
</operation>
</state>

<state id="6" st_id="6">

<operation id="28" st_id="6" stage="2" lat="2">
<core></core>
<MemPortIdVec></MemPortIdVec>
<condition id="-1">
<or_exp><and_exp></and_exp></or_exp>
</condition>

<Node id="59" bw="0" op_0_bw="0" op_1_bw="32" op_2_bw="32" op_3_bw="32" op_4_bw="32" op_5_bw="32">
<![CDATA[
._crit_edge.i:44  call fastcc void @Loop_Border_proc(i32* nocapture %width_c161, i32* nocapture %height_c162, i32* %dst_V, i32* nocapture %vconv_xlim_loc_c163, i32* %vconv_V)

]]></Node>
<StgValue><ssdm name=""/></StgValue>
</operation>
</state>

<state id="7" st_id="7">

<operation id="29" st_id="7" stage="1" lat="2">
<core></core>
<MemPortIdVec></MemPortIdVec>
<condition id="-1">
<or_exp><and_exp></and_exp></or_exp>
</condition>

<Node id="59" bw="0" op_0_bw="0" op_1_bw="32" op_2_bw="32" op_3_bw="32" op_4_bw="32" op_5_bw="32">
<![CDATA[
._crit_edge.i:44  call fastcc void @Loop_Border_proc(i32* nocapture %width_c161, i32* nocapture %height_c162, i32* %dst_V, i32* nocapture %vconv_xlim_loc_c163, i32* %vconv_V)

]]></Node>
<StgValue><ssdm name=""/></StgValue>
</operation>
</state>

<state id="8" st_id="8">

<operation id="30" st_id="8" stage="1" lat="1">
<core>NULL</core>
<MemPortIdVec></MemPortIdVec>
<condition id="-1">
<or_exp><and_exp></and_exp></or_exp>
</condition>

<Node id="25" bw="0" op_0_bw="0" op_1_bw="32" op_2_bw="0">
<![CDATA[
._crit_edge.i:10  call void (...)* @_ssdm_op_SpecDataflowPipeline(i32 -1, [1 x i8]* @p_str1) nounwind

]]></Node>
<StgValue><ssdm name=""/></StgValue>
</operation>

<operation id="31" st_id="8" stage="1" lat="1">
<core>NULL</core>
<MemPortIdVec></MemPortIdVec>
<condition id="-1">
<or_exp><and_exp></and_exp></or_exp>
</condition>

<Node id="26" bw="0" op_0_bw="0" op_1_bw="32">
<![CDATA[
._crit_edge.i:11  call void (...)* @_ssdm_op_SpecBitsMap(i32 %width), !map !40

]]></Node>
<StgValue><ssdm name=""/></StgValue>
</operation>

<operation id="32" st_id="8" stage="1" lat="1">
<core>NULL</core>
<MemPortIdVec></MemPortIdVec>
<condition id="-1">
<or_exp><and_exp></and_exp></or_exp>
</condition>

<Node id="27" bw="0" op_0_bw="0" op_1_bw="32">
<![CDATA[
._crit_edge.i:12  call void (...)* @_ssdm_op_SpecBitsMap(i32 %height), !map !46

]]></Node>
<StgValue><ssdm name=""/></StgValue>
</operation>

<operation id="33" st_id="8" stage="1" lat="1">
<core>NULL</core>
<MemPortIdVec></MemPortIdVec>
<condition id="-1">
<or_exp><and_exp></and_exp></or_exp>
</condition>

<Node id="28" bw="0" op_0_bw="0" op_1_bw="32">
<![CDATA[
._crit_edge.i:13  call void (...)* @_ssdm_op_SpecBitsMap(i32* %src_V), !map !50

]]></Node>
<StgValue><ssdm name=""/></StgValue>
</operation>

<operation id="34" st_id="8" stage="1" lat="1">
<core>NULL</core>
<MemPortIdVec></MemPortIdVec>
<condition id="-1">
<or_exp><and_exp></and_exp></or_exp>
</condition>

<Node id="29" bw="0" op_0_bw="0" op_1_bw="32">
<![CDATA[
._crit_edge.i:14  call void (...)* @_ssdm_op_SpecBitsMap(i32* %dst_V), !map !56

]]></Node>
<StgValue><ssdm name=""/></StgValue>
</operation>

<operation id="35" st_id="8" stage="1" lat="1">
<core>NULL</core>
<MemPortIdVec></MemPortIdVec>
<condition id="-1">
<or_exp><and_exp></and_exp></or_exp>
</condition>

<Node id="31" bw="32" op_0_bw="32" op_1_bw="0" op_2_bw="32" op_3_bw="0" op_4_bw="0" op_5_bw="32" op_6_bw="32" op_7_bw="32" op_8_bw="32">
<![CDATA[
._crit_edge.i:16  %empty = call i32 (...)* @_ssdm_op_SpecChannel([8 x i8]* @hconv_OC_V_str, i32 1, [1 x i8]* @p_str, [1 x i8]* @p_str, i32 2, i32 2, i32* %hconv_V, i32* %hconv_V)

]]></Node>
<StgValue><ssdm name="empty"/></StgValue>
</operation>

<operation id="36" st_id="8" stage="1" lat="1">
<core>NULL</core>
<MemPortIdVec></MemPortIdVec>
<condition id="-1">
<or_exp><and_exp></and_exp></or_exp>
</condition>

<Node id="32" bw="0" op_0_bw="0" op_1_bw="32" op_2_bw="0" op_3_bw="32" op_4_bw="32" op_5_bw="0" op_6_bw="32" op_7_bw="32" op_8_bw="0" op_9_bw="0" op_10_bw="0" op_11_bw="32" op_12_bw="32" op_13_bw="32" op_14_bw="32" op_15_bw="0" op_16_bw="0">
<![CDATA[
._crit_edge.i:17  call void (...)* @_ssdm_op_SpecInterface(i32* %hconv_V, [8 x i8]* @ap_fifo_str, i32 0, i32 0, [1 x i8]* @p_str, i32 0, i32 0, [1 x i8]* @p_str, [1 x i8]* @p_str, [1 x i8]* @p_str, i32 2, i32 2, i32 16, i32 16, [1 x i8]* @p_str, [1 x i8]* @p_str)

]]></Node>
<StgValue><ssdm name=""/></StgValue>
</operation>

<operation id="37" st_id="8" stage="1" lat="1">
<core>NULL</core>
<MemPortIdVec></MemPortIdVec>
<condition id="-1">
<or_exp><and_exp></and_exp></or_exp>
</condition>

<Node id="34" bw="32" op_0_bw="32" op_1_bw="0" op_2_bw="32" op_3_bw="0" op_4_bw="0" op_5_bw="32" op_6_bw="32" op_7_bw="32" op_8_bw="32">
<![CDATA[
._crit_edge.i:19  %empty_4 = call i32 (...)* @_ssdm_op_SpecChannel([8 x i8]* @vconv_OC_V_str, i32 1, [1 x i8]* @p_str, [1 x i8]* @p_str, i32 2, i32 2, i32* %vconv_V, i32* %vconv_V)

]]></Node>
<StgValue><ssdm name="empty_4"/></StgValue>
</operation>

<operation id="38" st_id="8" stage="1" lat="1">
<core>NULL</core>
<MemPortIdVec></MemPortIdVec>
<condition id="-1">
<or_exp><and_exp></and_exp></or_exp>
</condition>

<Node id="35" bw="0" op_0_bw="0" op_1_bw="32" op_2_bw="0" op_3_bw="32" op_4_bw="32" op_5_bw="0" op_6_bw="32" op_7_bw="32" op_8_bw="0" op_9_bw="0" op_10_bw="0" op_11_bw="32" op_12_bw="32" op_13_bw="32" op_14_bw="32" op_15_bw="0" op_16_bw="0">
<![CDATA[
._crit_edge.i:20  call void (...)* @_ssdm_op_SpecInterface(i32* %vconv_V, [8 x i8]* @ap_fifo_str, i32 0, i32 0, [1 x i8]* @p_str, i32 0, i32 0, [1 x i8]* @p_str, [1 x i8]* @p_str, [1 x i8]* @p_str, i32 2, i32 2, i32 16, i32 16, [1 x i8]* @p_str, [1 x i8]* @p_str)

]]></Node>
<StgValue><ssdm name=""/></StgValue>
</operation>

<operation id="39" st_id="8" stage="1" lat="1">
<core>NULL</core>
<MemPortIdVec></MemPortIdVec>
<condition id="-1">
<or_exp><and_exp></and_exp></or_exp>
</condition>

<Node id="36" bw="0" op_0_bw="0" op_1_bw="0">
<![CDATA[
._crit_edge.i:21  call void (...)* @_ssdm_op_SpecTopModule([17 x i8]* @filter11x11_strm_str) nounwind

]]></Node>
<StgValue><ssdm name=""/></StgValue>
</operation>

<operation id="40" st_id="8" stage="1" lat="1">
<core>NULL</core>
<MemPortIdVec></MemPortIdVec>
<condition id="-1">
<or_exp><and_exp></and_exp></or_exp>
</condition>

<Node id="37" bw="0" op_0_bw="0" op_1_bw="32" op_2_bw="0" op_3_bw="32" op_4_bw="32" op_5_bw="0" op_6_bw="32" op_7_bw="32" op_8_bw="0" op_9_bw="0" op_10_bw="0" op_11_bw="32" op_12_bw="32" op_13_bw="32" op_14_bw="32" op_15_bw="0" op_16_bw="0">
<![CDATA[
._crit_edge.i:22  call void (...)* @_ssdm_op_SpecInterface(i32* %src_V, [5 x i8]* @p_str5, i32 1, i32 1, [5 x i8]* @p_str6, i32 0, i32 0, [1 x i8]* @p_str1, [1 x i8]* @p_str1, [1 x i8]* @p_str1, i32 0, i32 0, i32 0, i32 0, [1 x i8]* @p_str1, [1 x i8]* @p_str1) nounwind

]]></Node>
<StgValue><ssdm name=""/></StgValue>
</operation>

<operation id="41" st_id="8" stage="1" lat="1">
<core>NULL</core>
<MemPortIdVec></MemPortIdVec>
<condition id="-1">
<or_exp><and_exp></and_exp></or_exp>
</condition>

<Node id="38" bw="0" op_0_bw="0" op_1_bw="32" op_2_bw="0" op_3_bw="32" op_4_bw="32" op_5_bw="0" op_6_bw="32" op_7_bw="32" op_8_bw="0" op_9_bw="0" op_10_bw="0" op_11_bw="32" op_12_bw="32" op_13_bw="32" op_14_bw="32" op_15_bw="0" op_16_bw="0">
<![CDATA[
._crit_edge.i:23  call void (...)* @_ssdm_op_SpecInterface(i32* %dst_V, [5 x i8]* @p_str5, i32 1, i32 1, [5 x i8]* @p_str6, i32 0, i32 0, [1 x i8]* @p_str1, [1 x i8]* @p_str1, [1 x i8]* @p_str1, i32 0, i32 0, i32 0, i32 0, [1 x i8]* @p_str1, [1 x i8]* @p_str1) nounwind

]]></Node>
<StgValue><ssdm name=""/></StgValue>
</operation>

<operation id="42" st_id="8" stage="1" lat="1">
<core>NULL</core>
<MemPortIdVec></MemPortIdVec>
<condition id="-1">
<or_exp><and_exp></and_exp></or_exp>
</condition>

<Node id="39" bw="32" op_0_bw="32" op_1_bw="0" op_2_bw="32" op_3_bw="0" op_4_bw="0" op_5_bw="32" op_6_bw="32" op_7_bw="32" op_8_bw="32">
<![CDATA[
._crit_edge.i:24  %empty_5 = call i32 (...)* @_ssdm_op_SpecChannel([8 x i8]* @width_c_str, i32 1, [1 x i8]* @p_str, [1 x i8]* @p_str, i32 2, i32 0, i32* %width_c, i32* %width_c)

]]></Node>
<StgValue><ssdm name="empty_5"/></StgValue>
</operation>

<operation id="43" st_id="8" stage="1" lat="1">
<core>NULL</core>
<MemPortIdVec></MemPortIdVec>
<condition id="-1">
<or_exp><and_exp></and_exp></or_exp>
</condition>

<Node id="40" bw="0" op_0_bw="0" op_1_bw="32" op_2_bw="0" op_3_bw="32" op_4_bw="32" op_5_bw="0" op_6_bw="32" op_7_bw="32" op_8_bw="0" op_9_bw="0" op_10_bw="0" op_11_bw="32" op_12_bw="32" op_13_bw="32" op_14_bw="32" op_15_bw="0" op_16_bw="0">
<![CDATA[
._crit_edge.i:25  call void (...)* @_ssdm_op_SpecInterface(i32* %width_c, [8 x i8]* @ap_fifo_str, i32 0, i32 0, [1 x i8]* @p_str, i32 0, i32 0, [1 x i8]* @p_str, [1 x i8]* @p_str, [1 x i8]* @p_str, i32 2, i32 2, i32 16, i32 16, [1 x i8]* @p_str, [1 x i8]* @p_str)

]]></Node>
<StgValue><ssdm name=""/></StgValue>
</operation>

<operation id="44" st_id="8" stage="1" lat="1">
<core>NULL</core>
<MemPortIdVec></MemPortIdVec>
<condition id="-1">
<or_exp><and_exp></and_exp></or_exp>
</condition>

<Node id="41" bw="32" op_0_bw="32" op_1_bw="0" op_2_bw="32" op_3_bw="0" op_4_bw="0" op_5_bw="32" op_6_bw="32" op_7_bw="32" op_8_bw="32">
<![CDATA[
._crit_edge.i:26  %empty_6 = call i32 (...)* @_ssdm_op_SpecChannel([11 x i8]* @width_c159_str, i32 1, [1 x i8]* @p_str, [1 x i8]* @p_str, i32 2, i32 0, i32* %width_c159, i32* %width_c159)

]]></Node>
<StgValue><ssdm name="empty_6"/></StgValue>
</operation>

<operation id="45" st_id="8" stage="1" lat="1">
<core>NULL</core>
<MemPortIdVec></MemPortIdVec>
<condition id="-1">
<or_exp><and_exp></and_exp></or_exp>
</condition>

<Node id="42" bw="0" op_0_bw="0" op_1_bw="32" op_2_bw="0" op_3_bw="32" op_4_bw="32" op_5_bw="0" op_6_bw="32" op_7_bw="32" op_8_bw="0" op_9_bw="0" op_10_bw="0" op_11_bw="32" op_12_bw="32" op_13_bw="32" op_14_bw="32" op_15_bw="0" op_16_bw="0">
<![CDATA[
._crit_edge.i:27  call void (...)* @_ssdm_op_SpecInterface(i32* %width_c159, [8 x i8]* @ap_fifo_str, i32 0, i32 0, [1 x i8]* @p_str, i32 0, i32 0, [1 x i8]* @p_str, [1 x i8]* @p_str, [1 x i8]* @p_str, i32 2, i32 2, i32 16, i32 16, [1 x i8]* @p_str, [1 x i8]* @p_str)

]]></Node>
<StgValue><ssdm name=""/></StgValue>
</operation>

<operation id="46" st_id="8" stage="1" lat="1">
<core>NULL</core>
<MemPortIdVec></MemPortIdVec>
<condition id="-1">
<or_exp><and_exp></and_exp></or_exp>
</condition>

<Node id="43" bw="32" op_0_bw="32" op_1_bw="0" op_2_bw="32" op_3_bw="0" op_4_bw="0" op_5_bw="32" op_6_bw="32" op_7_bw="32" op_8_bw="32">
<![CDATA[
._crit_edge.i:28  %empty_7 = call i32 (...)* @_ssdm_op_SpecChannel([9 x i8]* @height_c_str, i32 1, [1 x i8]* @p_str, [1 x i8]* @p_str, i32 2, i32 0, i32* %height_c, i32* %height_c)

]]></Node>
<StgValue><ssdm name="empty_7"/></StgValue>
</operation>

<operation id="47" st_id="8" stage="1" lat="1">
<core>NULL</core>
<MemPortIdVec></MemPortIdVec>
<condition id="-1">
<or_exp><and_exp></and_exp></or_exp>
</condition>

<Node id="44" bw="0" op_0_bw="0" op_1_bw="32" op_2_bw="0" op_3_bw="32" op_4_bw="32" op_5_bw="0" op_6_bw="32" op_7_bw="32" op_8_bw="0" op_9_bw="0" op_10_bw="0" op_11_bw="32" op_12_bw="32" op_13_bw="32" op_14_bw="32" op_15_bw="0" op_16_bw="0">
<![CDATA[
._crit_edge.i:29  call void (...)* @_ssdm_op_SpecInterface(i32* %height_c, [8 x i8]* @ap_fifo_str, i32 0, i32 0, [1 x i8]* @p_str, i32 0, i32 0, [1 x i8]* @p_str, [1 x i8]* @p_str, [1 x i8]* @p_str, i32 2, i32 2, i32 16, i32 16, [1 x i8]* @p_str, [1 x i8]* @p_str)

]]></Node>
<StgValue><ssdm name=""/></StgValue>
</operation>

<operation id="48" st_id="8" stage="1" lat="1">
<core>NULL</core>
<MemPortIdVec></MemPortIdVec>
<condition id="-1">
<or_exp><and_exp></and_exp></or_exp>
</condition>

<Node id="45" bw="32" op_0_bw="32" op_1_bw="0" op_2_bw="32" op_3_bw="0" op_4_bw="0" op_5_bw="32" op_6_bw="32" op_7_bw="32" op_8_bw="32">
<![CDATA[
._crit_edge.i:30  %empty_8 = call i32 (...)* @_ssdm_op_SpecChannel([12 x i8]* @height_c160_str, i32 1, [1 x i8]* @p_str, [1 x i8]* @p_str, i32 3, i32 0, i32* %height_c160, i32* %height_c160)

]]></Node>
<StgValue><ssdm name="empty_8"/></StgValue>
</operation>

<operation id="49" st_id="8" stage="1" lat="1">
<core>NULL</core>
<MemPortIdVec></MemPortIdVec>
<condition id="-1">
<or_exp><and_exp></and_exp></or_exp>
</condition>

<Node id="46" bw="0" op_0_bw="0" op_1_bw="32" op_2_bw="0" op_3_bw="32" op_4_bw="32" op_5_bw="0" op_6_bw="32" op_7_bw="32" op_8_bw="0" op_9_bw="0" op_10_bw="0" op_11_bw="32" op_12_bw="32" op_13_bw="32" op_14_bw="32" op_15_bw="0" op_16_bw="0">
<![CDATA[
._crit_edge.i:31  call void (...)* @_ssdm_op_SpecInterface(i32* %height_c160, [8 x i8]* @ap_fifo_str, i32 0, i32 0, [1 x i8]* @p_str, i32 0, i32 0, [1 x i8]* @p_str, [1 x i8]* @p_str, [1 x i8]* @p_str, i32 2, i32 2, i32 16, i32 16, [1 x i8]* @p_str, [1 x i8]* @p_str)

]]></Node>
<StgValue><ssdm name=""/></StgValue>
</operation>

<operation id="50" st_id="8" stage="1" lat="1">
<core>NULL</core>
<MemPortIdVec></MemPortIdVec>
<condition id="-1">
<or_exp><and_exp></and_exp></or_exp>
</condition>

<Node id="48" bw="32" op_0_bw="32" op_1_bw="0" op_2_bw="32" op_3_bw="0" op_4_bw="0" op_5_bw="32" op_6_bw="32" op_7_bw="32" op_8_bw="32">
<![CDATA[
._crit_edge.i:33  %empty_9 = call i32 (...)* @_ssdm_op_SpecChannel([11 x i8]* @width_c161_str, i32 1, [1 x i8]* @p_str, [1 x i8]* @p_str, i32 3, i32 0, i32* %width_c161, i32* %width_c161)

]]></Node>
<StgValue><ssdm name="empty_9"/></StgValue>
</operation>

<operation id="51" st_id="8" stage="1" lat="1">
<core>NULL</core>
<MemPortIdVec></MemPortIdVec>
<condition id="-1">
<or_exp><and_exp></and_exp></or_exp>
</condition>

<Node id="49" bw="0" op_0_bw="0" op_1_bw="32" op_2_bw="0" op_3_bw="32" op_4_bw="32" op_5_bw="0" op_6_bw="32" op_7_bw="32" op_8_bw="0" op_9_bw="0" op_10_bw="0" op_11_bw="32" op_12_bw="32" op_13_bw="32" op_14_bw="32" op_15_bw="0" op_16_bw="0">
<![CDATA[
._crit_edge.i:34  call void (...)* @_ssdm_op_SpecInterface(i32* %width_c161, [8 x i8]* @ap_fifo_str, i32 0, i32 0, [1 x i8]* @p_str, i32 0, i32 0, [1 x i8]* @p_str, [1 x i8]* @p_str, [1 x i8]* @p_str, i32 2, i32 2, i32 16, i32 16, [1 x i8]* @p_str, [1 x i8]* @p_str)

]]></Node>
<StgValue><ssdm name=""/></StgValue>
</operation>

<operation id="52" st_id="8" stage="1" lat="1">
<core>NULL</core>
<MemPortIdVec></MemPortIdVec>
<condition id="-1">
<or_exp><and_exp></and_exp></or_exp>
</condition>

<Node id="50" bw="32" op_0_bw="32" op_1_bw="0" op_2_bw="32" op_3_bw="0" op_4_bw="0" op_5_bw="32" op_6_bw="32" op_7_bw="32" op_8_bw="32">
<![CDATA[
._crit_edge.i:35  %empty_10 = call i32 (...)* @_ssdm_op_SpecChannel([17 x i8]* @vconv_xlim_OC_loc_c_s, i32 1, [1 x i8]* @p_str, [1 x i8]* @p_str, i32 2, i32 0, i32* %vconv_xlim_loc_c, i32* %vconv_xlim_loc_c)

]]></Node>
<StgValue><ssdm name="empty_10"/></StgValue>
</operation>

<operation id="53" st_id="8" stage="1" lat="1">
<core>NULL</core>
<MemPortIdVec></MemPortIdVec>
<condition id="-1">
<or_exp><and_exp></and_exp></or_exp>
</condition>

<Node id="51" bw="0" op_0_bw="0" op_1_bw="32" op_2_bw="0" op_3_bw="32" op_4_bw="32" op_5_bw="0" op_6_bw="32" op_7_bw="32" op_8_bw="0" op_9_bw="0" op_10_bw="0" op_11_bw="32" op_12_bw="32" op_13_bw="32" op_14_bw="32" op_15_bw="0" op_16_bw="0">
<![CDATA[
._crit_edge.i:36  call void (...)* @_ssdm_op_SpecInterface(i32* %vconv_xlim_loc_c, [8 x i8]* @ap_fifo_str, i32 0, i32 0, [1 x i8]* @p_str, i32 0, i32 0, [1 x i8]* @p_str, [1 x i8]* @p_str, [1 x i8]* @p_str, i32 2, i32 2, i32 16, i32 16, [1 x i8]* @p_str, [1 x i8]* @p_str)

]]></Node>
<StgValue><ssdm name=""/></StgValue>
</operation>

<operation id="54" st_id="8" stage="1" lat="1">
<core>NULL</core>
<MemPortIdVec></MemPortIdVec>
<condition id="-1">
<or_exp><and_exp></and_exp></or_exp>
</condition>

<Node id="54" bw="32" op_0_bw="32" op_1_bw="0" op_2_bw="32" op_3_bw="0" op_4_bw="0" op_5_bw="32" op_6_bw="32" op_7_bw="32" op_8_bw="32">
<![CDATA[
._crit_edge.i:39  %empty_11 = call i32 (...)* @_ssdm_op_SpecChannel([12 x i8]* @height_c162_str, i32 1, [1 x i8]* @p_str, [1 x i8]* @p_str, i32 2, i32 0, i32* %height_c162, i32* %height_c162)

]]></Node>
<StgValue><ssdm name="empty_11"/></StgValue>
</operation>

<operation id="55" st_id="8" stage="1" lat="1">
<core>NULL</core>
<MemPortIdVec></MemPortIdVec>
<condition id="-1">
<or_exp><and_exp></and_exp></or_exp>
</condition>

<Node id="55" bw="0" op_0_bw="0" op_1_bw="32" op_2_bw="0" op_3_bw="32" op_4_bw="32" op_5_bw="0" op_6_bw="32" op_7_bw="32" op_8_bw="0" op_9_bw="0" op_10_bw="0" op_11_bw="32" op_12_bw="32" op_13_bw="32" op_14_bw="32" op_15_bw="0" op_16_bw="0">
<![CDATA[
._crit_edge.i:40  call void (...)* @_ssdm_op_SpecInterface(i32* %height_c162, [8 x i8]* @ap_fifo_str, i32 0, i32 0, [1 x i8]* @p_str, i32 0, i32 0, [1 x i8]* @p_str, [1 x i8]* @p_str, [1 x i8]* @p_str, i32 2, i32 2, i32 16, i32 16, [1 x i8]* @p_str, [1 x i8]* @p_str)

]]></Node>
<StgValue><ssdm name=""/></StgValue>
</operation>

<operation id="56" st_id="8" stage="1" lat="1">
<core>NULL</core>
<MemPortIdVec></MemPortIdVec>
<condition id="-1">
<or_exp><and_exp></and_exp></or_exp>
</condition>

<Node id="56" bw="32" op_0_bw="32" op_1_bw="0" op_2_bw="32" op_3_bw="0" op_4_bw="0" op_5_bw="32" op_6_bw="32" op_7_bw="32" op_8_bw="32">
<![CDATA[
._crit_edge.i:41  %empty_12 = call i32 (...)* @_ssdm_op_SpecChannel([20 x i8]* @vconv_xlim_OC_loc_c1, i32 1, [1 x i8]* @p_str, [1 x i8]* @p_str, i32 2, i32 0, i32* %vconv_xlim_loc_c163, i32* %vconv_xlim_loc_c163)

]]></Node>
<StgValue><ssdm name="empty_12"/></StgValue>
</operation>

<operation id="57" st_id="8" stage="1" lat="1">
<core>NULL</core>
<MemPortIdVec></MemPortIdVec>
<condition id="-1">
<or_exp><and_exp></and_exp></or_exp>
</condition>

<Node id="57" bw="0" op_0_bw="0" op_1_bw="32" op_2_bw="0" op_3_bw="32" op_4_bw="32" op_5_bw="0" op_6_bw="32" op_7_bw="32" op_8_bw="0" op_9_bw="0" op_10_bw="0" op_11_bw="32" op_12_bw="32" op_13_bw="32" op_14_bw="32" op_15_bw="0" op_16_bw="0">
<![CDATA[
._crit_edge.i:42  call void (...)* @_ssdm_op_SpecInterface(i32* %vconv_xlim_loc_c163, [8 x i8]* @ap_fifo_str, i32 0, i32 0, [1 x i8]* @p_str, i32 0, i32 0, [1 x i8]* @p_str, [1 x i8]* @p_str, [1 x i8]* @p_str, i32 2, i32 2, i32 16, i32 16, [1 x i8]* @p_str, [1 x i8]* @p_str)

]]></Node>
<StgValue><ssdm name=""/></StgValue>
</operation>

<operation id="58" st_id="8" stage="1" lat="1">
<core>NULL</core>
<MemPortIdVec></MemPortIdVec>
<condition id="-1">
<or_exp><and_exp></and_exp></or_exp>
</condition>

<Node id="60" bw="0">
<![CDATA[
._crit_edge.i:45  ret void

]]></Node>
<StgValue><ssdm name=""/></StgValue>
</operation>
</state>
</state_list>


<ports>
<port id="67" name="width" dir="0" iftype="0">
<core>NULL</core><StgValue><ssdm name="width"/></StgValue>
</port>
<port id="68" name="height" dir="0" iftype="0">
<core>NULL</core><StgValue><ssdm name="height"/></StgValue>
</port>
<port id="69" name="src_V" dir="0" iftype="0">
<core>NULL</core><StgValue><ssdm name="src_V"/></StgValue>
</port>
<port id="70" name="dst_V" dir="1" iftype="0">
<core>NULL</core><StgValue><ssdm name="dst_V"/></StgValue>
</port>
<port id="71" name="linebuf_0" dir="2" iftype="1">
<core>RAM</core><StgValue><ssdm name="linebuf_0"/><MemPortTyVec>1 0 </MemPortTyVec>
</StgValue>
</port>
<port id="72" name="linebuf_1" dir="2" iftype="1">
<core>RAM</core><StgValue><ssdm name="linebuf_1"/><MemPortTyVec>1 0 </MemPortTyVec>
</StgValue>
</port>
<port id="73" name="linebuf_2" dir="2" iftype="1">
<core>RAM</core><StgValue><ssdm name="linebuf_2"/><MemPortTyVec>1 0 </MemPortTyVec>
</StgValue>
</port>
<port id="74" name="linebuf_3" dir="2" iftype="1">
<core>RAM</core><StgValue><ssdm name="linebuf_3"/><MemPortTyVec>1 0 </MemPortTyVec>
</StgValue>
</port>
<port id="75" name="linebuf_4" dir="2" iftype="1">
<core>RAM</core><StgValue><ssdm name="linebuf_4"/><MemPortTyVec>1 0 </MemPortTyVec>
</StgValue>
</port>
<port id="76" name="linebuf_5" dir="2" iftype="1">
<core>RAM</core><StgValue><ssdm name="linebuf_5"/><MemPortTyVec>1 0 </MemPortTyVec>
</StgValue>
</port>
<port id="77" name="linebuf_6" dir="2" iftype="1">
<core>RAM</core><StgValue><ssdm name="linebuf_6"/><MemPortTyVec>1 0 </MemPortTyVec>
</StgValue>
</port>
<port id="78" name="linebuf_7" dir="2" iftype="1">
<core>RAM</core><StgValue><ssdm name="linebuf_7"/><MemPortTyVec>1 0 </MemPortTyVec>
</StgValue>
</port>
<port id="79" name="linebuf_8" dir="2" iftype="1">
<core>RAM</core><StgValue><ssdm name="linebuf_8"/><MemPortTyVec>1 0 </MemPortTyVec>
</StgValue>
</port>
<port id="80" name="linebuf_9" dir="2" iftype="1">
<core>RAM</core><StgValue><ssdm name="linebuf_9"/><MemPortTyVec>1 0 </MemPortTyVec>
</StgValue>
</port>
</ports>


<dataflows>
<dataflow id="82" from="_ssdm_op_Read.ap_auto.i32" to="height_read" fromId="81" toId="9">
</dataflow>
<dataflow id="83" from="height" to="height_read" fromId="68" toId="9">
</dataflow>
<dataflow id="84" from="_ssdm_op_Read.ap_auto.i32" to="width_read" fromId="81" toId="10">
</dataflow>
<dataflow id="85" from="width" to="width_read" fromId="67" toId="10">
</dataflow>
<dataflow id="87" from="StgValue_86" to="vconv_xlim_loc_c163" fromId="86" toId="11">
</dataflow>
<dataflow id="88" from="StgValue_86" to="height_c162" fromId="86" toId="12">
</dataflow>
<dataflow id="89" from="StgValue_86" to="vconv_xlim_loc_c" fromId="86" toId="13">
</dataflow>
<dataflow id="90" from="StgValue_86" to="width_c161" fromId="86" toId="14">
</dataflow>
<dataflow id="91" from="StgValue_86" to="height_c160" fromId="86" toId="15">
</dataflow>
<dataflow id="92" from="StgValue_86" to="height_c" fromId="86" toId="16">
</dataflow>
<dataflow id="93" from="StgValue_86" to="width_c159" fromId="86" toId="17">
</dataflow>
<dataflow id="94" from="StgValue_86" to="width_c" fromId="86" toId="18">
</dataflow>
<dataflow id="95" from="StgValue_86" to="hconv_V" fromId="86" toId="19">
</dataflow>
<dataflow id="96" from="StgValue_86" to="vconv_V" fromId="86" toId="20">
</dataflow>
<dataflow id="98" from="filter11x11_strm.ent" to="StgValue_21" fromId="97" toId="21">
</dataflow>
<dataflow id="99" from="width_read" to="StgValue_21" fromId="10" toId="21">
</dataflow>
<dataflow id="100" from="height_read" to="StgValue_21" fromId="9" toId="21">
</dataflow>
<dataflow id="101" from="width_c" to="StgValue_21" fromId="18" toId="21">
</dataflow>
<dataflow id="102" from="width_c159" to="StgValue_21" fromId="17" toId="21">
</dataflow>
<dataflow id="103" from="height_c" to="StgValue_21" fromId="16" toId="21">
</dataflow>
<dataflow id="104" from="height_c160" to="StgValue_21" fromId="15" toId="21">
</dataflow>
<dataflow id="106" from="Block_._crit_edge.i1" to="StgValue_22" fromId="105" toId="22">
</dataflow>
<dataflow id="107" from="width_c" to="StgValue_22" fromId="18" toId="22">
</dataflow>
<dataflow id="108" from="width_c161" to="StgValue_22" fromId="14" toId="22">
</dataflow>
<dataflow id="109" from="vconv_xlim_loc_c" to="StgValue_22" fromId="13" toId="22">
</dataflow>
<dataflow id="111" from="Loop_HConvH_proc6" to="StgValue_23" fromId="110" toId="23">
</dataflow>
<dataflow id="112" from="height_c" to="StgValue_23" fromId="16" toId="23">
</dataflow>
<dataflow id="113" from="width_c159" to="StgValue_23" fromId="17" toId="23">
</dataflow>
<dataflow id="114" from="src_V" to="StgValue_23" fromId="69" toId="23">
</dataflow>
<dataflow id="115" from="hconv_V" to="StgValue_23" fromId="19" toId="23">
</dataflow>
<dataflow id="116" from="Block_._crit_edge.i1" to="StgValue_24" fromId="105" toId="24">
</dataflow>
<dataflow id="117" from="width_c" to="StgValue_24" fromId="18" toId="24">
</dataflow>
<dataflow id="118" from="width_c161" to="StgValue_24" fromId="14" toId="24">
</dataflow>
<dataflow id="119" from="vconv_xlim_loc_c" to="StgValue_24" fromId="13" toId="24">
</dataflow>
<dataflow id="120" from="Loop_HConvH_proc6" to="StgValue_25" fromId="110" toId="25">
</dataflow>
<dataflow id="121" from="height_c" to="StgValue_25" fromId="16" toId="25">
</dataflow>
<dataflow id="122" from="width_c159" to="StgValue_25" fromId="17" toId="25">
</dataflow>
<dataflow id="123" from="src_V" to="StgValue_25" fromId="69" toId="25">
</dataflow>
<dataflow id="124" from="hconv_V" to="StgValue_25" fromId="19" toId="25">
</dataflow>
<dataflow id="126" from="Loop_VConvH_proc" to="StgValue_26" fromId="125" toId="26">
</dataflow>
<dataflow id="127" from="height_c160" to="StgValue_26" fromId="15" toId="26">
</dataflow>
<dataflow id="128" from="vconv_xlim_loc_c" to="StgValue_26" fromId="13" toId="26">
</dataflow>
<dataflow id="129" from="hconv_V" to="StgValue_26" fromId="19" toId="26">
</dataflow>
<dataflow id="130" from="vconv_V" to="StgValue_26" fromId="20" toId="26">
</dataflow>
<dataflow id="131" from="height_c162" to="StgValue_26" fromId="12" toId="26">
</dataflow>
<dataflow id="132" from="vconv_xlim_loc_c163" to="StgValue_26" fromId="11" toId="26">
</dataflow>
<dataflow id="133" from="linebuf_0" to="StgValue_26" fromId="71" toId="26">
</dataflow>
<dataflow id="134" from="linebuf_1" to="StgValue_26" fromId="72" toId="26">
</dataflow>
<dataflow id="135" from="linebuf_2" to="StgValue_26" fromId="73" toId="26">
</dataflow>
<dataflow id="136" from="linebuf_3" to="StgValue_26" fromId="74" toId="26">
</dataflow>
<dataflow id="137" from="linebuf_4" to="StgValue_26" fromId="75" toId="26">
</dataflow>
<dataflow id="138" from="linebuf_5" to="StgValue_26" fromId="76" toId="26">
</dataflow>
<dataflow id="139" from="linebuf_6" to="StgValue_26" fromId="77" toId="26">
</dataflow>
<dataflow id="140" from="linebuf_7" to="StgValue_26" fromId="78" toId="26">
</dataflow>
<dataflow id="141" from="linebuf_8" to="StgValue_26" fromId="79" toId="26">
</dataflow>
<dataflow id="142" from="linebuf_9" to="StgValue_26" fromId="80" toId="26">
</dataflow>
<dataflow id="143" from="Loop_VConvH_proc" to="StgValue_27" fromId="125" toId="27">
</dataflow>
<dataflow id="144" from="height_c160" to="StgValue_27" fromId="15" toId="27">
</dataflow>
<dataflow id="145" from="vconv_xlim_loc_c" to="StgValue_27" fromId="13" toId="27">
</dataflow>
<dataflow id="146" from="hconv_V" to="StgValue_27" fromId="19" toId="27">
</dataflow>
<dataflow id="147" from="vconv_V" to="StgValue_27" fromId="20" toId="27">
</dataflow>
<dataflow id="148" from="height_c162" to="StgValue_27" fromId="12" toId="27">
</dataflow>
<dataflow id="149" from="vconv_xlim_loc_c163" to="StgValue_27" fromId="11" toId="27">
</dataflow>
<dataflow id="150" from="linebuf_0" to="StgValue_27" fromId="71" toId="27">
</dataflow>
<dataflow id="151" from="linebuf_1" to="StgValue_27" fromId="72" toId="27">
</dataflow>
<dataflow id="152" from="linebuf_2" to="StgValue_27" fromId="73" toId="27">
</dataflow>
<dataflow id="153" from="linebuf_3" to="StgValue_27" fromId="74" toId="27">
</dataflow>
<dataflow id="154" from="linebuf_4" to="StgValue_27" fromId="75" toId="27">
</dataflow>
<dataflow id="155" from="linebuf_5" to="StgValue_27" fromId="76" toId="27">
</dataflow>
<dataflow id="156" from="linebuf_6" to="StgValue_27" fromId="77" toId="27">
</dataflow>
<dataflow id="157" from="linebuf_7" to="StgValue_27" fromId="78" toId="27">
</dataflow>
<dataflow id="158" from="linebuf_8" to="StgValue_27" fromId="79" toId="27">
</dataflow>
<dataflow id="159" from="linebuf_9" to="StgValue_27" fromId="80" toId="27">
</dataflow>
<dataflow id="161" from="Loop_Border_proc" to="StgValue_28" fromId="160" toId="28">
</dataflow>
<dataflow id="162" from="width_c161" to="StgValue_28" fromId="14" toId="28">
</dataflow>
<dataflow id="163" from="height_c162" to="StgValue_28" fromId="12" toId="28">
</dataflow>
<dataflow id="164" from="dst_V" to="StgValue_28" fromId="70" toId="28">
</dataflow>
<dataflow id="165" from="vconv_xlim_loc_c163" to="StgValue_28" fromId="11" toId="28">
</dataflow>
<dataflow id="166" from="vconv_V" to="StgValue_28" fromId="20" toId="28">
</dataflow>
<dataflow id="167" from="Loop_Border_proc" to="StgValue_29" fromId="160" toId="29">
</dataflow>
<dataflow id="168" from="width_c161" to="StgValue_29" fromId="14" toId="29">
</dataflow>
<dataflow id="169" from="height_c162" to="StgValue_29" fromId="12" toId="29">
</dataflow>
<dataflow id="170" from="dst_V" to="StgValue_29" fromId="70" toId="29">
</dataflow>
<dataflow id="171" from="vconv_xlim_loc_c163" to="StgValue_29" fromId="11" toId="29">
</dataflow>
<dataflow id="172" from="vconv_V" to="StgValue_29" fromId="20" toId="29">
</dataflow>
<dataflow id="174" from="_ssdm_op_SpecDataflowPipeline" to="StgValue_30" fromId="173" toId="30">
</dataflow>
<dataflow id="176" from="StgValue_175" to="StgValue_30" fromId="175" toId="30">
</dataflow>
<dataflow id="178" from="p_str1" to="StgValue_30" fromId="177" toId="30">
</dataflow>
<dataflow id="180" from="_ssdm_op_SpecBitsMap" to="StgValue_31" fromId="179" toId="31">
</dataflow>
<dataflow id="181" from="width" to="StgValue_31" fromId="67" toId="31">
</dataflow>
<dataflow id="182" from="_ssdm_op_SpecBitsMap" to="StgValue_32" fromId="179" toId="32">
</dataflow>
<dataflow id="183" from="height" to="StgValue_32" fromId="68" toId="32">
</dataflow>
<dataflow id="184" from="_ssdm_op_SpecBitsMap" to="StgValue_33" fromId="179" toId="33">
</dataflow>
<dataflow id="185" from="src_V" to="StgValue_33" fromId="69" toId="33">
</dataflow>
<dataflow id="186" from="_ssdm_op_SpecBitsMap" to="StgValue_34" fromId="179" toId="34">
</dataflow>
<dataflow id="187" from="dst_V" to="StgValue_34" fromId="70" toId="34">
</dataflow>
<dataflow id="189" from="_ssdm_op_SpecChannel" to="empty" fromId="188" toId="35">
</dataflow>
<dataflow id="191" from="hconv_OC_V_str" to="empty" fromId="190" toId="35">
</dataflow>
<dataflow id="193" from="StgValue_192" to="empty" fromId="192" toId="35">
</dataflow>
<dataflow id="195" from="p_str" to="empty" fromId="194" toId="35">
</dataflow>
<dataflow id="196" from="p_str" to="empty" fromId="194" toId="35">
</dataflow>
<dataflow id="198" from="StgValue_197" to="empty" fromId="197" toId="35">
</dataflow>
<dataflow id="199" from="StgValue_197" to="empty" fromId="197" toId="35">
</dataflow>
<dataflow id="200" from="hconv_V" to="empty" fromId="19" toId="35">
</dataflow>
<dataflow id="201" from="hconv_V" to="empty" fromId="19" toId="35">
</dataflow>
<dataflow id="203" from="_ssdm_op_SpecInterface" to="StgValue_36" fromId="202" toId="36">
</dataflow>
<dataflow id="204" from="hconv_V" to="StgValue_36" fromId="19" toId="36">
</dataflow>
<dataflow id="206" from="ap_fifo_str" to="StgValue_36" fromId="205" toId="36">
</dataflow>
<dataflow id="208" from="StgValue_207" to="StgValue_36" fromId="207" toId="36">
</dataflow>
<dataflow id="209" from="StgValue_207" to="StgValue_36" fromId="207" toId="36">
</dataflow>
<dataflow id="210" from="p_str" to="StgValue_36" fromId="194" toId="36">
</dataflow>
<dataflow id="211" from="StgValue_207" to="StgValue_36" fromId="207" toId="36">
</dataflow>
<dataflow id="212" from="StgValue_207" to="StgValue_36" fromId="207" toId="36">
</dataflow>
<dataflow id="213" from="p_str" to="StgValue_36" fromId="194" toId="36">
</dataflow>
<dataflow id="214" from="p_str" to="StgValue_36" fromId="194" toId="36">
</dataflow>
<dataflow id="215" from="p_str" to="StgValue_36" fromId="194" toId="36">
</dataflow>
<dataflow id="216" from="StgValue_197" to="StgValue_36" fromId="197" toId="36">
</dataflow>
<dataflow id="217" from="StgValue_197" to="StgValue_36" fromId="197" toId="36">
</dataflow>
<dataflow id="219" from="StgValue_218" to="StgValue_36" fromId="218" toId="36">
</dataflow>
<dataflow id="220" from="StgValue_218" to="StgValue_36" fromId="218" toId="36">
</dataflow>
<dataflow id="221" from="p_str" to="StgValue_36" fromId="194" toId="36">
</dataflow>
<dataflow id="222" from="p_str" to="StgValue_36" fromId="194" toId="36">
</dataflow>
<dataflow id="223" from="_ssdm_op_SpecChannel" to="empty_4" fromId="188" toId="37">
</dataflow>
<dataflow id="225" from="vconv_OC_V_str" to="empty_4" fromId="224" toId="37">
</dataflow>
<dataflow id="226" from="StgValue_192" to="empty_4" fromId="192" toId="37">
</dataflow>
<dataflow id="227" from="p_str" to="empty_4" fromId="194" toId="37">
</dataflow>
<dataflow id="228" from="p_str" to="empty_4" fromId="194" toId="37">
</dataflow>
<dataflow id="229" from="StgValue_197" to="empty_4" fromId="197" toId="37">
</dataflow>
<dataflow id="230" from="StgValue_197" to="empty_4" fromId="197" toId="37">
</dataflow>
<dataflow id="231" from="vconv_V" to="empty_4" fromId="20" toId="37">
</dataflow>
<dataflow id="232" from="vconv_V" to="empty_4" fromId="20" toId="37">
</dataflow>
<dataflow id="233" from="_ssdm_op_SpecInterface" to="StgValue_38" fromId="202" toId="38">
</dataflow>
<dataflow id="234" from="vconv_V" to="StgValue_38" fromId="20" toId="38">
</dataflow>
<dataflow id="235" from="ap_fifo_str" to="StgValue_38" fromId="205" toId="38">
</dataflow>
<dataflow id="236" from="StgValue_207" to="StgValue_38" fromId="207" toId="38">
</dataflow>
<dataflow id="237" from="StgValue_207" to="StgValue_38" fromId="207" toId="38">
</dataflow>
<dataflow id="238" from="p_str" to="StgValue_38" fromId="194" toId="38">
</dataflow>
<dataflow id="239" from="StgValue_207" to="StgValue_38" fromId="207" toId="38">
</dataflow>
<dataflow id="240" from="StgValue_207" to="StgValue_38" fromId="207" toId="38">
</dataflow>
<dataflow id="241" from="p_str" to="StgValue_38" fromId="194" toId="38">
</dataflow>
<dataflow id="242" from="p_str" to="StgValue_38" fromId="194" toId="38">
</dataflow>
<dataflow id="243" from="p_str" to="StgValue_38" fromId="194" toId="38">
</dataflow>
<dataflow id="244" from="StgValue_197" to="StgValue_38" fromId="197" toId="38">
</dataflow>
<dataflow id="245" from="StgValue_197" to="StgValue_38" fromId="197" toId="38">
</dataflow>
<dataflow id="246" from="StgValue_218" to="StgValue_38" fromId="218" toId="38">
</dataflow>
<dataflow id="247" from="StgValue_218" to="StgValue_38" fromId="218" toId="38">
</dataflow>
<dataflow id="248" from="p_str" to="StgValue_38" fromId="194" toId="38">
</dataflow>
<dataflow id="249" from="p_str" to="StgValue_38" fromId="194" toId="38">
</dataflow>
<dataflow id="251" from="_ssdm_op_SpecTopModule" to="StgValue_39" fromId="250" toId="39">
</dataflow>
<dataflow id="253" from="filter11x11_strm_str" to="StgValue_39" fromId="252" toId="39">
</dataflow>
<dataflow id="254" from="_ssdm_op_SpecInterface" to="StgValue_40" fromId="202" toId="40">
</dataflow>
<dataflow id="255" from="src_V" to="StgValue_40" fromId="69" toId="40">
</dataflow>
<dataflow id="257" from="p_str5" to="StgValue_40" fromId="256" toId="40">
</dataflow>
<dataflow id="258" from="StgValue_192" to="StgValue_40" fromId="192" toId="40">
</dataflow>
<dataflow id="259" from="StgValue_192" to="StgValue_40" fromId="192" toId="40">
</dataflow>
<dataflow id="261" from="p_str6" to="StgValue_40" fromId="260" toId="40">
</dataflow>
<dataflow id="262" from="StgValue_207" to="StgValue_40" fromId="207" toId="40">
</dataflow>
<dataflow id="263" from="StgValue_207" to="StgValue_40" fromId="207" toId="40">
</dataflow>
<dataflow id="264" from="p_str1" to="StgValue_40" fromId="177" toId="40">
</dataflow>
<dataflow id="265" from="p_str1" to="StgValue_40" fromId="177" toId="40">
</dataflow>
<dataflow id="266" from="p_str1" to="StgValue_40" fromId="177" toId="40">
</dataflow>
<dataflow id="267" from="StgValue_207" to="StgValue_40" fromId="207" toId="40">
</dataflow>
<dataflow id="268" from="StgValue_207" to="StgValue_40" fromId="207" toId="40">
</dataflow>
<dataflow id="269" from="StgValue_207" to="StgValue_40" fromId="207" toId="40">
</dataflow>
<dataflow id="270" from="StgValue_207" to="StgValue_40" fromId="207" toId="40">
</dataflow>
<dataflow id="271" from="p_str1" to="StgValue_40" fromId="177" toId="40">
</dataflow>
<dataflow id="272" from="p_str1" to="StgValue_40" fromId="177" toId="40">
</dataflow>
<dataflow id="273" from="_ssdm_op_SpecInterface" to="StgValue_41" fromId="202" toId="41">
</dataflow>
<dataflow id="274" from="dst_V" to="StgValue_41" fromId="70" toId="41">
</dataflow>
<dataflow id="275" from="p_str5" to="StgValue_41" fromId="256" toId="41">
</dataflow>
<dataflow id="276" from="StgValue_192" to="StgValue_41" fromId="192" toId="41">
</dataflow>
<dataflow id="277" from="StgValue_192" to="StgValue_41" fromId="192" toId="41">
</dataflow>
<dataflow id="278" from="p_str6" to="StgValue_41" fromId="260" toId="41">
</dataflow>
<dataflow id="279" from="StgValue_207" to="StgValue_41" fromId="207" toId="41">
</dataflow>
<dataflow id="280" from="StgValue_207" to="StgValue_41" fromId="207" toId="41">
</dataflow>
<dataflow id="281" from="p_str1" to="StgValue_41" fromId="177" toId="41">
</dataflow>
<dataflow id="282" from="p_str1" to="StgValue_41" fromId="177" toId="41">
</dataflow>
<dataflow id="283" from="p_str1" to="StgValue_41" fromId="177" toId="41">
</dataflow>
<dataflow id="284" from="StgValue_207" to="StgValue_41" fromId="207" toId="41">
</dataflow>
<dataflow id="285" from="StgValue_207" to="StgValue_41" fromId="207" toId="41">
</dataflow>
<dataflow id="286" from="StgValue_207" to="StgValue_41" fromId="207" toId="41">
</dataflow>
<dataflow id="287" from="StgValue_207" to="StgValue_41" fromId="207" toId="41">
</dataflow>
<dataflow id="288" from="p_str1" to="StgValue_41" fromId="177" toId="41">
</dataflow>
<dataflow id="289" from="p_str1" to="StgValue_41" fromId="177" toId="41">
</dataflow>
<dataflow id="290" from="_ssdm_op_SpecChannel" to="empty_5" fromId="188" toId="42">
</dataflow>
<dataflow id="292" from="width_c_str" to="empty_5" fromId="291" toId="42">
</dataflow>
<dataflow id="293" from="StgValue_192" to="empty_5" fromId="192" toId="42">
</dataflow>
<dataflow id="294" from="p_str" to="empty_5" fromId="194" toId="42">
</dataflow>
<dataflow id="295" from="p_str" to="empty_5" fromId="194" toId="42">
</dataflow>
<dataflow id="296" from="StgValue_197" to="empty_5" fromId="197" toId="42">
</dataflow>
<dataflow id="297" from="StgValue_207" to="empty_5" fromId="207" toId="42">
</dataflow>
<dataflow id="298" from="width_c" to="empty_5" fromId="18" toId="42">
</dataflow>
<dataflow id="299" from="width_c" to="empty_5" fromId="18" toId="42">
</dataflow>
<dataflow id="300" from="_ssdm_op_SpecInterface" to="StgValue_43" fromId="202" toId="43">
</dataflow>
<dataflow id="301" from="width_c" to="StgValue_43" fromId="18" toId="43">
</dataflow>
<dataflow id="302" from="ap_fifo_str" to="StgValue_43" fromId="205" toId="43">
</dataflow>
<dataflow id="303" from="StgValue_207" to="StgValue_43" fromId="207" toId="43">
</dataflow>
<dataflow id="304" from="StgValue_207" to="StgValue_43" fromId="207" toId="43">
</dataflow>
<dataflow id="305" from="p_str" to="StgValue_43" fromId="194" toId="43">
</dataflow>
<dataflow id="306" from="StgValue_207" to="StgValue_43" fromId="207" toId="43">
</dataflow>
<dataflow id="307" from="StgValue_207" to="StgValue_43" fromId="207" toId="43">
</dataflow>
<dataflow id="308" from="p_str" to="StgValue_43" fromId="194" toId="43">
</dataflow>
<dataflow id="309" from="p_str" to="StgValue_43" fromId="194" toId="43">
</dataflow>
<dataflow id="310" from="p_str" to="StgValue_43" fromId="194" toId="43">
</dataflow>
<dataflow id="311" from="StgValue_197" to="StgValue_43" fromId="197" toId="43">
</dataflow>
<dataflow id="312" from="StgValue_197" to="StgValue_43" fromId="197" toId="43">
</dataflow>
<dataflow id="313" from="StgValue_218" to="StgValue_43" fromId="218" toId="43">
</dataflow>
<dataflow id="314" from="StgValue_218" to="StgValue_43" fromId="218" toId="43">
</dataflow>
<dataflow id="315" from="p_str" to="StgValue_43" fromId="194" toId="43">
</dataflow>
<dataflow id="316" from="p_str" to="StgValue_43" fromId="194" toId="43">
</dataflow>
<dataflow id="317" from="_ssdm_op_SpecChannel" to="empty_6" fromId="188" toId="44">
</dataflow>
<dataflow id="319" from="width_c159_str" to="empty_6" fromId="318" toId="44">
</dataflow>
<dataflow id="320" from="StgValue_192" to="empty_6" fromId="192" toId="44">
</dataflow>
<dataflow id="321" from="p_str" to="empty_6" fromId="194" toId="44">
</dataflow>
<dataflow id="322" from="p_str" to="empty_6" fromId="194" toId="44">
</dataflow>
<dataflow id="323" from="StgValue_197" to="empty_6" fromId="197" toId="44">
</dataflow>
<dataflow id="324" from="StgValue_207" to="empty_6" fromId="207" toId="44">
</dataflow>
<dataflow id="325" from="width_c159" to="empty_6" fromId="17" toId="44">
</dataflow>
<dataflow id="326" from="width_c159" to="empty_6" fromId="17" toId="44">
</dataflow>
<dataflow id="327" from="_ssdm_op_SpecInterface" to="StgValue_45" fromId="202" toId="45">
</dataflow>
<dataflow id="328" from="width_c159" to="StgValue_45" fromId="17" toId="45">
</dataflow>
<dataflow id="329" from="ap_fifo_str" to="StgValue_45" fromId="205" toId="45">
</dataflow>
<dataflow id="330" from="StgValue_207" to="StgValue_45" fromId="207" toId="45">
</dataflow>
<dataflow id="331" from="StgValue_207" to="StgValue_45" fromId="207" toId="45">
</dataflow>
<dataflow id="332" from="p_str" to="StgValue_45" fromId="194" toId="45">
</dataflow>
<dataflow id="333" from="StgValue_207" to="StgValue_45" fromId="207" toId="45">
</dataflow>
<dataflow id="334" from="StgValue_207" to="StgValue_45" fromId="207" toId="45">
</dataflow>
<dataflow id="335" from="p_str" to="StgValue_45" fromId="194" toId="45">
</dataflow>
<dataflow id="336" from="p_str" to="StgValue_45" fromId="194" toId="45">
</dataflow>
<dataflow id="337" from="p_str" to="StgValue_45" fromId="194" toId="45">
</dataflow>
<dataflow id="338" from="StgValue_197" to="StgValue_45" fromId="197" toId="45">
</dataflow>
<dataflow id="339" from="StgValue_197" to="StgValue_45" fromId="197" toId="45">
</dataflow>
<dataflow id="340" from="StgValue_218" to="StgValue_45" fromId="218" toId="45">
</dataflow>
<dataflow id="341" from="StgValue_218" to="StgValue_45" fromId="218" toId="45">
</dataflow>
<dataflow id="342" from="p_str" to="StgValue_45" fromId="194" toId="45">
</dataflow>
<dataflow id="343" from="p_str" to="StgValue_45" fromId="194" toId="45">
</dataflow>
<dataflow id="344" from="_ssdm_op_SpecChannel" to="empty_7" fromId="188" toId="46">
</dataflow>
<dataflow id="346" from="height_c_str" to="empty_7" fromId="345" toId="46">
</dataflow>
<dataflow id="347" from="StgValue_192" to="empty_7" fromId="192" toId="46">
</dataflow>
<dataflow id="348" from="p_str" to="empty_7" fromId="194" toId="46">
</dataflow>
<dataflow id="349" from="p_str" to="empty_7" fromId="194" toId="46">
</dataflow>
<dataflow id="350" from="StgValue_197" to="empty_7" fromId="197" toId="46">
</dataflow>
<dataflow id="351" from="StgValue_207" to="empty_7" fromId="207" toId="46">
</dataflow>
<dataflow id="352" from="height_c" to="empty_7" fromId="16" toId="46">
</dataflow>
<dataflow id="353" from="height_c" to="empty_7" fromId="16" toId="46">
</dataflow>
<dataflow id="354" from="_ssdm_op_SpecInterface" to="StgValue_47" fromId="202" toId="47">
</dataflow>
<dataflow id="355" from="height_c" to="StgValue_47" fromId="16" toId="47">
</dataflow>
<dataflow id="356" from="ap_fifo_str" to="StgValue_47" fromId="205" toId="47">
</dataflow>
<dataflow id="357" from="StgValue_207" to="StgValue_47" fromId="207" toId="47">
</dataflow>
<dataflow id="358" from="StgValue_207" to="StgValue_47" fromId="207" toId="47">
</dataflow>
<dataflow id="359" from="p_str" to="StgValue_47" fromId="194" toId="47">
</dataflow>
<dataflow id="360" from="StgValue_207" to="StgValue_47" fromId="207" toId="47">
</dataflow>
<dataflow id="361" from="StgValue_207" to="StgValue_47" fromId="207" toId="47">
</dataflow>
<dataflow id="362" from="p_str" to="StgValue_47" fromId="194" toId="47">
</dataflow>
<dataflow id="363" from="p_str" to="StgValue_47" fromId="194" toId="47">
</dataflow>
<dataflow id="364" from="p_str" to="StgValue_47" fromId="194" toId="47">
</dataflow>
<dataflow id="365" from="StgValue_197" to="StgValue_47" fromId="197" toId="47">
</dataflow>
<dataflow id="366" from="StgValue_197" to="StgValue_47" fromId="197" toId="47">
</dataflow>
<dataflow id="367" from="StgValue_218" to="StgValue_47" fromId="218" toId="47">
</dataflow>
<dataflow id="368" from="StgValue_218" to="StgValue_47" fromId="218" toId="47">
</dataflow>
<dataflow id="369" from="p_str" to="StgValue_47" fromId="194" toId="47">
</dataflow>
<dataflow id="370" from="p_str" to="StgValue_47" fromId="194" toId="47">
</dataflow>
<dataflow id="371" from="_ssdm_op_SpecChannel" to="empty_8" fromId="188" toId="48">
</dataflow>
<dataflow id="373" from="height_c160_str" to="empty_8" fromId="372" toId="48">
</dataflow>
<dataflow id="374" from="StgValue_192" to="empty_8" fromId="192" toId="48">
</dataflow>
<dataflow id="375" from="p_str" to="empty_8" fromId="194" toId="48">
</dataflow>
<dataflow id="376" from="p_str" to="empty_8" fromId="194" toId="48">
</dataflow>
<dataflow id="378" from="StgValue_377" to="empty_8" fromId="377" toId="48">
</dataflow>
<dataflow id="379" from="StgValue_207" to="empty_8" fromId="207" toId="48">
</dataflow>
<dataflow id="380" from="height_c160" to="empty_8" fromId="15" toId="48">
</dataflow>
<dataflow id="381" from="height_c160" to="empty_8" fromId="15" toId="48">
</dataflow>
<dataflow id="382" from="_ssdm_op_SpecInterface" to="StgValue_49" fromId="202" toId="49">
</dataflow>
<dataflow id="383" from="height_c160" to="StgValue_49" fromId="15" toId="49">
</dataflow>
<dataflow id="384" from="ap_fifo_str" to="StgValue_49" fromId="205" toId="49">
</dataflow>
<dataflow id="385" from="StgValue_207" to="StgValue_49" fromId="207" toId="49">
</dataflow>
<dataflow id="386" from="StgValue_207" to="StgValue_49" fromId="207" toId="49">
</dataflow>
<dataflow id="387" from="p_str" to="StgValue_49" fromId="194" toId="49">
</dataflow>
<dataflow id="388" from="StgValue_207" to="StgValue_49" fromId="207" toId="49">
</dataflow>
<dataflow id="389" from="StgValue_207" to="StgValue_49" fromId="207" toId="49">
</dataflow>
<dataflow id="390" from="p_str" to="StgValue_49" fromId="194" toId="49">
</dataflow>
<dataflow id="391" from="p_str" to="StgValue_49" fromId="194" toId="49">
</dataflow>
<dataflow id="392" from="p_str" to="StgValue_49" fromId="194" toId="49">
</dataflow>
<dataflow id="393" from="StgValue_197" to="StgValue_49" fromId="197" toId="49">
</dataflow>
<dataflow id="394" from="StgValue_197" to="StgValue_49" fromId="197" toId="49">
</dataflow>
<dataflow id="395" from="StgValue_218" to="StgValue_49" fromId="218" toId="49">
</dataflow>
<dataflow id="396" from="StgValue_218" to="StgValue_49" fromId="218" toId="49">
</dataflow>
<dataflow id="397" from="p_str" to="StgValue_49" fromId="194" toId="49">
</dataflow>
<dataflow id="398" from="p_str" to="StgValue_49" fromId="194" toId="49">
</dataflow>
<dataflow id="399" from="_ssdm_op_SpecChannel" to="empty_9" fromId="188" toId="50">
</dataflow>
<dataflow id="401" from="width_c161_str" to="empty_9" fromId="400" toId="50">
</dataflow>
<dataflow id="402" from="StgValue_192" to="empty_9" fromId="192" toId="50">
</dataflow>
<dataflow id="403" from="p_str" to="empty_9" fromId="194" toId="50">
</dataflow>
<dataflow id="404" from="p_str" to="empty_9" fromId="194" toId="50">
</dataflow>
<dataflow id="405" from="StgValue_377" to="empty_9" fromId="377" toId="50">
</dataflow>
<dataflow id="406" from="StgValue_207" to="empty_9" fromId="207" toId="50">
</dataflow>
<dataflow id="407" from="width_c161" to="empty_9" fromId="14" toId="50">
</dataflow>
<dataflow id="408" from="width_c161" to="empty_9" fromId="14" toId="50">
</dataflow>
<dataflow id="409" from="_ssdm_op_SpecInterface" to="StgValue_51" fromId="202" toId="51">
</dataflow>
<dataflow id="410" from="width_c161" to="StgValue_51" fromId="14" toId="51">
</dataflow>
<dataflow id="411" from="ap_fifo_str" to="StgValue_51" fromId="205" toId="51">
</dataflow>
<dataflow id="412" from="StgValue_207" to="StgValue_51" fromId="207" toId="51">
</dataflow>
<dataflow id="413" from="StgValue_207" to="StgValue_51" fromId="207" toId="51">
</dataflow>
<dataflow id="414" from="p_str" to="StgValue_51" fromId="194" toId="51">
</dataflow>
<dataflow id="415" from="StgValue_207" to="StgValue_51" fromId="207" toId="51">
</dataflow>
<dataflow id="416" from="StgValue_207" to="StgValue_51" fromId="207" toId="51">
</dataflow>
<dataflow id="417" from="p_str" to="StgValue_51" fromId="194" toId="51">
</dataflow>
<dataflow id="418" from="p_str" to="StgValue_51" fromId="194" toId="51">
</dataflow>
<dataflow id="419" from="p_str" to="StgValue_51" fromId="194" toId="51">
</dataflow>
<dataflow id="420" from="StgValue_197" to="StgValue_51" fromId="197" toId="51">
</dataflow>
<dataflow id="421" from="StgValue_197" to="StgValue_51" fromId="197" toId="51">
</dataflow>
<dataflow id="422" from="StgValue_218" to="StgValue_51" fromId="218" toId="51">
</dataflow>
<dataflow id="423" from="StgValue_218" to="StgValue_51" fromId="218" toId="51">
</dataflow>
<dataflow id="424" from="p_str" to="StgValue_51" fromId="194" toId="51">
</dataflow>
<dataflow id="425" from="p_str" to="StgValue_51" fromId="194" toId="51">
</dataflow>
<dataflow id="426" from="_ssdm_op_SpecChannel" to="empty_10" fromId="188" toId="52">
</dataflow>
<dataflow id="428" from="vconv_xlim_OC_loc_c_s" to="empty_10" fromId="427" toId="52">
</dataflow>
<dataflow id="429" from="StgValue_192" to="empty_10" fromId="192" toId="52">
</dataflow>
<dataflow id="430" from="p_str" to="empty_10" fromId="194" toId="52">
</dataflow>
<dataflow id="431" from="p_str" to="empty_10" fromId="194" toId="52">
</dataflow>
<dataflow id="432" from="StgValue_197" to="empty_10" fromId="197" toId="52">
</dataflow>
<dataflow id="433" from="StgValue_207" to="empty_10" fromId="207" toId="52">
</dataflow>
<dataflow id="434" from="vconv_xlim_loc_c" to="empty_10" fromId="13" toId="52">
</dataflow>
<dataflow id="435" from="vconv_xlim_loc_c" to="empty_10" fromId="13" toId="52">
</dataflow>
<dataflow id="436" from="_ssdm_op_SpecInterface" to="StgValue_53" fromId="202" toId="53">
</dataflow>
<dataflow id="437" from="vconv_xlim_loc_c" to="StgValue_53" fromId="13" toId="53">
</dataflow>
<dataflow id="438" from="ap_fifo_str" to="StgValue_53" fromId="205" toId="53">
</dataflow>
<dataflow id="439" from="StgValue_207" to="StgValue_53" fromId="207" toId="53">
</dataflow>
<dataflow id="440" from="StgValue_207" to="StgValue_53" fromId="207" toId="53">
</dataflow>
<dataflow id="441" from="p_str" to="StgValue_53" fromId="194" toId="53">
</dataflow>
<dataflow id="442" from="StgValue_207" to="StgValue_53" fromId="207" toId="53">
</dataflow>
<dataflow id="443" from="StgValue_207" to="StgValue_53" fromId="207" toId="53">
</dataflow>
<dataflow id="444" from="p_str" to="StgValue_53" fromId="194" toId="53">
</dataflow>
<dataflow id="445" from="p_str" to="StgValue_53" fromId="194" toId="53">
</dataflow>
<dataflow id="446" from="p_str" to="StgValue_53" fromId="194" toId="53">
</dataflow>
<dataflow id="447" from="StgValue_197" to="StgValue_53" fromId="197" toId="53">
</dataflow>
<dataflow id="448" from="StgValue_197" to="StgValue_53" fromId="197" toId="53">
</dataflow>
<dataflow id="449" from="StgValue_218" to="StgValue_53" fromId="218" toId="53">
</dataflow>
<dataflow id="450" from="StgValue_218" to="StgValue_53" fromId="218" toId="53">
</dataflow>
<dataflow id="451" from="p_str" to="StgValue_53" fromId="194" toId="53">
</dataflow>
<dataflow id="452" from="p_str" to="StgValue_53" fromId="194" toId="53">
</dataflow>
<dataflow id="453" from="_ssdm_op_SpecChannel" to="empty_11" fromId="188" toId="54">
</dataflow>
<dataflow id="455" from="height_c162_str" to="empty_11" fromId="454" toId="54">
</dataflow>
<dataflow id="456" from="StgValue_192" to="empty_11" fromId="192" toId="54">
</dataflow>
<dataflow id="457" from="p_str" to="empty_11" fromId="194" toId="54">
</dataflow>
<dataflow id="458" from="p_str" to="empty_11" fromId="194" toId="54">
</dataflow>
<dataflow id="459" from="StgValue_197" to="empty_11" fromId="197" toId="54">
</dataflow>
<dataflow id="460" from="StgValue_207" to="empty_11" fromId="207" toId="54">
</dataflow>
<dataflow id="461" from="height_c162" to="empty_11" fromId="12" toId="54">
</dataflow>
<dataflow id="462" from="height_c162" to="empty_11" fromId="12" toId="54">
</dataflow>
<dataflow id="463" from="_ssdm_op_SpecInterface" to="StgValue_55" fromId="202" toId="55">
</dataflow>
<dataflow id="464" from="height_c162" to="StgValue_55" fromId="12" toId="55">
</dataflow>
<dataflow id="465" from="ap_fifo_str" to="StgValue_55" fromId="205" toId="55">
</dataflow>
<dataflow id="466" from="StgValue_207" to="StgValue_55" fromId="207" toId="55">
</dataflow>
<dataflow id="467" from="StgValue_207" to="StgValue_55" fromId="207" toId="55">
</dataflow>
<dataflow id="468" from="p_str" to="StgValue_55" fromId="194" toId="55">
</dataflow>
<dataflow id="469" from="StgValue_207" to="StgValue_55" fromId="207" toId="55">
</dataflow>
<dataflow id="470" from="StgValue_207" to="StgValue_55" fromId="207" toId="55">
</dataflow>
<dataflow id="471" from="p_str" to="StgValue_55" fromId="194" toId="55">
</dataflow>
<dataflow id="472" from="p_str" to="StgValue_55" fromId="194" toId="55">
</dataflow>
<dataflow id="473" from="p_str" to="StgValue_55" fromId="194" toId="55">
</dataflow>
<dataflow id="474" from="StgValue_197" to="StgValue_55" fromId="197" toId="55">
</dataflow>
<dataflow id="475" from="StgValue_197" to="StgValue_55" fromId="197" toId="55">
</dataflow>
<dataflow id="476" from="StgValue_218" to="StgValue_55" fromId="218" toId="55">
</dataflow>
<dataflow id="477" from="StgValue_218" to="StgValue_55" fromId="218" toId="55">
</dataflow>
<dataflow id="478" from="p_str" to="StgValue_55" fromId="194" toId="55">
</dataflow>
<dataflow id="479" from="p_str" to="StgValue_55" fromId="194" toId="55">
</dataflow>
<dataflow id="480" from="_ssdm_op_SpecChannel" to="empty_12" fromId="188" toId="56">
</dataflow>
<dataflow id="482" from="vconv_xlim_OC_loc_c1" to="empty_12" fromId="481" toId="56">
</dataflow>
<dataflow id="483" from="StgValue_192" to="empty_12" fromId="192" toId="56">
</dataflow>
<dataflow id="484" from="p_str" to="empty_12" fromId="194" toId="56">
</dataflow>
<dataflow id="485" from="p_str" to="empty_12" fromId="194" toId="56">
</dataflow>
<dataflow id="486" from="StgValue_197" to="empty_12" fromId="197" toId="56">
</dataflow>
<dataflow id="487" from="StgValue_207" to="empty_12" fromId="207" toId="56">
</dataflow>
<dataflow id="488" from="vconv_xlim_loc_c163" to="empty_12" fromId="11" toId="56">
</dataflow>
<dataflow id="489" from="vconv_xlim_loc_c163" to="empty_12" fromId="11" toId="56">
</dataflow>
<dataflow id="490" from="_ssdm_op_SpecInterface" to="StgValue_57" fromId="202" toId="57">
</dataflow>
<dataflow id="491" from="vconv_xlim_loc_c163" to="StgValue_57" fromId="11" toId="57">
</dataflow>
<dataflow id="492" from="ap_fifo_str" to="StgValue_57" fromId="205" toId="57">
</dataflow>
<dataflow id="493" from="StgValue_207" to="StgValue_57" fromId="207" toId="57">
</dataflow>
<dataflow id="494" from="StgValue_207" to="StgValue_57" fromId="207" toId="57">
</dataflow>
<dataflow id="495" from="p_str" to="StgValue_57" fromId="194" toId="57">
</dataflow>
<dataflow id="496" from="StgValue_207" to="StgValue_57" fromId="207" toId="57">
</dataflow>
<dataflow id="497" from="StgValue_207" to="StgValue_57" fromId="207" toId="57">
</dataflow>
<dataflow id="498" from="p_str" to="StgValue_57" fromId="194" toId="57">
</dataflow>
<dataflow id="499" from="p_str" to="StgValue_57" fromId="194" toId="57">
</dataflow>
<dataflow id="500" from="p_str" to="StgValue_57" fromId="194" toId="57">
</dataflow>
<dataflow id="501" from="StgValue_197" to="StgValue_57" fromId="197" toId="57">
</dataflow>
<dataflow id="502" from="StgValue_197" to="StgValue_57" fromId="197" toId="57">
</dataflow>
<dataflow id="503" from="StgValue_218" to="StgValue_57" fromId="218" toId="57">
</dataflow>
<dataflow id="504" from="StgValue_218" to="StgValue_57" fromId="218" toId="57">
</dataflow>
<dataflow id="505" from="p_str" to="StgValue_57" fromId="194" toId="57">
</dataflow>
<dataflow id="506" from="p_str" to="StgValue_57" fromId="194" toId="57">
</dataflow>
</dataflows>


</stg>
