<annotationInfo>
<annotationInfo>
</annotationInfo>
<annotationInfo>
<item  id="9" filename="convolution.cpp" linenumber="156" name="vconv_xlim" contextFuncName="convolution_strm&lt;unsigned int, 11&gt;" moduleName="Block_._crit_edge.i1" rtlName="vconv_xlim_out_out_din" latency="0" BRAM="-1" DSP="-1" FF="0" LUT="39" fileDirectory="D:\proj\2D_convolution_with_linebuffer"></item>
</annotationInfo>
<annotationInfo>
<item  id="38" filename="convolution.cpp" linenumber="169" name="row_0_i_cast_i" contextFuncName="convolution_strm&lt;unsigned int, 11&gt;" moduleName="Loop_HConvH_proc6" rtlName="row_0_i_cast_i_fu_169_p1" latency="0" BRAM="-1" DSP="-1" FF="-1" LUT="-1" fileDirectory="D:\proj\2D_convolution_with_linebuffer"></item>
<item  id="39" filename="convolution.cpp" linenumber="169" name="tmp_4_i" contextFuncName="convolution_strm&lt;unsigned int, 11&gt;" moduleName="Loop_HConvH_proc6" rtlName="tmp_4_i_fu_173_p2" latency="0" BRAM="-1" DSP="-1" FF="0" LUT="18" fileDirectory="D:\proj\2D_convolution_with_linebuffer"></item>
<item  id="55" filename="convolution.cpp" linenumber="169" name="row_0_i_i_mid2" contextFuncName="convolution_strm&lt;unsigned int, 11&gt;" moduleName="Loop_HConvH_proc6" rtlName="row_0_i_i_mid2_fu_189_p3" latency="0" BRAM="-1" DSP="-1" FF="0" LUT="31" fileDirectory="D:\proj\2D_convolution_with_linebuffer"></item>
<item  id="60" filename="convolution.cpp" linenumber="176" name="tmp" contextFuncName="convolution_strm&lt;unsigned int, 11&gt;" moduleName="Loop_HConvH_proc6" rtlName="tmp_fu_343_p2" latency="0" BRAM="-1" DSP="-1" FF="-1" LUT="-1" fileDirectory="D:\proj\2D_convolution_with_linebuffer"></item>
<item  id="61" filename="convolution.cpp" linenumber="176" name="tmp_13" contextFuncName="convolution_strm&lt;unsigned int, 11&gt;" moduleName="Loop_HConvH_proc6" rtlName="tmp_13_fu_348_p2" latency="0" BRAM="-1" DSP="-1" FF="-1" LUT="-1" fileDirectory="D:\proj\2D_convolution_with_linebuffer"></item>
<item  id="62" filename="convolution.cpp" linenumber="176" name="tmp_23_1_i" contextFuncName="convolution_strm&lt;unsigned int, 11&gt;" moduleName="Loop_HConvH_proc6" rtlName="filter11x11_strm_cud_U11" latency="2" BRAM="-1" DSP="-1" FF="-1" LUT="-1" fileDirectory="D:\proj\2D_convolution_with_linebuffer"></item>
<item  id="63" filename="convolution.cpp" linenumber="176" name="tmp_23_2_i" contextFuncName="convolution_strm&lt;unsigned int, 11&gt;" moduleName="Loop_HConvH_proc6" rtlName="filter11x11_strm_dEe_U12" latency="2" BRAM="-1" DSP="-1" FF="-1" LUT="-1" fileDirectory="D:\proj\2D_convolution_with_linebuffer"></item>
<item  id="64" filename="convolution.cpp" linenumber="176" name="tmp_23_3_i" contextFuncName="convolution_strm&lt;unsigned int, 11&gt;" moduleName="Loop_HConvH_proc6" rtlName="filter11x11_strm_dEe_U19" latency="2" BRAM="-1" DSP="-1" FF="-1" LUT="-1" fileDirectory="D:\proj\2D_convolution_with_linebuffer"></item>
<item  id="65" filename="convolution.cpp" linenumber="176" name="tmp_23_4_i" contextFuncName="convolution_strm&lt;unsigned int, 11&gt;" moduleName="Loop_HConvH_proc6" rtlName="filter11x11_strm_eOg_U13" latency="2" BRAM="-1" DSP="-1" FF="-1" LUT="-1" fileDirectory="D:\proj\2D_convolution_with_linebuffer"></item>
<item  id="66" filename="convolution.cpp" linenumber="176" name="tmp_23_5_i" contextFuncName="convolution_strm&lt;unsigned int, 11&gt;" moduleName="Loop_HConvH_proc6" rtlName="filter11x11_strm_eOg_U14" latency="2" BRAM="-1" DSP="-1" FF="-1" LUT="-1" fileDirectory="D:\proj\2D_convolution_with_linebuffer"></item>
<item  id="67" filename="convolution.cpp" linenumber="176" name="tmp_23_6_i" contextFuncName="convolution_strm&lt;unsigned int, 11&gt;" moduleName="Loop_HConvH_proc6" rtlName="filter11x11_strm_eOg_U17" latency="2" BRAM="-1" DSP="-1" FF="-1" LUT="-1" fileDirectory="D:\proj\2D_convolution_with_linebuffer"></item>
<item  id="68" filename="convolution.cpp" linenumber="176" name="tmp_23_7_i" contextFuncName="convolution_strm&lt;unsigned int, 11&gt;" moduleName="Loop_HConvH_proc6" rtlName="filter11x11_strm_dEe_U18" latency="2" BRAM="-1" DSP="-1" FF="-1" LUT="-1" fileDirectory="D:\proj\2D_convolution_with_linebuffer"></item>
<item  id="69" filename="convolution.cpp" linenumber="176" name="tmp_23_8_i" contextFuncName="convolution_strm&lt;unsigned int, 11&gt;" moduleName="Loop_HConvH_proc6" rtlName="filter11x11_strm_dEe_U15" latency="2" BRAM="-1" DSP="-1" FF="-1" LUT="-1" fileDirectory="D:\proj\2D_convolution_with_linebuffer"></item>
<item  id="70" filename="convolution.cpp" linenumber="176" name="tmp_23_9_i" contextFuncName="convolution_strm&lt;unsigned int, 11&gt;" moduleName="Loop_HConvH_proc6" rtlName="filter11x11_strm_cud_U16" latency="2" BRAM="-1" DSP="-1" FF="-1" LUT="-1" fileDirectory="D:\proj\2D_convolution_with_linebuffer"></item>
<item  id="71" filename="convolution.cpp" linenumber="176" name="tmp_14" contextFuncName="convolution_strm&lt;unsigned int, 11&gt;" moduleName="Loop_HConvH_proc6" rtlName="tmp_14_fu_353_p2" latency="0" BRAM="-1" DSP="-1" FF="-1" LUT="-1" fileDirectory="D:\proj\2D_convolution_with_linebuffer"></item>
<item  id="72" filename="convolution.cpp" linenumber="176" name="tmp_15" contextFuncName="convolution_strm&lt;unsigned int, 11&gt;" moduleName="Loop_HConvH_proc6" rtlName="tmp_15_fu_358_p2" latency="0" BRAM="-1" DSP="-1" FF="-1" LUT="-1" fileDirectory="D:\proj\2D_convolution_with_linebuffer"></item>
<item  id="73" filename="convolution.cpp" linenumber="176" name="tmp3" contextFuncName="convolution_strm&lt;unsigned int, 11&gt;" moduleName="Loop_HConvH_proc6" rtlName="tmp3_fu_363_p2" latency="0" BRAM="-1" DSP="-1" FF="0" LUT="32" fileDirectory="D:\proj\2D_convolution_with_linebuffer"></item>
<item  id="74" filename="convolution.cpp" linenumber="176" name="tmp2" contextFuncName="convolution_strm&lt;unsigned int, 11&gt;" moduleName="Loop_HConvH_proc6" rtlName="tmp2_fu_369_p2" latency="0" BRAM="-1" DSP="-1" FF="0" LUT="32" fileDirectory="D:\proj\2D_convolution_with_linebuffer"></item>
<item  id="75" filename="convolution.cpp" linenumber="176" name="tmp5" contextFuncName="convolution_strm&lt;unsigned int, 11&gt;" moduleName="Loop_HConvH_proc6" rtlName="tmp5_fu_375_p2" latency="0" BRAM="-1" DSP="-1" FF="0" LUT="32" fileDirectory="D:\proj\2D_convolution_with_linebuffer"></item>
<item  id="76" filename="convolution.cpp" linenumber="176" name="tmp4" contextFuncName="convolution_strm&lt;unsigned int, 11&gt;" moduleName="Loop_HConvH_proc6" rtlName="tmp4_fu_379_p2" latency="0" BRAM="-1" DSP="-1" FF="0" LUT="32" fileDirectory="D:\proj\2D_convolution_with_linebuffer"></item>
<item  id="77" filename="convolution.cpp" linenumber="176" name="tmp1" contextFuncName="convolution_strm&lt;unsigned int, 11&gt;" moduleName="Loop_HConvH_proc6" rtlName="tmp1_fu_411_p2" latency="0" BRAM="-1" DSP="-1" FF="0" LUT="32" fileDirectory="D:\proj\2D_convolution_with_linebuffer"></item>
<item  id="78" filename="convolution.cpp" linenumber="176" name="tmp8" contextFuncName="convolution_strm&lt;unsigned int, 11&gt;" moduleName="Loop_HConvH_proc6" rtlName="tmp8_fu_385_p2" latency="0" BRAM="-1" DSP="-1" FF="0" LUT="39" fileDirectory="D:\proj\2D_convolution_with_linebuffer"></item>
<item  id="79" filename="convolution.cpp" linenumber="176" name="tmp7" contextFuncName="convolution_strm&lt;unsigned int, 11&gt;" moduleName="Loop_HConvH_proc6" rtlName="tmp7_fu_402_p2" latency="0" BRAM="-1" DSP="-1" FF="0" LUT="32" fileDirectory="D:\proj\2D_convolution_with_linebuffer"></item>
<item  id="80" filename="convolution.cpp" linenumber="176" name="tmp10" contextFuncName="convolution_strm&lt;unsigned int, 11&gt;" moduleName="Loop_HConvH_proc6" rtlName="tmp10_fu_393_p2" latency="0" BRAM="-1" DSP="-1" FF="0" LUT="32" fileDirectory="D:\proj\2D_convolution_with_linebuffer"></item>
<item  id="81" filename="convolution.cpp" linenumber="176" name="tmp11" contextFuncName="convolution_strm&lt;unsigned int, 11&gt;" moduleName="Loop_HConvH_proc6" rtlName="tmp11_fu_389_p2" latency="0" BRAM="-1" DSP="-1" FF="0" LUT="39" fileDirectory="D:\proj\2D_convolution_with_linebuffer"></item>
<item  id="82" filename="convolution.cpp" linenumber="176" name="tmp9" contextFuncName="convolution_strm&lt;unsigned int, 11&gt;" moduleName="Loop_HConvH_proc6" rtlName="tmp9_fu_397_p2" latency="0" BRAM="-1" DSP="-1" FF="0" LUT="32" fileDirectory="D:\proj\2D_convolution_with_linebuffer"></item>
<item  id="83" filename="convolution.cpp" linenumber="176" name="tmp6" contextFuncName="convolution_strm&lt;unsigned int, 11&gt;" moduleName="Loop_HConvH_proc6" rtlName="tmp6_fu_406_p2" latency="0" BRAM="-1" DSP="-1" FF="0" LUT="32" fileDirectory="D:\proj\2D_convolution_with_linebuffer"></item>
<item  id="84" filename="convolution.cpp" linenumber="176" name="tmp_4" contextFuncName="convolution_strm&lt;unsigned int, 11&gt;" moduleName="Loop_HConvH_proc6" rtlName="tmp_4_fu_415_p2" latency="0" BRAM="-1" DSP="-1" FF="0" LUT="32" fileDirectory="D:\proj\2D_convolution_with_linebuffer"></item>
<item  id="85" filename="convolution.cpp" linenumber="178" name="tmp_10_i" contextFuncName="convolution_strm&lt;unsigned int, 11&gt;" moduleName="Loop_HConvH_proc6" rtlName="tmp_10_i_fu_197_p2" latency="0" BRAM="-1" DSP="-1" FF="0" LUT="18" fileDirectory="D:\proj\2D_convolution_with_linebuffer"></item>
<item  id="93" filename="convolution.cpp" linenumber="169" name="row" contextFuncName="convolution_strm&lt;unsigned int, 11&gt;" moduleName="Loop_HConvH_proc6" rtlName="row_fu_203_p2" latency="0" BRAM="-1" DSP="-1" FF="0" LUT="38" fileDirectory="D:\proj\2D_convolution_with_linebuffer"></item>
</annotationInfo>
<annotationInfo>
<item  id="35" filename="convolution.cpp" linenumber="186" name="row2_0_i_cast_i_i" contextFuncName="convolution_strm&lt;unsigned int, 11&gt;" moduleName="Loop_VConvH_proc" rtlName="row2_0_i_cast_i_i_fu_324_p1" latency="0" BRAM="-1" DSP="-1" FF="-1" LUT="-1" fileDirectory="D:\proj\2D_convolution_with_linebuffer"></item>
<item  id="36" filename="convolution.cpp" linenumber="186" name="tmp_11_i_i" contextFuncName="convolution_strm&lt;unsigned int, 11&gt;" moduleName="Loop_VConvH_proc" rtlName="tmp_11_i_i_fu_328_p2" latency="0" BRAM="-1" DSP="-1" FF="0" LUT="18" fileDirectory="D:\proj\2D_convolution_with_linebuffer"></item>
<item  id="42" filename="convolution.cpp" linenumber="186" name="row2_0_i_i_i_mid2" contextFuncName="convolution_strm&lt;unsigned int, 11&gt;" moduleName="Loop_VConvH_proc" rtlName="row2_0_i_i_i_mid2_fu_344_p3" latency="0" BRAM="-1" DSP="-1" FF="0" LUT="31" fileDirectory="D:\proj\2D_convolution_with_linebuffer"></item>
<item  id="43" filename="convolution.cpp" linenumber="185" name="col" contextFuncName="convolution_strm&lt;unsigned int, 11&gt;" moduleName="Loop_VConvH_proc" rtlName="col_fu_352_p2" latency="0" BRAM="-1" DSP="-1" FF="0" LUT="38" fileDirectory="D:\proj\2D_convolution_with_linebuffer"></item>
<item  id="44" filename="convolution.cpp" linenumber="198" name="tmp_8_i_i_mid1" contextFuncName="convolution_strm&lt;unsigned int, 11&gt;" moduleName="Loop_VConvH_proc" rtlName="tmp_8_i_i_mid1_fu_358_p2" latency="0" BRAM="-1" DSP="-1" FF="0" LUT="18" fileDirectory="D:\proj\2D_convolution_with_linebuffer"></item>
<item  id="45" filename="convolution.cpp" linenumber="198" name="tmp_8_i_i" contextFuncName="convolution_strm&lt;unsigned int, 11&gt;" moduleName="Loop_VConvH_proc" rtlName="tmp_8_i_i_fu_364_p2" latency="0" BRAM="-1" DSP="-1" FF="0" LUT="18" fileDirectory="D:\proj\2D_convolution_with_linebuffer"></item>
<item  id="46" filename="convolution.cpp" linenumber="198" name="tmp_8_i_i_mid2" contextFuncName="convolution_strm&lt;unsigned int, 11&gt;" moduleName="Loop_VConvH_proc" rtlName="tmp_8_i_i_mid2_fu_384_p3" latency="0" BRAM="-1" DSP="-1" FF="0" LUT="2" fileDirectory="D:\proj\2D_convolution_with_linebuffer"></item>
<item  id="47" filename="convolution.cpp" linenumber="186" name="col1_0_i_i_i_mid2" contextFuncName="convolution_strm&lt;unsigned int, 11&gt;" moduleName="Loop_VConvH_proc" rtlName="col1_0_i_i_i_mid2_fu_370_p3" latency="0" BRAM="-1" DSP="-1" FF="0" LUT="31" fileDirectory="D:\proj\2D_convolution_with_linebuffer"></item>
<item  id="52" filename="convolution.cpp" linenumber="193" name="tmp_16_i_i" contextFuncName="convolution_strm&lt;unsigned int, 11&gt;" moduleName="Loop_VConvH_proc" rtlName="tmp_16_i_i_fu_389_p1" latency="0" BRAM="-1" DSP="-1" FF="-1" LUT="-1" fileDirectory="D:\proj\2D_convolution_with_linebuffer"></item>
<item  id="55" filename="convolution.cpp" linenumber="194" name="tmp" contextFuncName="convolution_strm&lt;unsigned int, 11&gt;" moduleName="Loop_VConvH_proc" rtlName="tmp_fu_456_p2" latency="0" BRAM="-1" DSP="-1" FF="-1" LUT="-1" fileDirectory="D:\proj\2D_convolution_with_linebuffer"></item>
<item  id="56" filename="convolution.cpp" linenumber="194" name="tmp_1" contextFuncName="convolution_strm&lt;unsigned int, 11&gt;" moduleName="Loop_VConvH_proc" rtlName="tmp_1_fu_461_p2" latency="0" BRAM="-1" DSP="-1" FF="-1" LUT="-1" fileDirectory="D:\proj\2D_convolution_with_linebuffer"></item>
<item  id="59" filename="convolution.cpp" linenumber="194" name="tmp_30_1_i_i" contextFuncName="convolution_strm&lt;unsigned int, 11&gt;" moduleName="Loop_VConvH_proc" rtlName="filter11x11_strm_cud_U35" latency="2" BRAM="-1" DSP="-1" FF="-1" LUT="-1" fileDirectory="D:\proj\2D_convolution_with_linebuffer"></item>
<item  id="63" filename="convolution.cpp" linenumber="194" name="tmp_30_2_i_i" contextFuncName="convolution_strm&lt;unsigned int, 11&gt;" moduleName="Loop_VConvH_proc" rtlName="filter11x11_strm_dEe_U36" latency="2" BRAM="-1" DSP="-1" FF="-1" LUT="-1" fileDirectory="D:\proj\2D_convolution_with_linebuffer"></item>
<item  id="67" filename="convolution.cpp" linenumber="194" name="tmp_30_3_i_i" contextFuncName="convolution_strm&lt;unsigned int, 11&gt;" moduleName="Loop_VConvH_proc" rtlName="filter11x11_strm_dEe_U37" latency="2" BRAM="-1" DSP="-1" FF="-1" LUT="-1" fileDirectory="D:\proj\2D_convolution_with_linebuffer"></item>
<item  id="71" filename="convolution.cpp" linenumber="194" name="tmp_30_4_i_i" contextFuncName="convolution_strm&lt;unsigned int, 11&gt;" moduleName="Loop_VConvH_proc" rtlName="filter11x11_strm_eOg_U31" latency="2" BRAM="-1" DSP="-1" FF="-1" LUT="-1" fileDirectory="D:\proj\2D_convolution_with_linebuffer"></item>
<item  id="75" filename="convolution.cpp" linenumber="194" name="tmp_30_5_i_i" contextFuncName="convolution_strm&lt;unsigned int, 11&gt;" moduleName="Loop_VConvH_proc" rtlName="filter11x11_strm_eOg_U32" latency="2" BRAM="-1" DSP="-1" FF="-1" LUT="-1" fileDirectory="D:\proj\2D_convolution_with_linebuffer"></item>
<item  id="79" filename="convolution.cpp" linenumber="194" name="tmp_30_6_i_i" contextFuncName="convolution_strm&lt;unsigned int, 11&gt;" moduleName="Loop_VConvH_proc" rtlName="filter11x11_strm_eOg_U33" latency="2" BRAM="-1" DSP="-1" FF="-1" LUT="-1" fileDirectory="D:\proj\2D_convolution_with_linebuffer"></item>
<item  id="83" filename="convolution.cpp" linenumber="194" name="tmp_30_7_i_i" contextFuncName="convolution_strm&lt;unsigned int, 11&gt;" moduleName="Loop_VConvH_proc" rtlName="filter11x11_strm_dEe_U34" latency="2" BRAM="-1" DSP="-1" FF="-1" LUT="-1" fileDirectory="D:\proj\2D_convolution_with_linebuffer"></item>
<item  id="87" filename="convolution.cpp" linenumber="194" name="tmp_30_8_i_i" contextFuncName="convolution_strm&lt;unsigned int, 11&gt;" moduleName="Loop_VConvH_proc" rtlName="filter11x11_strm_dEe_U29" latency="2" BRAM="-1" DSP="-1" FF="-1" LUT="-1" fileDirectory="D:\proj\2D_convolution_with_linebuffer"></item>
<item  id="91" filename="convolution.cpp" linenumber="194" name="tmp_30_9_i_i" contextFuncName="convolution_strm&lt;unsigned int, 11&gt;" moduleName="Loop_VConvH_proc" rtlName="filter11x11_strm_cud_U30" latency="2" BRAM="-1" DSP="-1" FF="-1" LUT="-1" fileDirectory="D:\proj\2D_convolution_with_linebuffer"></item>
<item  id="93" filename="convolution.cpp" linenumber="194" name="tmp_3" contextFuncName="convolution_strm&lt;unsigned int, 11&gt;" moduleName="Loop_VConvH_proc" rtlName="tmp_3_fu_466_p2" latency="0" BRAM="-1" DSP="-1" FF="-1" LUT="-1" fileDirectory="D:\proj\2D_convolution_with_linebuffer"></item>
<item  id="94" filename="convolution.cpp" linenumber="194" name="tmp_4" contextFuncName="convolution_strm&lt;unsigned int, 11&gt;" moduleName="Loop_VConvH_proc" rtlName="tmp_4_fu_471_p2" latency="0" BRAM="-1" DSP="-1" FF="-1" LUT="-1" fileDirectory="D:\proj\2D_convolution_with_linebuffer"></item>
<item  id="95" filename="convolution.cpp" linenumber="194" name="tmp3" contextFuncName="convolution_strm&lt;unsigned int, 11&gt;" moduleName="Loop_VConvH_proc" rtlName="tmp3_fu_476_p2" latency="0" BRAM="-1" DSP="-1" FF="0" LUT="32" fileDirectory="D:\proj\2D_convolution_with_linebuffer"></item>
<item  id="96" filename="convolution.cpp" linenumber="194" name="tmp2" contextFuncName="convolution_strm&lt;unsigned int, 11&gt;" moduleName="Loop_VConvH_proc" rtlName="tmp2_fu_482_p2" latency="0" BRAM="-1" DSP="-1" FF="0" LUT="32" fileDirectory="D:\proj\2D_convolution_with_linebuffer"></item>
<item  id="97" filename="convolution.cpp" linenumber="194" name="tmp5" contextFuncName="convolution_strm&lt;unsigned int, 11&gt;" moduleName="Loop_VConvH_proc" rtlName="tmp5_fu_488_p2" latency="0" BRAM="-1" DSP="-1" FF="0" LUT="32" fileDirectory="D:\proj\2D_convolution_with_linebuffer"></item>
<item  id="98" filename="convolution.cpp" linenumber="194" name="tmp4" contextFuncName="convolution_strm&lt;unsigned int, 11&gt;" moduleName="Loop_VConvH_proc" rtlName="tmp4_fu_492_p2" latency="0" BRAM="-1" DSP="-1" FF="0" LUT="32" fileDirectory="D:\proj\2D_convolution_with_linebuffer"></item>
<item  id="99" filename="convolution.cpp" linenumber="194" name="tmp1" contextFuncName="convolution_strm&lt;unsigned int, 11&gt;" moduleName="Loop_VConvH_proc" rtlName="tmp1_fu_507_p2" latency="0" BRAM="-1" DSP="-1" FF="0" LUT="32" fileDirectory="D:\proj\2D_convolution_with_linebuffer"></item>
<item  id="100" filename="convolution.cpp" linenumber="194" name="tmp8" contextFuncName="convolution_strm&lt;unsigned int, 11&gt;" moduleName="Loop_VConvH_proc" rtlName="tmp8_fu_443_p2" latency="0" BRAM="-1" DSP="-1" FF="0" LUT="39" fileDirectory="D:\proj\2D_convolution_with_linebuffer"></item>
<item  id="101" filename="convolution.cpp" linenumber="194" name="tmp7" contextFuncName="convolution_strm&lt;unsigned int, 11&gt;" moduleName="Loop_VConvH_proc" rtlName="tmp7_fu_498_p2" latency="0" BRAM="-1" DSP="-1" FF="0" LUT="32" fileDirectory="D:\proj\2D_convolution_with_linebuffer"></item>
<item  id="102" filename="convolution.cpp" linenumber="194" name="tmp10" contextFuncName="convolution_strm&lt;unsigned int, 11&gt;" moduleName="Loop_VConvH_proc" rtlName="tmp10_fu_447_p2" latency="0" BRAM="-1" DSP="-1" FF="0" LUT="32" fileDirectory="D:\proj\2D_convolution_with_linebuffer"></item>
<item  id="103" filename="convolution.cpp" linenumber="194" name="tmp11" contextFuncName="convolution_strm&lt;unsigned int, 11&gt;" moduleName="Loop_VConvH_proc" rtlName="tmp11_fu_439_p2" latency="0" BRAM="-1" DSP="-1" FF="0" LUT="39" fileDirectory="D:\proj\2D_convolution_with_linebuffer"></item>
<item  id="104" filename="convolution.cpp" linenumber="194" name="tmp9" contextFuncName="convolution_strm&lt;unsigned int, 11&gt;" moduleName="Loop_VConvH_proc" rtlName="tmp9_fu_451_p2" latency="0" BRAM="-1" DSP="-1" FF="0" LUT="32" fileDirectory="D:\proj\2D_convolution_with_linebuffer"></item>
<item  id="105" filename="convolution.cpp" linenumber="194" name="tmp6" contextFuncName="convolution_strm&lt;unsigned int, 11&gt;" moduleName="Loop_VConvH_proc" rtlName="tmp6_fu_502_p2" latency="0" BRAM="-1" DSP="-1" FF="0" LUT="32" fileDirectory="D:\proj\2D_convolution_with_linebuffer"></item>
<item  id="106" filename="convolution.cpp" linenumber="194" name="tmp_2" contextFuncName="convolution_strm&lt;unsigned int, 11&gt;" moduleName="Loop_VConvH_proc" rtlName="tmp_2_fu_511_p2" latency="0" BRAM="-1" DSP="-1" FF="0" LUT="32" fileDirectory="D:\proj\2D_convolution_with_linebuffer"></item>
<item  id="114" filename="convolution.cpp" linenumber="186" name="row" contextFuncName="convolution_strm&lt;unsigned int, 11&gt;" moduleName="Loop_VConvH_proc" rtlName="row_fu_378_p2" latency="0" BRAM="-1" DSP="-1" FF="0" LUT="38" fileDirectory="D:\proj\2D_convolution_with_linebuffer"></item>
</annotationInfo>
<annotationInfo>
<item  id="11" filename="convolution.cpp" linenumber="158" name="borderbuf" contextFuncName="convolution_strm&lt;unsigned int, 11&gt;" moduleName="Loop_Border_proc" rtlName="borderbuf_U" latency="0" BRAM="-1" DSP="-1" FF="-1" LUT="-1" fileDirectory="D:\proj\2D_convolution_with_linebuffer"></item>
<item  id="18" filename="convolution.cpp" linenumber="218" name="tmp_9_i_i" contextFuncName="convolution_strm&lt;unsigned int, 11&gt;" moduleName="Loop_Border_proc" rtlName="tmp_9_i_i_fu_185_p2" latency="0" BRAM="-1" DSP="-1" FF="0" LUT="39" fileDirectory="D:\proj\2D_convolution_with_linebuffer"></item>
<item  id="19" filename="convolution.cpp" linenumber="225" name="tmp_i_i" contextFuncName="convolution_strm&lt;unsigned int, 11&gt;" moduleName="Loop_Border_proc" rtlName="tmp_i_i_fu_190_p2" latency="0" BRAM="-1" DSP="-1" FF="0" LUT="39" fileDirectory="D:\proj\2D_convolution_with_linebuffer"></item>
<item  id="20" filename="convolution.cpp" linenumber="208" name="tmp_7_i_i" contextFuncName="convolution_strm&lt;unsigned int, 11&gt;" moduleName="Loop_Border_proc" rtlName="tmp_7_i_i_fu_195_p2" latency="0" BRAM="-1" DSP="-1" FF="0" LUT="39" fileDirectory="D:\proj\2D_convolution_with_linebuffer"></item>
<item  id="29" filename="convolution.cpp" linenumber="204" name="i6_0_i_cast_i_i_mid1" contextFuncName="convolution_strm&lt;unsigned int, 11&gt;" moduleName="Loop_Border_proc" rtlName="i6_0_i_cast_i_i_mid1_fu_200_p1" latency="0" BRAM="-1" DSP="-1" FF="-1" LUT="-1" fileDirectory="D:\proj\2D_convolution_with_linebuffer"></item>
<item  id="30" filename="convolution.cpp" linenumber="208" name="tmp_17_i_i" contextFuncName="convolution_strm&lt;unsigned int, 11&gt;" moduleName="Loop_Border_proc" rtlName="tmp_17_i_i_fu_204_p2" latency="0" BRAM="-1" DSP="-1" FF="0" LUT="18" fileDirectory="D:\proj\2D_convolution_with_linebuffer"></item>
<item  id="31" filename="convolution.cpp" linenumber="208" name="notlhs" contextFuncName="convolution_strm&lt;unsigned int, 11&gt;" moduleName="Loop_Border_proc" rtlName="notlhs_fu_210_p2" latency="0" BRAM="-1" DSP="-1" FF="0" LUT="18" fileDirectory="D:\proj\2D_convolution_with_linebuffer"></item>
<item  id="32" filename="convolution.cpp" linenumber="208" name="notrhs" contextFuncName="convolution_strm&lt;unsigned int, 11&gt;" moduleName="Loop_Border_proc" rtlName="notrhs_fu_216_p2" latency="0" BRAM="-1" DSP="-1" FF="0" LUT="18" fileDirectory="D:\proj\2D_convolution_with_linebuffer"></item>
<item  id="33" filename="convolution.cpp" linenumber="208" name="brmerge_i_i_i_not" contextFuncName="convolution_strm&lt;unsigned int, 11&gt;" moduleName="Loop_Border_proc" rtlName="brmerge_i_i_i_not_fu_221_p2" latency="0" BRAM="-1" DSP="-1" FF="0" LUT="2" fileDirectory="D:\proj\2D_convolution_with_linebuffer"></item>
<item  id="34" filename="convolution.cpp" linenumber="208" name="brmerge" contextFuncName="convolution_strm&lt;unsigned int, 11&gt;" moduleName="Loop_Border_proc" rtlName="brmerge_fu_227_p2" latency="0" BRAM="-1" DSP="-1" FF="0" LUT="2" fileDirectory="D:\proj\2D_convolution_with_linebuffer"></item>
<item  id="35" filename="convolution.cpp" linenumber="205" name="j_0_i_cast_i_i" contextFuncName="convolution_strm&lt;unsigned int, 11&gt;" moduleName="Loop_Border_proc" rtlName="j_0_i_cast_i_i_fu_233_p1" latency="0" BRAM="-1" DSP="-1" FF="-1" LUT="-1" fileDirectory="D:\proj\2D_convolution_with_linebuffer"></item>
<item  id="36" filename="convolution.cpp" linenumber="205" name="tmp_22_i_i" contextFuncName="convolution_strm&lt;unsigned int, 11&gt;" moduleName="Loop_Border_proc" rtlName="tmp_22_i_i_fu_237_p2" latency="0" BRAM="-1" DSP="-1" FF="0" LUT="18" fileDirectory="D:\proj\2D_convolution_with_linebuffer"></item>
<item  id="41" filename="convolution.cpp" linenumber="204" name="i" contextFuncName="convolution_strm&lt;unsigned int, 11&gt;" moduleName="Loop_Border_proc" rtlName="i_fu_253_p2" latency="0" BRAM="-1" DSP="-1" FF="0" LUT="38" fileDirectory="D:\proj\2D_convolution_with_linebuffer"></item>
<item  id="42" filename="convolution.cpp" linenumber="204" name="i6_0_i_cast_i_i" contextFuncName="convolution_strm&lt;unsigned int, 11&gt;" moduleName="Loop_Border_proc" rtlName="i6_0_i_cast_i_i_fu_259_p1" latency="0" BRAM="-1" DSP="-1" FF="-1" LUT="-1" fileDirectory="D:\proj\2D_convolution_with_linebuffer"></item>
<item  id="44" filename="convolution.cpp" linenumber="205" name="j_0_i_i_i_mid2" contextFuncName="convolution_strm&lt;unsigned int, 11&gt;" moduleName="Loop_Border_proc" rtlName="j_0_i_i_i_mid2_fu_263_p3" latency="0" BRAM="-1" DSP="-1" FF="0" LUT="31" fileDirectory="D:\proj\2D_convolution_with_linebuffer"></item>
<item  id="45" filename="convolution.cpp" linenumber="208" name="tmp_17_i_i_mid1" contextFuncName="convolution_strm&lt;unsigned int, 11&gt;" moduleName="Loop_Border_proc" rtlName="tmp_17_i_i_mid1_fu_271_p2" latency="0" BRAM="-1" DSP="-1" FF="0" LUT="18" fileDirectory="D:\proj\2D_convolution_with_linebuffer"></item>
<item  id="46" filename="convolution.cpp" linenumber="208" name="notlhs_mid1" contextFuncName="convolution_strm&lt;unsigned int, 11&gt;" moduleName="Loop_Border_proc" rtlName="notlhs_mid1_fu_277_p2" latency="0" BRAM="-1" DSP="-1" FF="0" LUT="18" fileDirectory="D:\proj\2D_convolution_with_linebuffer"></item>
<item  id="47" filename="convolution.cpp" linenumber="208" name="notrhs_mid1" contextFuncName="convolution_strm&lt;unsigned int, 11&gt;" moduleName="Loop_Border_proc" rtlName="notrhs_mid1_fu_283_p2" latency="0" BRAM="-1" DSP="-1" FF="0" LUT="18" fileDirectory="D:\proj\2D_convolution_with_linebuffer"></item>
<item  id="48" filename="convolution.cpp" linenumber="208" name="brmerge_i_i_i_not_mi" contextFuncName="convolution_strm&lt;unsigned int, 11&gt;" moduleName="Loop_Border_proc" rtlName="brmerge_i_i_i_not_mi_fu_302_p2" latency="0" BRAM="-1" DSP="-1" FF="0" LUT="2" fileDirectory="D:\proj\2D_convolution_with_linebuffer"></item>
<item  id="49" filename="convolution.cpp" linenumber="208" name="brmerge_mid1" contextFuncName="convolution_strm&lt;unsigned int, 11&gt;" moduleName="Loop_Border_proc" rtlName="brmerge_mid1_fu_306_p2" latency="0" BRAM="-1" DSP="-1" FF="0" LUT="2" fileDirectory="D:\proj\2D_convolution_with_linebuffer"></item>
<item  id="50" filename="convolution.cpp" linenumber="208" name="brmerge_mid2" contextFuncName="convolution_strm&lt;unsigned int, 11&gt;" moduleName="Loop_Border_proc" rtlName="brmerge_mid2_fu_311_p3" latency="0" BRAM="-1" DSP="-1" FF="0" LUT="2" fileDirectory="D:\proj\2D_convolution_with_linebuffer"></item>
<item  id="51" filename="convolution.cpp" linenumber="205" name="j_0_i_cast_i_i_mid2_s" contextFuncName="convolution_strm&lt;unsigned int, 11&gt;" moduleName="Loop_Border_proc" rtlName="j_0_i_cast_i_i_mid2_s_fu_317_p1" latency="0" BRAM="-1" DSP="-1" FF="-1" LUT="-1" fileDirectory="D:\proj\2D_convolution_with_linebuffer"></item>
<item  id="52" filename="convolution.cpp" linenumber="205" name="i6_0_i_i_i_mid2" contextFuncName="convolution_strm&lt;unsigned int, 11&gt;" moduleName="Loop_Border_proc" rtlName="i6_0_i_i_i_mid2_fu_288_p3" latency="0" BRAM="-1" DSP="-1" FF="0" LUT="31" fileDirectory="D:\proj\2D_convolution_with_linebuffer"></item>
<item  id="57" filename="convolution.cpp" linenumber="211" name="tmp_25_i_i" contextFuncName="convolution_strm&lt;unsigned int, 11&gt;" moduleName="Loop_Border_proc" rtlName="tmp_25_i_i_fu_320_p2" latency="0" BRAM="-1" DSP="-1" FF="0" LUT="18" fileDirectory="D:\proj\2D_convolution_with_linebuffer"></item>
<item  id="61" filename="convolution.cpp" linenumber="213" name="tmp_27_i_i" contextFuncName="convolution_strm&lt;unsigned int, 11&gt;" moduleName="Loop_Border_proc" rtlName="tmp_27_i_i_fu_340_p1" latency="0" BRAM="-1" DSP="-1" FF="-1" LUT="-1" fileDirectory="D:\proj\2D_convolution_with_linebuffer"></item>
<item  id="70" filename="convolution.cpp" linenumber="215" name="tmp_28_i_i" contextFuncName="convolution_strm&lt;unsigned int, 11&gt;" moduleName="Loop_Border_proc" rtlName="tmp_28_i_i_fu_353_p2" latency="0" BRAM="-1" DSP="-1" FF="0" LUT="18" fileDirectory="D:\proj\2D_convolution_with_linebuffer"></item>
<item  id="71" filename="convolution.cpp" linenumber="215" name="pix_in_2_l_edge_pix_s" contextFuncName="convolution_strm&lt;unsigned int, 11&gt;" moduleName="Loop_Border_proc" rtlName="pix_in_2_l_edge_pix_s_fu_358_p3" latency="0" BRAM="-1" DSP="-1" FF="0" LUT="32" fileDirectory="D:\proj\2D_convolution_with_linebuffer"></item>
<item  id="72" filename="convolution.cpp" linenumber="218" name="tmp_29_i_i" contextFuncName="convolution_strm&lt;unsigned int, 11&gt;" moduleName="Loop_Border_proc" rtlName="tmp_29_i_i_fu_325_p2" latency="0" BRAM="-1" DSP="-1" FF="0" LUT="18" fileDirectory="D:\proj\2D_convolution_with_linebuffer"></item>
<item  id="73" filename="convolution.cpp" linenumber="218" name="l_edge_pix" contextFuncName="convolution_strm&lt;unsigned int, 11&gt;" moduleName="Loop_Border_proc" rtlName="l_edge_pix_fu_366_p3" latency="0" BRAM="-1" DSP="-1" FF="0" LUT="32" fileDirectory="D:\proj\2D_convolution_with_linebuffer"></item>
<item  id="80" filename="convolution.cpp" linenumber="223" name="tmp_31_i_i" contextFuncName="convolution_strm&lt;unsigned int, 11&gt;" moduleName="Loop_Border_proc" rtlName="tmp_31_i_i_fu_383_p2" latency="0" BRAM="-1" DSP="-1" FF="0" LUT="18" fileDirectory="D:\proj\2D_convolution_with_linebuffer"></item>
<item  id="81" filename="convolution.cpp" linenumber="225" name="tmp_32_i_i" contextFuncName="convolution_strm&lt;unsigned int, 11&gt;" moduleName="Loop_Border_proc" rtlName="tmp_32_i_i_fu_330_p2" latency="0" BRAM="-1" DSP="-1" FF="0" LUT="18" fileDirectory="D:\proj\2D_convolution_with_linebuffer"></item>
<item  id="82" filename="convolution.cpp" linenumber="228" name="tmp_33_i_i" contextFuncName="convolution_strm&lt;unsigned int, 11&gt;" moduleName="Loop_Border_proc" rtlName="tmp_33_i_i_fu_388_p2" latency="0" BRAM="-1" DSP="-1" FF="0" LUT="38" fileDirectory="D:\proj\2D_convolution_with_linebuffer"></item>
<item  id="83" filename="convolution.cpp" linenumber="228" name="tmp_34_i_i" contextFuncName="convolution_strm&lt;unsigned int, 11&gt;" moduleName="Loop_Border_proc" rtlName="tmp_34_i_i_fu_393_p1" latency="0" BRAM="-1" DSP="-1" FF="-1" LUT="-1" fileDirectory="D:\proj\2D_convolution_with_linebuffer"></item>
<item  id="86" filename="convolution.cpp" linenumber="223" name="sel_tmp" contextFuncName="convolution_strm&lt;unsigned int, 11&gt;" moduleName="Loop_Border_proc" rtlName="sel_tmp_fu_404_p2" latency="0" BRAM="-1" DSP="-1" FF="0" LUT="2" fileDirectory="D:\proj\2D_convolution_with_linebuffer"></item>
<item  id="87" filename="convolution.cpp" linenumber="225" name="sel_tmp1" contextFuncName="convolution_strm&lt;unsigned int, 11&gt;" moduleName="Loop_Border_proc" rtlName="sel_tmp1_fu_409_p2" latency="0" BRAM="-1" DSP="-1" FF="0" LUT="2" fileDirectory="D:\proj\2D_convolution_with_linebuffer"></item>
<item  id="88" filename="convolution.cpp" linenumber="230" name="pix_out_3" contextFuncName="convolution_strm&lt;unsigned int, 11&gt;" moduleName="Loop_Border_proc" rtlName="pix_out_3_fu_414_p3" latency="0" BRAM="-1" DSP="-1" FF="0" LUT="32" fileDirectory="D:\proj\2D_convolution_with_linebuffer"></item>
<item  id="89" filename="convolution.cpp" linenumber="230" name="pix_out_8" contextFuncName="convolution_strm&lt;unsigned int, 11&gt;" moduleName="Loop_Border_proc" rtlName="pix_out_8_fu_422_p3" latency="0" BRAM="-1" DSP="-1" FF="0" LUT="32" fileDirectory="D:\proj\2D_convolution_with_linebuffer"></item>
<item  id="92" filename="convolution.cpp" linenumber="205" name="j" contextFuncName="convolution_strm&lt;unsigned int, 11&gt;" moduleName="Loop_Border_proc" rtlName="j_fu_296_p2" latency="0" BRAM="-1" DSP="-1" FF="0" LUT="38" fileDirectory="D:\proj\2D_convolution_with_linebuffer"></item>
</annotationInfo>
<annotationInfo>
<item  id="30" filename="convolution.cpp" linenumber="150" name="hconv_V" contextFuncName="convolution_strm&lt;unsigned int, 11&gt;" moduleName="filter11x11_strm" rtlName="hconv_V_U" latency="0" BRAM="-1" DSP="-1" FF="-1" LUT="-1" fileDirectory="D:\proj\2D_convolution_with_linebuffer"></item>
<item  id="33" filename="convolution.cpp" linenumber="155" name="vconv_V" contextFuncName="convolution_strm&lt;unsigned int, 11&gt;" moduleName="filter11x11_strm" rtlName="vconv_V_U" latency="0" BRAM="-1" DSP="-1" FF="-1" LUT="-1" fileDirectory="D:\proj\2D_convolution_with_linebuffer"></item>
</annotationInfo>
</annotationInfo>
