<profile>

<section name = "Vivado HLS Report for 'filter11x11_strm'" level="0">
<item name = "Date">Tue Aug 11 06:27:57 2020
</item>
<item name = "Version">2018.1 (Build 2188600 on Wed Apr 04 19:04:02 MDT 2018)</item>
<item name = "Project">proj_2D_convolution_with_linebuffer</item>
<item name = "Solution">solution1</item>
<item name = "Product family">zynq</item>
<item name = "Target device">xc7z020clg484-1</item>
</section>

<section name = "Performance Estimates" level="0">
<item name = "Timing (ns)">
<section name = "" level="1">
<item name = "Target clock period (ns)">6.66</item>
<item name = "Clock uncertainty (ns)">0.83</item>
<item name = "Estimated clock period (ns)">5.83</item>
</section>
</item>
<item name = "Latency (clock cycles)">
<section name = "" level="1">
<item name = "Summary"><table name="" hasTotal="0">
<keys size="6">, min, max, min, max, Type</keys>
<column name="">17, 2070622, 7, 2070614, dataflow</column>
</table>
</item>
<item name = "Detail">
<section name = "" level="1">
<item name = "Instance"><table name="" hasTotal="0">
<keys size="7">Instance, Module, min, max, min, max, Type</keys>
<column name="Loop_VConvH_proc_U0">Loop_VConvH_proc, 5, 2059825, 5, 2059825, none</column>
<column name="Loop_HConvH_proc6_U0">Loop_HConvH_proc6, 6, 2070613, 6, 2070613, none</column>
<column name="Loop_Border_proc_U0">Loop_Border_proc, 5, 2070610, 5, 2070610, none</column>
<column name="Block_crit_edge_i1_U0">Block_crit_edge_i1, 1, 1, 1, 1, none</column>
<column name="filter11x11_strm_ent_U0">filter11x11_strm_ent, 0, 0, 0, 0, none</column>
</table>
</item>
<item name = "Loop"><table name="" hasTotal="0">
<keys size="8">Loop Name, min, max, Latency, achieved, target, Count, Pipelined</keys>
</table>
</item>
</section>
</item>
</section>
</item>
</section>

<section name = "Utilization Estimates" level="0">
<item name = "Summary"><table name="" hasTotal="1">
<keys size="5">Name, BRAM_18K, DSP48E, FF, LUT</keys>
<column name="DSP">-, -, -, -</column>
<column name="Expression">-, -, 0, 34</column>
<column name="FIFO">0, -, 50, 440</column>
<column name="Instance">44, 84, 8072, 4356</column>
<column name="Memory">-, -, -, -</column>
<column name="Multiplexer">-, -, -, 36</column>
<column name="Register">-, -, 6, -</column>
<specialColumn name="Available">280, 220, 106400, 53200</specialColumn>
<specialColumn name="Utilization (%)">15, 38, 7, 9</specialColumn>
</table>
</item>
<item name = "Detail">
<section name = "" level="1">
<item name = "Instance"><table name="" hasTotal="1">
<keys size="6">Instance, Module, BRAM_18K, DSP48E, FF, LUT</keys>
<column name="Block_crit_edge_i1_U0">Block_crit_edge_i1, 0, 0, 36, 103</column>
<column name="Loop_Border_proc_U0">Loop_Border_proc, 4, 4, 1120, 1151</column>
<column name="Loop_HConvH_proc6_U0">Loop_HConvH_proc6, 0, 40, 3439, 1482</column>
<column name="Loop_VConvH_proc_U0">Loop_VConvH_proc, 40, 40, 3474, 1564</column>
<column name="filter11x11_strm_ent_U0">filter11x11_strm_ent, 0, 0, 3, 56</column>
</table>
</item>
<item name = "DSP48"><table name="" hasTotal="0">
<keys size="3">Instance, Module, Expression</keys>
</table>
</item>
<item name = "Memory"><table name="" hasTotal="1">
<keys size="9">Memory, Module, BRAM_18K, FF, LUT, Words, Bits, Banks, W*Bits*Banks</keys>
</table>
</item>
<item name = "FIFO"><table name="" hasTotal="1">
<keys size="7">Name, BRAM_18K, FF, LUT, Depth, Bits, Size:D*B</keys>
<column name="hconv_V_U">0, 5, 44, 2, 32, 64</column>
<column name="height_c160_U">0, 5, 44, 3, 32, 96</column>
<column name="height_c162_U">0, 5, 44, 2, 32, 64</column>
<column name="height_c_U">0, 5, 44, 2, 32, 64</column>
<column name="vconv_V_U">0, 5, 44, 2, 32, 64</column>
<column name="vconv_xlim_loc_c163_U">0, 5, 44, 2, 32, 64</column>
<column name="vconv_xlim_loc_c_U">0, 5, 44, 2, 32, 64</column>
<column name="width_c159_U">0, 5, 44, 2, 32, 64</column>
<column name="width_c161_U">0, 5, 44, 3, 32, 96</column>
<column name="width_c_U">0, 5, 44, 2, 32, 64</column>
</table>
</item>
<item name = "Expression"><table name="" hasTotal="1">
<keys size="7">Variable Name, Operation, DSP48E, FF, LUT, Bitwidth P0, Bitwidth P1</keys>
<column name="Loop_HConvH_proc6_U0_ap_ready_count">+, 0, 0, 10, 2, 1</column>
<column name="filter11x11_strm_ent_U0_ap_ready_count">+, 0, 0, 10, 2, 1</column>
<column name="Loop_HConvH_proc6_U0_ap_start">and, 0, 0, 2, 1, 1</column>
<column name="ap_idle">and, 0, 0, 2, 1, 1</column>
<column name="ap_sync_ready">and, 0, 0, 2, 1, 1</column>
<column name="filter11x11_strm_ent_U0_ap_start">and, 0, 0, 2, 1, 1</column>
<column name="filter11x11_strm_ent_U0_start_full_n">and, 0, 0, 2, 1, 1</column>
<column name="ap_sync_Loop_HConvH_proc6_U0_ap_ready">or, 0, 0, 2, 1, 1</column>
<column name="ap_sync_filter11x11_strm_ent_U0_ap_ready">or, 0, 0, 2, 1, 1</column>
</table>
</item>
<item name = "Multiplexer"><table name="" hasTotal="1">
<keys size="5">Name, LUT, Input Size, Bits, Total Bits</keys>
<column name="Loop_HConvH_proc6_U0_ap_ready_count">9, 2, 2, 4</column>
<column name="ap_sync_reg_Loop_HConvH_proc6_U0_ap_ready">9, 2, 1, 2</column>
<column name="ap_sync_reg_filter11x11_strm_ent_U0_ap_ready">9, 2, 1, 2</column>
<column name="filter11x11_strm_ent_U0_ap_ready_count">9, 2, 2, 4</column>
</table>
</item>
<item name = "Register"><table name="" hasTotal="1">
<keys size="5">Name, FF, LUT, Bits, Const Bits</keys>
<column name="Loop_HConvH_proc6_U0_ap_ready_count">2, 0, 2, 0</column>
<column name="ap_sync_reg_Loop_HConvH_proc6_U0_ap_ready">1, 0, 1, 0</column>
<column name="ap_sync_reg_filter11x11_strm_ent_U0_ap_ready">1, 0, 1, 0</column>
<column name="filter11x11_strm_ent_U0_ap_ready_count">2, 0, 2, 0</column>
</table>
</item>
</section>
</item>
</section>

<section name = "Interface" level="0">
<item name = "Summary"><table name="" hasTotal="0">
<keys size="6">RTL Ports, Dir, Bits, Protocol, Source Object, C Type</keys>
<column name="width">in, 32, ap_none, width, scalar</column>
<column name="height">in, 32, ap_none, height, scalar</column>
<column name="src_V_TDATA">in, 32, axis, src_V, pointer</column>
<column name="src_V_TVALID">in, 1, axis, src_V, pointer</column>
<column name="src_V_TREADY">out, 1, axis, src_V, pointer</column>
<column name="dst_V_TDATA">out, 32, axis, dst_V, pointer</column>
<column name="dst_V_TVALID">out, 1, axis, dst_V, pointer</column>
<column name="dst_V_TREADY">in, 1, axis, dst_V, pointer</column>
<column name="ap_clk">in, 1, ap_ctrl_hs, filter11x11_strm, return value</column>
<column name="ap_rst_n">in, 1, ap_ctrl_hs, filter11x11_strm, return value</column>
<column name="ap_done">out, 1, ap_ctrl_hs, filter11x11_strm, return value</column>
<column name="ap_start">in, 1, ap_ctrl_hs, filter11x11_strm, return value</column>
<column name="ap_ready">out, 1, ap_ctrl_hs, filter11x11_strm, return value</column>
<column name="ap_idle">out, 1, ap_ctrl_hs, filter11x11_strm, return value</column>
</table>
</item>
</section>

<section name = "Critical Path" level="0">
<item name = "Max Delay">2.91</item>
<item name = "Critical Path Table"><table name="Critical Path Table" hasTotal="0">
<keys size="15">Name, Operator, Delay, Accumulated Delay, Store Source, Resource, Core, Interface, Type, Port, Array, Scope, Pointer, Callee, Phi Node</keys>
<column name="'height'">read, 0.00, 0.00, -, -, -, wire, read, &apos;height&apos;, -, -, -, -, -</column>
<column name="">call, 2.91, 2.91, -, -, -, -, -, -, -, -, -, filter11x11_strm.ent, -</column>
</table>
</item>
</section>
</profile>
