<stg><name>filter11x11_strm.ent</name>


<trans_list>
</trans_list>



<state_list>

<state id="1" st_id="1">

<operation id="2" st_id="1" stage="1" lat="1">
<core>NULL</core>
<MemPortIdVec></MemPortIdVec>
<condition id="0">
<or_exp><and_exp></and_exp></or_exp>
</condition>

<Node id="7" bw="0" op_0_bw="0" op_1_bw="32" op_2_bw="0" op_3_bw="32" op_4_bw="32" op_5_bw="0" op_6_bw="32" op_7_bw="32" op_8_bw="0" op_9_bw="0" op_10_bw="0" op_11_bw="32" op_12_bw="32" op_13_bw="32" op_14_bw="32" op_15_bw="0" op_16_bw="0">
<![CDATA[
entry:0  call void (...)* @_ssdm_op_SpecInterface(i32* %width_out, [8 x i8]* @ap_fifo_str, i32 0, i32 0, [1 x i8]* @p_str, i32 0, i32 0, [1 x i8]* @p_str, [1 x i8]* @p_str, [1 x i8]* @p_str, i32 2, i32 2, i32 16, i32 16, [1 x i8]* @p_str, [1 x i8]* @p_str)

]]></Node>
<StgValue><ssdm name=""/></StgValue>
</operation>

<operation id="3" st_id="1" stage="1" lat="1">
<core>NULL</core>
<MemPortIdVec></MemPortIdVec>
<condition id="0">
<or_exp><and_exp></and_exp></or_exp>
</condition>

<Node id="8" bw="32" op_0_bw="32" op_1_bw="32">
<![CDATA[
entry:1  %height_read = call i32 @_ssdm_op_Read.ap_auto.i32(i32 %height)

]]></Node>
<StgValue><ssdm name="height_read"/></StgValue>
</operation>

<operation id="4" st_id="1" stage="1" lat="1">
<core>NULL</core>
<MemPortIdVec></MemPortIdVec>
<condition id="0">
<or_exp><and_exp></and_exp></or_exp>
</condition>

<Node id="9" bw="32" op_0_bw="32" op_1_bw="32">
<![CDATA[
entry:2  %width_read = call i32 @_ssdm_op_Read.ap_auto.i32(i32 %width)

]]></Node>
<StgValue><ssdm name="width_read"/></StgValue>
</operation>

<operation id="5" st_id="1" stage="1" lat="1">
<core>FIFO</core>
<MemPortIdVec></MemPortIdVec>
<condition id="0">
<or_exp><and_exp></and_exp></or_exp>
</condition>

<Node id="10" bw="0" op_0_bw="0" op_1_bw="32" op_2_bw="32">
<![CDATA[
entry:3  call void @_ssdm_op_Write.ap_fifo.i32P(i32* %width_out, i32 %width_read)

]]></Node>
<StgValue><ssdm name=""/></StgValue>
</operation>

<operation id="6" st_id="1" stage="1" lat="1">
<core>NULL</core>
<MemPortIdVec></MemPortIdVec>
<condition id="0">
<or_exp><and_exp></and_exp></or_exp>
</condition>

<Node id="11" bw="0" op_0_bw="0" op_1_bw="32" op_2_bw="0" op_3_bw="32" op_4_bw="32" op_5_bw="0" op_6_bw="32" op_7_bw="32" op_8_bw="0" op_9_bw="0" op_10_bw="0" op_11_bw="32" op_12_bw="32" op_13_bw="32" op_14_bw="32" op_15_bw="0" op_16_bw="0">
<![CDATA[
entry:4  call void (...)* @_ssdm_op_SpecInterface(i32* %width_out1, [8 x i8]* @ap_fifo_str, i32 0, i32 0, [1 x i8]* @p_str, i32 0, i32 0, [1 x i8]* @p_str, [1 x i8]* @p_str, [1 x i8]* @p_str, i32 2, i32 2, i32 16, i32 16, [1 x i8]* @p_str, [1 x i8]* @p_str)

]]></Node>
<StgValue><ssdm name=""/></StgValue>
</operation>

<operation id="7" st_id="1" stage="1" lat="1">
<core>FIFO</core>
<MemPortIdVec></MemPortIdVec>
<condition id="0">
<or_exp><and_exp></and_exp></or_exp>
</condition>

<Node id="12" bw="0" op_0_bw="0" op_1_bw="32" op_2_bw="32">
<![CDATA[
entry:5  call void @_ssdm_op_Write.ap_fifo.i32P(i32* %width_out1, i32 %width_read)

]]></Node>
<StgValue><ssdm name=""/></StgValue>
</operation>

<operation id="8" st_id="1" stage="1" lat="1">
<core>NULL</core>
<MemPortIdVec></MemPortIdVec>
<condition id="0">
<or_exp><and_exp></and_exp></or_exp>
</condition>

<Node id="13" bw="0" op_0_bw="0" op_1_bw="32" op_2_bw="0" op_3_bw="32" op_4_bw="32" op_5_bw="0" op_6_bw="32" op_7_bw="32" op_8_bw="0" op_9_bw="0" op_10_bw="0" op_11_bw="32" op_12_bw="32" op_13_bw="32" op_14_bw="32" op_15_bw="0" op_16_bw="0">
<![CDATA[
entry:6  call void (...)* @_ssdm_op_SpecInterface(i32* %height_out, [8 x i8]* @ap_fifo_str, i32 0, i32 0, [1 x i8]* @p_str, i32 0, i32 0, [1 x i8]* @p_str, [1 x i8]* @p_str, [1 x i8]* @p_str, i32 2, i32 2, i32 16, i32 16, [1 x i8]* @p_str, [1 x i8]* @p_str)

]]></Node>
<StgValue><ssdm name=""/></StgValue>
</operation>

<operation id="9" st_id="1" stage="1" lat="1">
<core>FIFO</core>
<MemPortIdVec></MemPortIdVec>
<condition id="0">
<or_exp><and_exp></and_exp></or_exp>
</condition>

<Node id="14" bw="0" op_0_bw="0" op_1_bw="32" op_2_bw="32">
<![CDATA[
entry:7  call void @_ssdm_op_Write.ap_fifo.i32P(i32* %height_out, i32 %height_read)

]]></Node>
<StgValue><ssdm name=""/></StgValue>
</operation>

<operation id="10" st_id="1" stage="1" lat="1">
<core>NULL</core>
<MemPortIdVec></MemPortIdVec>
<condition id="0">
<or_exp><and_exp></and_exp></or_exp>
</condition>

<Node id="15" bw="0" op_0_bw="0" op_1_bw="32" op_2_bw="0" op_3_bw="32" op_4_bw="32" op_5_bw="0" op_6_bw="32" op_7_bw="32" op_8_bw="0" op_9_bw="0" op_10_bw="0" op_11_bw="32" op_12_bw="32" op_13_bw="32" op_14_bw="32" op_15_bw="0" op_16_bw="0">
<![CDATA[
entry:8  call void (...)* @_ssdm_op_SpecInterface(i32* %height_out2, [8 x i8]* @ap_fifo_str, i32 0, i32 0, [1 x i8]* @p_str, i32 0, i32 0, [1 x i8]* @p_str, [1 x i8]* @p_str, [1 x i8]* @p_str, i32 2, i32 2, i32 16, i32 16, [1 x i8]* @p_str, [1 x i8]* @p_str)

]]></Node>
<StgValue><ssdm name=""/></StgValue>
</operation>

<operation id="11" st_id="1" stage="1" lat="1">
<core>FIFO</core>
<MemPortIdVec></MemPortIdVec>
<condition id="0">
<or_exp><and_exp></and_exp></or_exp>
</condition>

<Node id="16" bw="0" op_0_bw="0" op_1_bw="32" op_2_bw="32">
<![CDATA[
entry:9  call void @_ssdm_op_Write.ap_fifo.i32P(i32* %height_out2, i32 %height_read)

]]></Node>
<StgValue><ssdm name=""/></StgValue>
</operation>

<operation id="12" st_id="1" stage="1" lat="1">
<core>NULL</core>
<MemPortIdVec></MemPortIdVec>
<condition id="0">
<or_exp><and_exp></and_exp></or_exp>
</condition>

<Node id="17" bw="0">
<![CDATA[
entry:10  ret void

]]></Node>
<StgValue><ssdm name=""/></StgValue>
</operation>
</state>
</state_list>


<ports>
<port id="13" name="width" dir="0" iftype="0">
<core>NULL</core><StgValue><ssdm name="width"/></StgValue>
</port>
<port id="14" name="height" dir="0" iftype="0">
<core>NULL</core><StgValue><ssdm name="height"/></StgValue>
</port>
<port id="15" name="width_out" dir="1" iftype="3">
<core>FIFO</core><StgValue><ssdm name="width_out"/></StgValue>
</port>
<port id="16" name="width_out1" dir="1" iftype="3">
<core>FIFO</core><StgValue><ssdm name="width_out1"/></StgValue>
</port>
<port id="17" name="height_out" dir="1" iftype="3">
<core>FIFO</core><StgValue><ssdm name="height_out"/></StgValue>
</port>
<port id="18" name="height_out2" dir="1" iftype="3">
<core>FIFO</core><StgValue><ssdm name="height_out2"/></StgValue>
</port>
</ports>


<dataflows>
<dataflow id="20" from="_ssdm_op_SpecInterface" to="StgValue_2" fromId="19" toId="2">
</dataflow>
<dataflow id="21" from="width_out" to="StgValue_2" fromId="15" toId="2">
</dataflow>
<dataflow id="23" from="ap_fifo_str" to="StgValue_2" fromId="22" toId="2">
</dataflow>
<dataflow id="25" from="StgValue_24" to="StgValue_2" fromId="24" toId="2">
</dataflow>
<dataflow id="26" from="StgValue_24" to="StgValue_2" fromId="24" toId="2">
</dataflow>
<dataflow id="28" from="p_str" to="StgValue_2" fromId="27" toId="2">
</dataflow>
<dataflow id="29" from="StgValue_24" to="StgValue_2" fromId="24" toId="2">
</dataflow>
<dataflow id="30" from="StgValue_24" to="StgValue_2" fromId="24" toId="2">
</dataflow>
<dataflow id="31" from="p_str" to="StgValue_2" fromId="27" toId="2">
</dataflow>
<dataflow id="32" from="p_str" to="StgValue_2" fromId="27" toId="2">
</dataflow>
<dataflow id="33" from="p_str" to="StgValue_2" fromId="27" toId="2">
</dataflow>
<dataflow id="35" from="StgValue_34" to="StgValue_2" fromId="34" toId="2">
</dataflow>
<dataflow id="36" from="StgValue_34" to="StgValue_2" fromId="34" toId="2">
</dataflow>
<dataflow id="38" from="StgValue_37" to="StgValue_2" fromId="37" toId="2">
</dataflow>
<dataflow id="39" from="StgValue_37" to="StgValue_2" fromId="37" toId="2">
</dataflow>
<dataflow id="40" from="p_str" to="StgValue_2" fromId="27" toId="2">
</dataflow>
<dataflow id="41" from="p_str" to="StgValue_2" fromId="27" toId="2">
</dataflow>
<dataflow id="43" from="_ssdm_op_Read.ap_auto.i32" to="height_read" fromId="42" toId="3">
</dataflow>
<dataflow id="44" from="height" to="height_read" fromId="14" toId="3">
</dataflow>
<dataflow id="45" from="_ssdm_op_Read.ap_auto.i32" to="width_read" fromId="42" toId="4">
</dataflow>
<dataflow id="46" from="width" to="width_read" fromId="13" toId="4">
</dataflow>
<dataflow id="48" from="_ssdm_op_Write.ap_fifo.i32P" to="StgValue_5" fromId="47" toId="5">
</dataflow>
<dataflow id="49" from="width_out" to="StgValue_5" fromId="15" toId="5">
</dataflow>
<dataflow id="50" from="width_read" to="StgValue_5" fromId="4" toId="5">
</dataflow>
<dataflow id="51" from="_ssdm_op_SpecInterface" to="StgValue_6" fromId="19" toId="6">
</dataflow>
<dataflow id="52" from="width_out1" to="StgValue_6" fromId="16" toId="6">
</dataflow>
<dataflow id="53" from="ap_fifo_str" to="StgValue_6" fromId="22" toId="6">
</dataflow>
<dataflow id="54" from="StgValue_24" to="StgValue_6" fromId="24" toId="6">
</dataflow>
<dataflow id="55" from="StgValue_24" to="StgValue_6" fromId="24" toId="6">
</dataflow>
<dataflow id="56" from="p_str" to="StgValue_6" fromId="27" toId="6">
</dataflow>
<dataflow id="57" from="StgValue_24" to="StgValue_6" fromId="24" toId="6">
</dataflow>
<dataflow id="58" from="StgValue_24" to="StgValue_6" fromId="24" toId="6">
</dataflow>
<dataflow id="59" from="p_str" to="StgValue_6" fromId="27" toId="6">
</dataflow>
<dataflow id="60" from="p_str" to="StgValue_6" fromId="27" toId="6">
</dataflow>
<dataflow id="61" from="p_str" to="StgValue_6" fromId="27" toId="6">
</dataflow>
<dataflow id="62" from="StgValue_34" to="StgValue_6" fromId="34" toId="6">
</dataflow>
<dataflow id="63" from="StgValue_34" to="StgValue_6" fromId="34" toId="6">
</dataflow>
<dataflow id="64" from="StgValue_37" to="StgValue_6" fromId="37" toId="6">
</dataflow>
<dataflow id="65" from="StgValue_37" to="StgValue_6" fromId="37" toId="6">
</dataflow>
<dataflow id="66" from="p_str" to="StgValue_6" fromId="27" toId="6">
</dataflow>
<dataflow id="67" from="p_str" to="StgValue_6" fromId="27" toId="6">
</dataflow>
<dataflow id="68" from="_ssdm_op_Write.ap_fifo.i32P" to="StgValue_7" fromId="47" toId="7">
</dataflow>
<dataflow id="69" from="width_out1" to="StgValue_7" fromId="16" toId="7">
</dataflow>
<dataflow id="70" from="width_read" to="StgValue_7" fromId="4" toId="7">
</dataflow>
<dataflow id="71" from="_ssdm_op_SpecInterface" to="StgValue_8" fromId="19" toId="8">
</dataflow>
<dataflow id="72" from="height_out" to="StgValue_8" fromId="17" toId="8">
</dataflow>
<dataflow id="73" from="ap_fifo_str" to="StgValue_8" fromId="22" toId="8">
</dataflow>
<dataflow id="74" from="StgValue_24" to="StgValue_8" fromId="24" toId="8">
</dataflow>
<dataflow id="75" from="StgValue_24" to="StgValue_8" fromId="24" toId="8">
</dataflow>
<dataflow id="76" from="p_str" to="StgValue_8" fromId="27" toId="8">
</dataflow>
<dataflow id="77" from="StgValue_24" to="StgValue_8" fromId="24" toId="8">
</dataflow>
<dataflow id="78" from="StgValue_24" to="StgValue_8" fromId="24" toId="8">
</dataflow>
<dataflow id="79" from="p_str" to="StgValue_8" fromId="27" toId="8">
</dataflow>
<dataflow id="80" from="p_str" to="StgValue_8" fromId="27" toId="8">
</dataflow>
<dataflow id="81" from="p_str" to="StgValue_8" fromId="27" toId="8">
</dataflow>
<dataflow id="82" from="StgValue_34" to="StgValue_8" fromId="34" toId="8">
</dataflow>
<dataflow id="83" from="StgValue_34" to="StgValue_8" fromId="34" toId="8">
</dataflow>
<dataflow id="84" from="StgValue_37" to="StgValue_8" fromId="37" toId="8">
</dataflow>
<dataflow id="85" from="StgValue_37" to="StgValue_8" fromId="37" toId="8">
</dataflow>
<dataflow id="86" from="p_str" to="StgValue_8" fromId="27" toId="8">
</dataflow>
<dataflow id="87" from="p_str" to="StgValue_8" fromId="27" toId="8">
</dataflow>
<dataflow id="88" from="_ssdm_op_Write.ap_fifo.i32P" to="StgValue_9" fromId="47" toId="9">
</dataflow>
<dataflow id="89" from="height_out" to="StgValue_9" fromId="17" toId="9">
</dataflow>
<dataflow id="90" from="height_read" to="StgValue_9" fromId="3" toId="9">
</dataflow>
<dataflow id="91" from="_ssdm_op_SpecInterface" to="StgValue_10" fromId="19" toId="10">
</dataflow>
<dataflow id="92" from="height_out2" to="StgValue_10" fromId="18" toId="10">
</dataflow>
<dataflow id="93" from="ap_fifo_str" to="StgValue_10" fromId="22" toId="10">
</dataflow>
<dataflow id="94" from="StgValue_24" to="StgValue_10" fromId="24" toId="10">
</dataflow>
<dataflow id="95" from="StgValue_24" to="StgValue_10" fromId="24" toId="10">
</dataflow>
<dataflow id="96" from="p_str" to="StgValue_10" fromId="27" toId="10">
</dataflow>
<dataflow id="97" from="StgValue_24" to="StgValue_10" fromId="24" toId="10">
</dataflow>
<dataflow id="98" from="StgValue_24" to="StgValue_10" fromId="24" toId="10">
</dataflow>
<dataflow id="99" from="p_str" to="StgValue_10" fromId="27" toId="10">
</dataflow>
<dataflow id="100" from="p_str" to="StgValue_10" fromId="27" toId="10">
</dataflow>
<dataflow id="101" from="p_str" to="StgValue_10" fromId="27" toId="10">
</dataflow>
<dataflow id="102" from="StgValue_34" to="StgValue_10" fromId="34" toId="10">
</dataflow>
<dataflow id="103" from="StgValue_34" to="StgValue_10" fromId="34" toId="10">
</dataflow>
<dataflow id="104" from="StgValue_37" to="StgValue_10" fromId="37" toId="10">
</dataflow>
<dataflow id="105" from="StgValue_37" to="StgValue_10" fromId="37" toId="10">
</dataflow>
<dataflow id="106" from="p_str" to="StgValue_10" fromId="27" toId="10">
</dataflow>
<dataflow id="107" from="p_str" to="StgValue_10" fromId="27" toId="10">
</dataflow>
<dataflow id="108" from="_ssdm_op_Write.ap_fifo.i32P" to="StgValue_11" fromId="47" toId="11">
</dataflow>
<dataflow id="109" from="height_out2" to="StgValue_11" fromId="18" toId="11">
</dataflow>
<dataflow id="110" from="height_read" to="StgValue_11" fromId="3" toId="11">
</dataflow>
</dataflows>


</stg>
