<stg><name>Loop_Border_proc</name>


<trans_list>

<trans id="99" from="1" to="2">
<condition id="64">
<or_exp><and_exp></and_exp></or_exp>
</condition>
</trans>

<trans id="100" from="2" to="3">
<condition id="65">
<or_exp><and_exp></and_exp></or_exp>
</condition>
</trans>

<trans id="101" from="3" to="4">
<condition id="66">
<or_exp><and_exp></and_exp></or_exp>
</condition>
</trans>

<trans id="102" from="4" to="5">
<condition id="68">
<or_exp><and_exp></and_exp></or_exp>
</condition>
</trans>

<trans id="130" from="5" to="11">
<condition id="92">
<or_exp><and_exp><literal name="exitcond_flatten" val="1"/>
</and_exp></or_exp>
</condition>
</trans>

<trans id="131" from="5" to="6">
<condition id="98">
<or_exp><and_exp><literal name="exitcond_flatten" val="0"/>
</and_exp></or_exp>
</condition>
</trans>

<trans id="125" from="6" to="7">
<condition id="93">
<or_exp><and_exp></and_exp></or_exp>
</condition>
</trans>

<trans id="126" from="7" to="8">
<condition id="94">
<or_exp><and_exp></and_exp></or_exp>
</condition>
</trans>

<trans id="127" from="8" to="9">
<condition id="95">
<or_exp><and_exp></and_exp></or_exp>
</condition>
</trans>

<trans id="128" from="9" to="10">
<condition id="96">
<or_exp><and_exp></and_exp></or_exp>
</condition>
</trans>

<trans id="129" from="10" to="5">
<condition id="97">
<or_exp><and_exp></and_exp></or_exp>
</condition>
</trans>
</trans_list>



<state_list>

<state id="1" st_id="1">

<operation id="12" st_id="1" stage="1" lat="1">
<core>NULL</core>
<MemPortIdVec></MemPortIdVec>
<condition id="51">
<or_exp><and_exp></and_exp></or_exp>
</condition>

<Node id="6" bw="32" op_0_bw="32">
<![CDATA[
entry:0  %r_edge_pix = alloca i32

]]></Node>
<StgValue><ssdm name="r_edge_pix"/></StgValue>
</operation>

<operation id="13" st_id="1" stage="1" lat="1">
<core>NULL</core>
<MemPortIdVec></MemPortIdVec>
<condition id="51">
<or_exp><and_exp></and_exp></or_exp>
</condition>

<Node id="7" bw="32" op_0_bw="32">
<![CDATA[
entry:1  %pix_out = alloca i32

]]></Node>
<StgValue><ssdm name="pix_out"/></StgValue>
</operation>

<operation id="14" st_id="1" stage="1" lat="1">
<core>NULL</core>
<MemPortIdVec></MemPortIdVec>
<condition id="51">
<or_exp><and_exp></and_exp></or_exp>
</condition>

<Node id="8" bw="32" op_0_bw="32">
<![CDATA[
entry:2  %pix_out_1 = alloca i32

]]></Node>
<StgValue><ssdm name="pix_out_1"/></StgValue>
</operation>

<operation id="15" st_id="1" stage="1" lat="1">
<core>RAM</core>
<MemPortIdVec></MemPortIdVec>
<condition id="51">
<or_exp><and_exp></and_exp></or_exp>
</condition>

<Node id="11" bw="32" op_0_bw="64">
<![CDATA[
entry:5  %borderbuf = alloca [1910 x i32], align 16

]]></Node>
<StgValue><ssdm name="borderbuf"/></StgValue>
</operation>

<operation id="16" st_id="1" stage="1" lat="1">
<core>FIFO</core>
<MemPortIdVec></MemPortIdVec>
<condition id="51">
<or_exp><and_exp></and_exp></or_exp>
</condition>

<Node id="15" bw="32" op_0_bw="32" op_1_bw="32">
<![CDATA[
entry:9  %width_read = call i32 @_ssdm_op_Read.ap_fifo.i32P(i32* %width)

]]></Node>
<StgValue><ssdm name="width_read"/></StgValue>
</operation>

<operation id="17" st_id="1" stage="1" lat="1">
<core>FIFO</core>
<MemPortIdVec></MemPortIdVec>
<condition id="51">
<or_exp><and_exp></and_exp></or_exp>
</condition>

<Node id="16" bw="32" op_0_bw="32" op_1_bw="32">
<![CDATA[
entry:10  %height_read = call i32 @_ssdm_op_Read.ap_fifo.i32P(i32* %height)

]]></Node>
<StgValue><ssdm name="height_read"/></StgValue>
</operation>

<operation id="18" st_id="1" stage="1" lat="1">
<core>FIFO</core>
<MemPortIdVec></MemPortIdVec>
<condition id="51">
<or_exp><and_exp></and_exp></or_exp>
</condition>

<Node id="17" bw="32" op_0_bw="32" op_1_bw="32">
<![CDATA[
entry:11  %vconv_xlim_loc_read = call i32 @_ssdm_op_Read.ap_fifo.i32P(i32* %vconv_xlim_loc)

]]></Node>
<StgValue><ssdm name="vconv_xlim_loc_read"/></StgValue>
</operation>
</state>

<state id="2" st_id="2">

<operation id="19" st_id="2" stage="1" lat="1">
<core>NULL</core>
<MemPortIdVec></MemPortIdVec>
<condition id="52">
<or_exp><and_exp></and_exp></or_exp>
</condition>

<Node id="21" bw="64" op_0_bw="32">
<![CDATA[
entry:15  %cast = zext i32 %height_read to i64

]]></Node>
<StgValue><ssdm name="cast"/></StgValue>
</operation>

<operation id="20" st_id="2" stage="1" lat="1">
<core>NULL</core>
<MemPortIdVec></MemPortIdVec>
<condition id="52">
<or_exp><and_exp></and_exp></or_exp>
</condition>

<Node id="22" bw="64" op_0_bw="32">
<![CDATA[
entry:16  %cast1 = zext i32 %width_read to i64

]]></Node>
<StgValue><ssdm name="cast1"/></StgValue>
</operation>

<operation id="21" st_id="2" stage="3" lat="3">
<core>MulnS</core>
<MemPortIdVec></MemPortIdVec>
<condition id="52">
<or_exp><and_exp></and_exp></or_exp>
</condition>

<Node id="23" bw="64" op_0_bw="64" op_1_bw="64">
<![CDATA[
entry:17  %bound = mul i64 %cast1, %cast

]]></Node>
<StgValue><ssdm name="bound"/></StgValue>
</operation>
</state>

<state id="3" st_id="3">

<operation id="22" st_id="3" stage="2" lat="3">
<core>MulnS</core>
<MemPortIdVec></MemPortIdVec>
<condition id="53">
<or_exp><and_exp></and_exp></or_exp>
</condition>

<Node id="23" bw="64" op_0_bw="64" op_1_bw="64">
<![CDATA[
entry:17  %bound = mul i64 %cast1, %cast

]]></Node>
<StgValue><ssdm name="bound"/></StgValue>
</operation>
</state>

<state id="4" st_id="4">

<operation id="23" st_id="4" stage="1" lat="1">
<core>NULL</core>
<MemPortIdVec></MemPortIdVec>
<condition id="54">
<or_exp><and_exp></and_exp></or_exp>
</condition>

<Node id="9" bw="0" op_0_bw="0" op_1_bw="32" op_2_bw="0" op_3_bw="32" op_4_bw="32" op_5_bw="0" op_6_bw="32" op_7_bw="32" op_8_bw="0" op_9_bw="0" op_10_bw="0" op_11_bw="32" op_12_bw="32" op_13_bw="32" op_14_bw="32" op_15_bw="0" op_16_bw="0">
<![CDATA[
entry:3  call void (...)* @_ssdm_op_SpecInterface(i32* %dst_V, [5 x i8]* @p_str5, i32 1, i32 1, [5 x i8]* @p_str6, i32 0, i32 0, [1 x i8]* @p_str1, [1 x i8]* @p_str1, [1 x i8]* @p_str1, i32 0, i32 0, i32 0, i32 0, [1 x i8]* @p_str1, [1 x i8]* @p_str1)

]]></Node>
<StgValue><ssdm name=""/></StgValue>
</operation>

<operation id="24" st_id="4" stage="1" lat="1">
<core>NULL</core>
<MemPortIdVec></MemPortIdVec>
<condition id="54">
<or_exp><and_exp></and_exp></or_exp>
</condition>

<Node id="10" bw="0" op_0_bw="0" op_1_bw="32" op_2_bw="0" op_3_bw="32" op_4_bw="32" op_5_bw="0" op_6_bw="32" op_7_bw="32" op_8_bw="0" op_9_bw="0" op_10_bw="0" op_11_bw="32" op_12_bw="32" op_13_bw="32" op_14_bw="32" op_15_bw="0" op_16_bw="0">
<![CDATA[
entry:4  call void (...)* @_ssdm_op_SpecInterface(i32* %vconv_V, [8 x i8]* @ap_fifo_str, i32 0, i32 0, [1 x i8]* @p_str, i32 0, i32 0, [1 x i8]* @p_str, [1 x i8]* @p_str, [1 x i8]* @p_str, i32 2, i32 2, i32 16, i32 16, [1 x i8]* @p_str, [1 x i8]* @p_str)

]]></Node>
<StgValue><ssdm name=""/></StgValue>
</operation>

<operation id="25" st_id="4" stage="1" lat="1">
<core>NULL</core>
<MemPortIdVec></MemPortIdVec>
<condition id="54">
<or_exp><and_exp></and_exp></or_exp>
</condition>

<Node id="12" bw="0" op_0_bw="0" op_1_bw="32" op_2_bw="0" op_3_bw="32" op_4_bw="32" op_5_bw="0" op_6_bw="32" op_7_bw="32" op_8_bw="0" op_9_bw="0" op_10_bw="0" op_11_bw="32" op_12_bw="32" op_13_bw="32" op_14_bw="32" op_15_bw="0" op_16_bw="0">
<![CDATA[
entry:6  call void (...)* @_ssdm_op_SpecInterface(i32* %height, [8 x i8]* @ap_fifo_str, i32 0, i32 0, [1 x i8]* @p_str, i32 0, i32 0, [1 x i8]* @p_str, [1 x i8]* @p_str, [1 x i8]* @p_str, i32 2, i32 2, i32 16, i32 16, [1 x i8]* @p_str, [1 x i8]* @p_str)

]]></Node>
<StgValue><ssdm name=""/></StgValue>
</operation>

<operation id="26" st_id="4" stage="1" lat="1">
<core>NULL</core>
<MemPortIdVec></MemPortIdVec>
<condition id="54">
<or_exp><and_exp></and_exp></or_exp>
</condition>

<Node id="13" bw="0" op_0_bw="0" op_1_bw="32" op_2_bw="0" op_3_bw="32" op_4_bw="32" op_5_bw="0" op_6_bw="32" op_7_bw="32" op_8_bw="0" op_9_bw="0" op_10_bw="0" op_11_bw="32" op_12_bw="32" op_13_bw="32" op_14_bw="32" op_15_bw="0" op_16_bw="0">
<![CDATA[
entry:7  call void (...)* @_ssdm_op_SpecInterface(i32* %width, [8 x i8]* @ap_fifo_str, i32 0, i32 0, [1 x i8]* @p_str, i32 0, i32 0, [1 x i8]* @p_str, [1 x i8]* @p_str, [1 x i8]* @p_str, i32 2, i32 2, i32 16, i32 16, [1 x i8]* @p_str, [1 x i8]* @p_str)

]]></Node>
<StgValue><ssdm name=""/></StgValue>
</operation>

<operation id="27" st_id="4" stage="1" lat="1">
<core>NULL</core>
<MemPortIdVec></MemPortIdVec>
<condition id="54">
<or_exp><and_exp></and_exp></or_exp>
</condition>

<Node id="14" bw="0" op_0_bw="0" op_1_bw="32" op_2_bw="0" op_3_bw="32" op_4_bw="32" op_5_bw="0" op_6_bw="32" op_7_bw="32" op_8_bw="0" op_9_bw="0" op_10_bw="0" op_11_bw="32" op_12_bw="32" op_13_bw="32" op_14_bw="32" op_15_bw="0" op_16_bw="0">
<![CDATA[
entry:8  call void (...)* @_ssdm_op_SpecInterface(i32* %vconv_xlim_loc, [8 x i8]* @ap_fifo_str, i32 0, i32 0, [1 x i8]* @p_str, i32 0, i32 0, [1 x i8]* @p_str, [1 x i8]* @p_str, [1 x i8]* @p_str, i32 2, i32 2, i32 16, i32 16, [1 x i8]* @p_str, [1 x i8]* @p_str)

]]></Node>
<StgValue><ssdm name=""/></StgValue>
</operation>

<operation id="28" st_id="4" stage="1" lat="1">
<core>AddSub</core>
<MemPortIdVec></MemPortIdVec>
<condition id="54">
<or_exp><and_exp></and_exp></or_exp>
</condition>

<Node id="18" bw="32" op_0_bw="32" op_1_bw="32">
<![CDATA[
entry:12  %tmp_9_i_i = add nsw i32 %width_read, -11

]]></Node>
<StgValue><ssdm name="tmp_9_i_i"/></StgValue>
</operation>

<operation id="29" st_id="4" stage="1" lat="1">
<core>AddSub</core>
<MemPortIdVec></MemPortIdVec>
<condition id="54">
<or_exp><and_exp></and_exp></or_exp>
</condition>

<Node id="19" bw="32" op_0_bw="32" op_1_bw="32">
<![CDATA[
entry:13  %tmp_i_i = add nsw i32 %width_read, -6

]]></Node>
<StgValue><ssdm name="tmp_i_i"/></StgValue>
</operation>

<operation id="30" st_id="4" stage="1" lat="1">
<core>AddSub</core>
<MemPortIdVec></MemPortIdVec>
<condition id="54">
<or_exp><and_exp></and_exp></or_exp>
</condition>

<Node id="20" bw="32" op_0_bw="32" op_1_bw="32">
<![CDATA[
entry:14  %tmp_7_i_i = add nsw i32 %height_read, -5

]]></Node>
<StgValue><ssdm name="tmp_7_i_i"/></StgValue>
</operation>

<operation id="31" st_id="4" stage="1" lat="3">
<core>MulnS</core>
<MemPortIdVec></MemPortIdVec>
<condition id="54">
<or_exp><and_exp></and_exp></or_exp>
</condition>

<Node id="23" bw="64" op_0_bw="64" op_1_bw="64">
<![CDATA[
entry:17  %bound = mul i64 %cast1, %cast

]]></Node>
<StgValue><ssdm name="bound"/></StgValue>
</operation>

<operation id="32" st_id="4" stage="1" lat="1">
<core>NULL</core>
<MemPortIdVec></MemPortIdVec>
<condition id="54">
<or_exp><and_exp></and_exp></or_exp>
</condition>

<Node id="24" bw="0" op_0_bw="0">
<![CDATA[
entry:18  br label %0

]]></Node>
<StgValue><ssdm name=""/></StgValue>
</operation>
</state>

<state id="5" st_id="5">

<operation id="33" st_id="5" stage="1" lat="1">
<core>NULL</core>
<MemPortIdVec></MemPortIdVec>
<condition id="-1">
<or_exp><and_exp></and_exp></or_exp>
</condition>

<Node id="26" bw="64" op_0_bw="64" op_1_bw="0">
<![CDATA[
:0  %indvar_flatten = phi i64 [ 0, %entry ], [ %indvar_flatten_next, %._crit_edge10.i.i.i_ifconv ]

]]></Node>
<StgValue><ssdm name="indvar_flatten"/></StgValue>
</operation>

<operation id="34" st_id="5" stage="1" lat="1">
<core>NULL</core>
<MemPortIdVec></MemPortIdVec>
<condition id="-1">
<or_exp><and_exp></and_exp></or_exp>
</condition>

<Node id="27" bw="31" op_0_bw="31" op_1_bw="0">
<![CDATA[
:1  %i6_0_i_i_i = phi i31 [ 0, %entry ], [ %i6_0_i_i_i_mid2, %._crit_edge10.i.i.i_ifconv ]

]]></Node>
<StgValue><ssdm name="i6_0_i_i_i"/></StgValue>
</operation>

<operation id="35" st_id="5" stage="1" lat="1">
<core>NULL</core>
<MemPortIdVec></MemPortIdVec>
<condition id="-1">
<or_exp><and_exp></and_exp></or_exp>
</condition>

<Node id="28" bw="31" op_0_bw="31" op_1_bw="0">
<![CDATA[
:2  %j_0_i_i_i = phi i31 [ 0, %entry ], [ %j, %._crit_edge10.i.i.i_ifconv ]

]]></Node>
<StgValue><ssdm name="j_0_i_i_i"/></StgValue>
</operation>

<operation id="36" st_id="5" stage="1" lat="1">
<core>NULL</core>
<MemPortIdVec></MemPortIdVec>
<condition id="-1">
<or_exp><and_exp></and_exp></or_exp>
</condition>

<Node id="29" bw="32" op_0_bw="31">
<![CDATA[
:3  %i6_0_i_cast_i_i_mid1 = zext i31 %i6_0_i_i_i to i32

]]></Node>
<StgValue><ssdm name="i6_0_i_cast_i_i_mid1"/></StgValue>
</operation>

<operation id="37" st_id="5" stage="1" lat="1">
<core>Cmp</core>
<MemPortIdVec></MemPortIdVec>
<condition id="-1">
<or_exp><and_exp></and_exp></or_exp>
</condition>

<Node id="30" bw="1" op_0_bw="31" op_1_bw="31">
<![CDATA[
:4  %tmp_17_i_i = icmp eq i31 %i6_0_i_i_i, 0

]]></Node>
<StgValue><ssdm name="tmp_17_i_i"/></StgValue>
</operation>

<operation id="38" st_id="5" stage="1" lat="1">
<core>Cmp</core>
<MemPortIdVec></MemPortIdVec>
<condition id="-1">
<or_exp><and_exp></and_exp></or_exp>
</condition>

<Node id="31" bw="1" op_0_bw="31" op_1_bw="31">
<![CDATA[
:5  %notlhs = icmp ugt i31 %i6_0_i_i_i, 5

]]></Node>
<StgValue><ssdm name="notlhs"/></StgValue>
</operation>

<operation id="39" st_id="5" stage="1" lat="1">
<core>Cmp</core>
<MemPortIdVec></MemPortIdVec>
<condition id="-1">
<or_exp><and_exp></and_exp></or_exp>
</condition>

<Node id="32" bw="1" op_0_bw="32" op_1_bw="32">
<![CDATA[
:6  %notrhs = icmp slt i32 %i6_0_i_cast_i_i_mid1, %tmp_7_i_i

]]></Node>
<StgValue><ssdm name="notrhs"/></StgValue>
</operation>

<operation id="40" st_id="5" stage="1" lat="1">
<core>LogicGate</core>
<MemPortIdVec></MemPortIdVec>
<condition id="-1">
<or_exp><and_exp></and_exp></or_exp>
</condition>

<Node id="33" bw="1" op_0_bw="1" op_1_bw="1">
<![CDATA[
:7  %brmerge_i_i_i_not = and i1 %notrhs, %notlhs

]]></Node>
<StgValue><ssdm name="brmerge_i_i_i_not"/></StgValue>
</operation>

<operation id="41" st_id="5" stage="1" lat="1">
<core>LogicGate</core>
<MemPortIdVec></MemPortIdVec>
<condition id="-1">
<or_exp><and_exp></and_exp></or_exp>
</condition>

<Node id="34" bw="1" op_0_bw="1" op_1_bw="1">
<![CDATA[
:8  %brmerge = or i1 %tmp_17_i_i, %brmerge_i_i_i_not

]]></Node>
<StgValue><ssdm name="brmerge"/></StgValue>
</operation>

<operation id="42" st_id="5" stage="1" lat="1">
<core>NULL</core>
<MemPortIdVec></MemPortIdVec>
<condition id="-1">
<or_exp><and_exp></and_exp></or_exp>
</condition>

<Node id="35" bw="32" op_0_bw="31">
<![CDATA[
:9  %j_0_i_cast_i_i = zext i31 %j_0_i_i_i to i32

]]></Node>
<StgValue><ssdm name="j_0_i_cast_i_i"/></StgValue>
</operation>

<operation id="43" st_id="5" stage="1" lat="1">
<core>Cmp</core>
<MemPortIdVec></MemPortIdVec>
<condition id="-1">
<or_exp><and_exp></and_exp></or_exp>
</condition>

<Node id="36" bw="1" op_0_bw="32" op_1_bw="32">
<![CDATA[
:10  %tmp_22_i_i = icmp slt i32 %j_0_i_cast_i_i, %width_read

]]></Node>
<StgValue><ssdm name="tmp_22_i_i"/></StgValue>
</operation>

<operation id="44" st_id="5" stage="1" lat="1">
<core>Cmp</core>
<MemPortIdVec></MemPortIdVec>
<condition id="-1">
<or_exp><and_exp></and_exp></or_exp>
</condition>

<Node id="37" bw="1" op_0_bw="64" op_1_bw="64">
<![CDATA[
:11  %exitcond_flatten = icmp eq i64 %indvar_flatten, %bound

]]></Node>
<StgValue><ssdm name="exitcond_flatten"/></StgValue>
</operation>

<operation id="45" st_id="5" stage="1" lat="1">
<core>AddSub</core>
<MemPortIdVec></MemPortIdVec>
<condition id="-1">
<or_exp><and_exp></and_exp></or_exp>
</condition>

<Node id="38" bw="64" op_0_bw="64" op_1_bw="64">
<![CDATA[
:12  %indvar_flatten_next = add i64 %indvar_flatten, 1

]]></Node>
<StgValue><ssdm name="indvar_flatten_next"/></StgValue>
</operation>

<operation id="46" st_id="5" stage="1" lat="1">
<core>NULL</core>
<MemPortIdVec></MemPortIdVec>
<condition id="-1">
<or_exp><and_exp></and_exp></or_exp>
</condition>

<Node id="39" bw="0" op_0_bw="1" op_1_bw="0" op_2_bw="0">
<![CDATA[
:13  br i1 %exitcond_flatten, label %.exit, label %.preheader.i.i.i

]]></Node>
<StgValue><ssdm name=""/></StgValue>
</operation>

<operation id="47" st_id="5" stage="1" lat="1">
<core>AddSub</core>
<MemPortIdVec></MemPortIdVec>
<condition id="7">
<or_exp><and_exp><literal name="exitcond_flatten" val="0"/>
</and_exp></or_exp>
</condition>

<Node id="41" bw="31" op_0_bw="31" op_1_bw="31">
<![CDATA[
.preheader.i.i.i:0  %i = add i31 %i6_0_i_i_i, 1

]]></Node>
<StgValue><ssdm name="i"/></StgValue>
</operation>

<operation id="48" st_id="5" stage="1" lat="1">
<core>NULL</core>
<MemPortIdVec></MemPortIdVec>
<condition id="7">
<or_exp><and_exp><literal name="exitcond_flatten" val="0"/>
</and_exp></or_exp>
</condition>

<Node id="42" bw="32" op_0_bw="31">
<![CDATA[
.preheader.i.i.i:1  %i6_0_i_cast_i_i = zext i31 %i to i32

]]></Node>
<StgValue><ssdm name="i6_0_i_cast_i_i"/></StgValue>
</operation>

<operation id="49" st_id="5" stage="1" lat="1">
<core>Sel</core>
<MemPortIdVec></MemPortIdVec>
<condition id="7">
<or_exp><and_exp><literal name="exitcond_flatten" val="0"/>
</and_exp></or_exp>
</condition>

<Node id="44" bw="31" op_0_bw="1" op_1_bw="31" op_2_bw="31">
<![CDATA[
.preheader.i.i.i:3  %j_0_i_i_i_mid2 = select i1 %tmp_22_i_i, i31 %j_0_i_i_i, i31 0

]]></Node>
<StgValue><ssdm name="j_0_i_i_i_mid2"/></StgValue>
</operation>

<operation id="50" st_id="5" stage="1" lat="1">
<core>Cmp</core>
<MemPortIdVec></MemPortIdVec>
<condition id="7">
<or_exp><and_exp><literal name="exitcond_flatten" val="0"/>
</and_exp></or_exp>
</condition>

<Node id="45" bw="1" op_0_bw="31" op_1_bw="31">
<![CDATA[
.preheader.i.i.i:4  %tmp_17_i_i_mid1 = icmp eq i31 %i, 0

]]></Node>
<StgValue><ssdm name="tmp_17_i_i_mid1"/></StgValue>
</operation>

<operation id="51" st_id="5" stage="1" lat="1">
<core>Cmp</core>
<MemPortIdVec></MemPortIdVec>
<condition id="7">
<or_exp><and_exp><literal name="exitcond_flatten" val="0"/>
</and_exp></or_exp>
</condition>

<Node id="46" bw="1" op_0_bw="31" op_1_bw="31">
<![CDATA[
.preheader.i.i.i:5  %notlhs_mid1 = icmp ugt i31 %i, 5

]]></Node>
<StgValue><ssdm name="notlhs_mid1"/></StgValue>
</operation>

<operation id="52" st_id="5" stage="1" lat="1">
<core>Cmp</core>
<MemPortIdVec></MemPortIdVec>
<condition id="7">
<or_exp><and_exp><literal name="exitcond_flatten" val="0"/>
</and_exp></or_exp>
</condition>

<Node id="47" bw="1" op_0_bw="32" op_1_bw="32">
<![CDATA[
.preheader.i.i.i:6  %notrhs_mid1 = icmp slt i32 %i6_0_i_cast_i_i, %tmp_7_i_i

]]></Node>
<StgValue><ssdm name="notrhs_mid1"/></StgValue>
</operation>

<operation id="53" st_id="5" stage="1" lat="1">
<core>Sel</core>
<MemPortIdVec></MemPortIdVec>
<condition id="7">
<or_exp><and_exp><literal name="exitcond_flatten" val="0"/>
</and_exp></or_exp>
</condition>

<Node id="52" bw="31" op_0_bw="1" op_1_bw="31" op_2_bw="31">
<![CDATA[
.preheader.i.i.i:11  %i6_0_i_i_i_mid2 = select i1 %tmp_22_i_i, i31 %i6_0_i_i_i, i31 %i

]]></Node>
<StgValue><ssdm name="i6_0_i_i_i_mid2"/></StgValue>
</operation>

<operation id="54" st_id="5" stage="1" lat="1">
<core>AddSub</core>
<MemPortIdVec></MemPortIdVec>
<condition id="55">
<or_exp><and_exp><literal name="exitcond_flatten" val="0"/>
</and_exp></or_exp>
</condition>

<Node id="92" bw="31" op_0_bw="31" op_1_bw="31">
<![CDATA[
._crit_edge10.i.i.i_ifconv:14  %j = add i31 %j_0_i_i_i_mid2, 1

]]></Node>
<StgValue><ssdm name="j"/></StgValue>
</operation>
</state>

<state id="6" st_id="6">

<operation id="55" st_id="6" stage="1" lat="1">
<core>LogicGate</core>
<MemPortIdVec></MemPortIdVec>
<condition id="101">
<or_exp><and_exp><literal name="exitcond_flatten" val="0"/>
<literal name="tmp_22_i_i" val="0"/>
</and_exp></or_exp>
</condition>

<Node id="48" bw="1" op_0_bw="1" op_1_bw="1">
<![CDATA[
.preheader.i.i.i:7  %brmerge_i_i_i_not_mi = and i1 %notrhs_mid1, %notlhs_mid1

]]></Node>
<StgValue><ssdm name="brmerge_i_i_i_not_mi"/></StgValue>
</operation>

<operation id="56" st_id="6" stage="1" lat="1">
<core>LogicGate</core>
<MemPortIdVec></MemPortIdVec>
<condition id="100">
<or_exp><and_exp><literal name="exitcond_flatten" val="0"/>
<literal name="tmp_22_i_i" val="0"/>
</and_exp></or_exp>
</condition>

<Node id="49" bw="1" op_0_bw="1" op_1_bw="1">
<![CDATA[
.preheader.i.i.i:8  %brmerge_mid1 = or i1 %tmp_17_i_i_mid1, %brmerge_i_i_i_not_mi

]]></Node>
<StgValue><ssdm name="brmerge_mid1"/></StgValue>
</operation>

<operation id="57" st_id="6" stage="1" lat="1">
<core>Sel</core>
<MemPortIdVec></MemPortIdVec>
<condition id="7">
<or_exp><and_exp><literal name="exitcond_flatten" val="0"/>
</and_exp></or_exp>
</condition>

<Node id="50" bw="1" op_0_bw="1" op_1_bw="1" op_2_bw="1">
<![CDATA[
.preheader.i.i.i:9  %brmerge_mid2 = select i1 %tmp_22_i_i, i1 %brmerge, i1 %brmerge_mid1

]]></Node>
<StgValue><ssdm name="brmerge_mid2"/></StgValue>
</operation>

<operation id="58" st_id="6" stage="1" lat="1">
<core>NULL</core>
<MemPortIdVec></MemPortIdVec>
<condition id="7">
<or_exp><and_exp><literal name="exitcond_flatten" val="0"/>
</and_exp></or_exp>
</condition>

<Node id="51" bw="32" op_0_bw="31">
<![CDATA[
.preheader.i.i.i:10  %j_0_i_cast_i_i_mid2_s = zext i31 %j_0_i_i_i_mid2 to i32

]]></Node>
<StgValue><ssdm name="j_0_i_cast_i_i_mid2_s"/></StgValue>
</operation>

<operation id="59" st_id="6" stage="1" lat="1">
<core>NULL</core>
<MemPortIdVec></MemPortIdVec>
<condition id="7">
<or_exp><and_exp><literal name="exitcond_flatten" val="0"/>
</and_exp></or_exp>
</condition>

<Node id="55" bw="0" op_0_bw="1" op_1_bw="0" op_2_bw="0">
<![CDATA[
.preheader.i.i.i:14  br i1 %brmerge_mid2, label %._crit_edge9.i.i.i, label %._crit_edge10.i.i.i_ifconv

]]></Node>
<StgValue><ssdm name=""/></StgValue>
</operation>

<operation id="60" st_id="6" stage="1" lat="1">
<core>Cmp</core>
<MemPortIdVec></MemPortIdVec>
<condition id="56">
<or_exp><and_exp><literal name="brmerge_mid2" val="1"/>
</and_exp></or_exp>
</condition>

<Node id="57" bw="1" op_0_bw="32" op_1_bw="32">
<![CDATA[
._crit_edge9.i.i.i:0  %tmp_25_i_i = icmp slt i32 %j_0_i_cast_i_i_mid2_s, %vconv_xlim_loc_read

]]></Node>
<StgValue><ssdm name="tmp_25_i_i"/></StgValue>
</operation>

<operation id="61" st_id="6" stage="1" lat="1">
<core>NULL</core>
<MemPortIdVec></MemPortIdVec>
<condition id="56">
<or_exp><and_exp><literal name="brmerge_mid2" val="1"/>
</and_exp></or_exp>
</condition>

<Node id="58" bw="0" op_0_bw="1" op_1_bw="0" op_2_bw="0">
<![CDATA[
._crit_edge9.i.i.i:1  br i1 %tmp_25_i_i, label %1, label %._crit_edge12.i.i.i

]]></Node>
<StgValue><ssdm name=""/></StgValue>
</operation>

<operation id="62" st_id="6" stage="1" lat="1">
<core>Cmp</core>
<MemPortIdVec></MemPortIdVec>
<condition id="59">
<or_exp><and_exp><literal name="brmerge_mid2" val="1"/>
</and_exp></or_exp>
</condition>

<Node id="72" bw="1" op_0_bw="32" op_1_bw="32">
<![CDATA[
._crit_edge12.i.i.i:5  %tmp_29_i_i = icmp eq i32 %j_0_i_cast_i_i_mid2_s, %tmp_9_i_i

]]></Node>
<StgValue><ssdm name="tmp_29_i_i"/></StgValue>
</operation>

<operation id="63" st_id="6" stage="1" lat="1">
<core>Cmp</core>
<MemPortIdVec></MemPortIdVec>
<condition id="55">
<or_exp><and_exp><literal name="exitcond_flatten" val="0"/>
</and_exp></or_exp>
</condition>

<Node id="81" bw="1" op_0_bw="32" op_1_bw="32">
<![CDATA[
._crit_edge10.i.i.i_ifconv:3  %tmp_32_i_i = icmp slt i32 %j_0_i_cast_i_i_mid2_s, %tmp_i_i

]]></Node>
<StgValue><ssdm name="tmp_32_i_i"/></StgValue>
</operation>
</state>

<state id="7" st_id="7">

<operation id="64" st_id="7" stage="1" lat="1">
<core>FIFO</core>
<MemPortIdVec></MemPortIdVec>
<condition id="61">
<or_exp><and_exp><literal name="brmerge_mid2" val="1"/>
<literal name="tmp_25_i_i" val="1"/>
</and_exp></or_exp>
</condition>

<Node id="60" bw="32" op_0_bw="32" op_1_bw="32">
<![CDATA[
:0  %tmp = call i32 @_ssdm_op_Read.ap_fifo.volatile.i32P(i32* %vconv_V)

]]></Node>
<StgValue><ssdm name="tmp"/></StgValue>
</operation>

<operation id="65" st_id="7" stage="1" lat="1">
<core>NULL</core>
<MemPortIdVec></MemPortIdVec>
<condition id="61">
<or_exp><and_exp><literal name="brmerge_mid2" val="1"/>
<literal name="tmp_25_i_i" val="1"/>
</and_exp></or_exp>
</condition>

<Node id="64" bw="0" op_0_bw="32" op_1_bw="32">
<![CDATA[
:4  store i32 %tmp, i32* %r_edge_pix

]]></Node>
<StgValue><ssdm name=""/></StgValue>
</operation>
</state>

<state id="8" st_id="8">

<operation id="66" st_id="8" stage="1" lat="1">
<core>NULL</core>
<MemPortIdVec></MemPortIdVec>
<condition id="61">
<or_exp><and_exp><literal name="brmerge_mid2" val="1"/>
<literal name="tmp_25_i_i" val="1"/>
</and_exp></or_exp>
</condition>

<Node id="61" bw="64" op_0_bw="31">
<![CDATA[
:1  %tmp_27_i_i = zext i31 %j_0_i_i_i_mid2 to i64

]]></Node>
<StgValue><ssdm name="tmp_27_i_i"/></StgValue>
</operation>

<operation id="67" st_id="8" stage="1" lat="1">
<core>NULL</core>
<MemPortIdVec></MemPortIdVec>
<condition id="61">
<or_exp><and_exp><literal name="brmerge_mid2" val="1"/>
<literal name="tmp_25_i_i" val="1"/>
</and_exp></or_exp>
</condition>

<Node id="62" bw="11" op_0_bw="32" op_1_bw="64" op_2_bw="64">
<![CDATA[
:2  %borderbuf_addr = getelementptr inbounds [1910 x i32]* %borderbuf, i64 0, i64 %tmp_27_i_i

]]></Node>
<StgValue><ssdm name="borderbuf_addr"/></StgValue>
</operation>

<operation id="68" st_id="8" stage="1" lat="1">
<core>RAM</core>
<MemPortIdVec></MemPortIdVec>
<condition id="61">
<or_exp><and_exp><literal name="brmerge_mid2" val="1"/>
<literal name="tmp_25_i_i" val="1"/>
</and_exp></or_exp>
</condition>

<Node id="63" bw="0" op_0_bw="32" op_1_bw="11">
<![CDATA[
:3  store i32 %tmp, i32* %borderbuf_addr, align 4

]]></Node>
<StgValue><ssdm name=""/></StgValue>
</operation>

<operation id="69" st_id="8" stage="1" lat="1">
<core>NULL</core>
<MemPortIdVec></MemPortIdVec>
<condition id="59">
<or_exp><and_exp><literal name="brmerge_mid2" val="1"/>
</and_exp></or_exp>
</condition>

<Node id="67" bw="32" op_0_bw="32">
<![CDATA[
._crit_edge12.i.i.i:0  %l_edge_pix_2 = load i32* %r_edge_pix

]]></Node>
<StgValue><ssdm name="l_edge_pix_2"/></StgValue>
</operation>

<operation id="70" st_id="8" stage="1" lat="1">
<core>NULL</core>
<MemPortIdVec></MemPortIdVec>
<condition id="102">
<or_exp><and_exp><literal name="brmerge_mid2" val="1"/>
<literal name="tmp_29_i_i" val="0"/>
</and_exp></or_exp>
</condition>

<Node id="68" bw="32" op_0_bw="32">
<![CDATA[
._crit_edge12.i.i.i:1  %pix_out_load = load i32* %pix_out

]]></Node>
<StgValue><ssdm name="pix_out_load"/></StgValue>
</operation>

<operation id="71" st_id="8" stage="1" lat="1">
<core>NULL</core>
<MemPortIdVec></MemPortIdVec>
<condition id="59">
<or_exp><and_exp><literal name="brmerge_mid2" val="1"/>
</and_exp></or_exp>
</condition>

<Node id="69" bw="32" op_0_bw="32">
<![CDATA[
._crit_edge12.i.i.i:2  %pix_out_1_load = load i32* %pix_out_1

]]></Node>
<StgValue><ssdm name="pix_out_1_load"/></StgValue>
</operation>

<operation id="72" st_id="8" stage="1" lat="1">
<core>Cmp</core>
<MemPortIdVec></MemPortIdVec>
<condition id="59">
<or_exp><and_exp><literal name="brmerge_mid2" val="1"/>
</and_exp></or_exp>
</condition>

<Node id="70" bw="1" op_0_bw="31" op_1_bw="31">
<![CDATA[
._crit_edge12.i.i.i:3  %tmp_28_i_i = icmp eq i31 %j_0_i_i_i_mid2, 0

]]></Node>
<StgValue><ssdm name="tmp_28_i_i"/></StgValue>
</operation>

<operation id="73" st_id="8" stage="1" lat="1">
<core>Sel</core>
<MemPortIdVec></MemPortIdVec>
<condition id="59">
<or_exp><and_exp><literal name="brmerge_mid2" val="1"/>
</and_exp></or_exp>
</condition>

<Node id="71" bw="32" op_0_bw="1" op_1_bw="32" op_2_bw="32">
<![CDATA[
._crit_edge12.i.i.i:4  %pix_in_2_l_edge_pix_s = select i1 %tmp_28_i_i, i32 %l_edge_pix_2, i32 %pix_out_1_load

]]></Node>
<StgValue><ssdm name="pix_in_2_l_edge_pix_s"/></StgValue>
</operation>

<operation id="74" st_id="8" stage="1" lat="1">
<core>Sel</core>
<MemPortIdVec></MemPortIdVec>
<condition id="59">
<or_exp><and_exp><literal name="brmerge_mid2" val="1"/>
</and_exp></or_exp>
</condition>

<Node id="73" bw="32" op_0_bw="1" op_1_bw="32" op_2_bw="32">
<![CDATA[
._crit_edge12.i.i.i:6  %l_edge_pix = select i1 %tmp_29_i_i, i32 %l_edge_pix_2, i32 %pix_out_load

]]></Node>
<StgValue><ssdm name="l_edge_pix"/></StgValue>
</operation>

<operation id="75" st_id="8" stage="1" lat="1">
<core>NULL</core>
<MemPortIdVec></MemPortIdVec>
<condition id="59">
<or_exp><and_exp><literal name="brmerge_mid2" val="1"/>
</and_exp></or_exp>
</condition>

<Node id="74" bw="0" op_0_bw="32" op_1_bw="32">
<![CDATA[
._crit_edge12.i.i.i:7  store i32 %pix_in_2_l_edge_pix_s, i32* %pix_out_1

]]></Node>
<StgValue><ssdm name=""/></StgValue>
</operation>

<operation id="76" st_id="8" stage="1" lat="1">
<core>NULL</core>
<MemPortIdVec></MemPortIdVec>
<condition id="59">
<or_exp><and_exp><literal name="brmerge_mid2" val="1"/>
</and_exp></or_exp>
</condition>

<Node id="75" bw="0" op_0_bw="32" op_1_bw="32">
<![CDATA[
._crit_edge12.i.i.i:8  store i32 %l_edge_pix, i32* %pix_out

]]></Node>
<StgValue><ssdm name=""/></StgValue>
</operation>

<operation id="77" st_id="8" stage="1" lat="1">
<core>Cmp</core>
<MemPortIdVec></MemPortIdVec>
<condition id="55">
<or_exp><and_exp><literal name="exitcond_flatten" val="0"/>
</and_exp></or_exp>
</condition>

<Node id="80" bw="1" op_0_bw="31" op_1_bw="31">
<![CDATA[
._crit_edge10.i.i.i_ifconv:2  %tmp_31_i_i = icmp ult i31 %j_0_i_i_i_mid2, 6

]]></Node>
<StgValue><ssdm name="tmp_31_i_i"/></StgValue>
</operation>

<operation id="78" st_id="8" stage="1" lat="1">
<core>AddSub</core>
<MemPortIdVec></MemPortIdVec>
<condition id="55">
<or_exp><and_exp><literal name="exitcond_flatten" val="0"/>
</and_exp></or_exp>
</condition>

<Node id="82" bw="31" op_0_bw="31" op_1_bw="31">
<![CDATA[
._crit_edge10.i.i.i_ifconv:4  %tmp_33_i_i = add i31 %j_0_i_i_i_mid2, -5

]]></Node>
<StgValue><ssdm name="tmp_33_i_i"/></StgValue>
</operation>

<operation id="79" st_id="8" stage="1" lat="1">
<core>NULL</core>
<MemPortIdVec></MemPortIdVec>
<condition id="55">
<or_exp><and_exp><literal name="exitcond_flatten" val="0"/>
</and_exp></or_exp>
</condition>

<Node id="83" bw="64" op_0_bw="31">
<![CDATA[
._crit_edge10.i.i.i_ifconv:5  %tmp_34_i_i = zext i31 %tmp_33_i_i to i64

]]></Node>
<StgValue><ssdm name="tmp_34_i_i"/></StgValue>
</operation>

<operation id="80" st_id="8" stage="1" lat="1">
<core>NULL</core>
<MemPortIdVec></MemPortIdVec>
<condition id="55">
<or_exp><and_exp><literal name="exitcond_flatten" val="0"/>
</and_exp></or_exp>
</condition>

<Node id="84" bw="11" op_0_bw="32" op_1_bw="64" op_2_bw="64">
<![CDATA[
._crit_edge10.i.i.i_ifconv:6  %borderbuf_addr_1 = getelementptr inbounds [1910 x i32]* %borderbuf, i64 0, i64 %tmp_34_i_i

]]></Node>
<StgValue><ssdm name="borderbuf_addr_1"/></StgValue>
</operation>

<operation id="81" st_id="8" stage="2" lat="2">
<core>RAM</core>
<MemPortIdVec></MemPortIdVec>
<condition id="55">
<or_exp><and_exp><literal name="exitcond_flatten" val="0"/>
</and_exp></or_exp>
</condition>

<Node id="85" bw="32" op_0_bw="11">
<![CDATA[
._crit_edge10.i.i.i_ifconv:7  %pix_out_7 = load i32* %borderbuf_addr_1, align 4

]]></Node>
<StgValue><ssdm name="pix_out_7"/></StgValue>
</operation>
</state>

<state id="9" st_id="9">

<operation id="82" st_id="9" stage="1" lat="1">
<core>NULL</core>
<MemPortIdVec></MemPortIdVec>
<condition id="106">
<or_exp><and_exp><literal name="exitcond_flatten" val="0"/>
<literal name="tmp_31_i_i" val="0"/>
</and_exp></or_exp>
</condition>

<Node id="78" bw="32" op_0_bw="32">
<![CDATA[
._crit_edge10.i.i.i_ifconv:0  %pix_out_4 = load i32* %pix_out

]]></Node>
<StgValue><ssdm name="pix_out_4"/></StgValue>
</operation>

<operation id="83" st_id="9" stage="1" lat="1">
<core>NULL</core>
<MemPortIdVec></MemPortIdVec>
<condition id="103">
<or_exp><and_exp><literal name="exitcond_flatten" val="0"/>
<literal name="tmp_31_i_i" val="1"/>
</and_exp></or_exp>
</condition>

<Node id="79" bw="32" op_0_bw="32">
<![CDATA[
._crit_edge10.i.i.i_ifconv:1  %pix_out_6 = load i32* %pix_out_1

]]></Node>
<StgValue><ssdm name="pix_out_6"/></StgValue>
</operation>

<operation id="84" st_id="9" stage="1" lat="2">
<core>RAM</core>
<MemPortIdVec></MemPortIdVec>
<condition id="55">
<or_exp><and_exp><literal name="exitcond_flatten" val="0"/>
</and_exp></or_exp>
</condition>

<Node id="85" bw="32" op_0_bw="11">
<![CDATA[
._crit_edge10.i.i.i_ifconv:7  %pix_out_7 = load i32* %borderbuf_addr_1, align 4

]]></Node>
<StgValue><ssdm name="pix_out_7"/></StgValue>
</operation>

<operation id="85" st_id="9" stage="1" lat="1">
<core>LogicGate</core>
<MemPortIdVec></MemPortIdVec>
<condition id="107">
<or_exp><and_exp><literal name="exitcond_flatten" val="0"/>
<literal name="tmp_31_i_i" val="0"/>
</and_exp></or_exp>
</condition>

<Node id="86" bw="1" op_0_bw="1" op_1_bw="1">
<![CDATA[
._crit_edge10.i.i.i_ifconv:8  %sel_tmp = xor i1 %tmp_31_i_i, true

]]></Node>
<StgValue><ssdm name="sel_tmp"/></StgValue>
</operation>

<operation id="86" st_id="9" stage="1" lat="1">
<core>LogicGate</core>
<MemPortIdVec></MemPortIdVec>
<condition id="105">
<or_exp><and_exp><literal name="exitcond_flatten" val="0"/>
<literal name="tmp_31_i_i" val="0"/>
</and_exp></or_exp>
</condition>

<Node id="87" bw="1" op_0_bw="1" op_1_bw="1">
<![CDATA[
._crit_edge10.i.i.i_ifconv:9  %sel_tmp1 = and i1 %tmp_32_i_i, %sel_tmp

]]></Node>
<StgValue><ssdm name="sel_tmp1"/></StgValue>
</operation>

<operation id="87" st_id="9" stage="1" lat="1">
<core>Sel</core>
<MemPortIdVec></MemPortIdVec>
<condition id="104">
<or_exp><and_exp><literal name="exitcond_flatten" val="0"/>
<literal name="tmp_31_i_i" val="0"/>
</and_exp></or_exp>
</condition>

<Node id="88" bw="32" op_0_bw="1" op_1_bw="32" op_2_bw="32">
<![CDATA[
._crit_edge10.i.i.i_ifconv:10  %pix_out_3 = select i1 %sel_tmp1, i32 %pix_out_7, i32 %pix_out_4

]]></Node>
<StgValue><ssdm name="pix_out_3"/></StgValue>
</operation>

<operation id="88" st_id="9" stage="1" lat="1">
<core>Sel</core>
<MemPortIdVec></MemPortIdVec>
<condition id="55">
<or_exp><and_exp><literal name="exitcond_flatten" val="0"/>
</and_exp></or_exp>
</condition>

<Node id="89" bw="32" op_0_bw="1" op_1_bw="32" op_2_bw="32">
<![CDATA[
._crit_edge10.i.i.i_ifconv:11  %pix_out_8 = select i1 %tmp_31_i_i, i32 %pix_out_6, i32 %pix_out_3

]]></Node>
<StgValue><ssdm name="pix_out_8"/></StgValue>
</operation>

<operation id="89" st_id="9" stage="2" lat="2">
<core>AXI4Stream</core>
<MemPortIdVec></MemPortIdVec>
<condition id="55">
<or_exp><and_exp><literal name="exitcond_flatten" val="0"/>
</and_exp></or_exp>
</condition>

<Node id="90" bw="0" op_0_bw="0" op_1_bw="32" op_2_bw="32">
<![CDATA[
._crit_edge10.i.i.i_ifconv:12  call void @_ssdm_op_Write.axis.volatile.i32P(i32* %dst_V, i32 %pix_out_8)

]]></Node>
<StgValue><ssdm name=""/></StgValue>
</operation>
</state>

<state id="10" st_id="10">

<operation id="90" st_id="10" stage="1" lat="1">
<core>NULL</core>
<MemPortIdVec></MemPortIdVec>
<condition id="7">
<or_exp><and_exp><literal name="exitcond_flatten" val="0"/>
</and_exp></or_exp>
</condition>

<Node id="43" bw="0" op_0_bw="0" op_1_bw="0">
<![CDATA[
.preheader.i.i.i:2  call void (...)* @_ssdm_op_SpecLoopName([9 x i8]* @Border_L_str)

]]></Node>
<StgValue><ssdm name=""/></StgValue>
</operation>

<operation id="91" st_id="10" stage="1" lat="1">
<core>NULL</core>
<MemPortIdVec></MemPortIdVec>
<condition id="7">
<or_exp><and_exp><literal name="exitcond_flatten" val="0"/>
</and_exp></or_exp>
</condition>

<Node id="53" bw="32" op_0_bw="32" op_1_bw="0">
<![CDATA[
.preheader.i.i.i:12  %tmp_24_i_i = call i32 (...)* @_ssdm_op_SpecRegionBegin([12 x i8]* @p_str21)

]]></Node>
<StgValue><ssdm name="tmp_24_i_i"/></StgValue>
</operation>

<operation id="92" st_id="10" stage="1" lat="1">
<core>NULL</core>
<MemPortIdVec></MemPortIdVec>
<condition id="7">
<or_exp><and_exp><literal name="exitcond_flatten" val="0"/>
</and_exp></or_exp>
</condition>

<Node id="54" bw="0" op_0_bw="0" op_1_bw="32" op_2_bw="32" op_3_bw="32" op_4_bw="32" op_5_bw="0">
<![CDATA[
.preheader.i.i.i:13  call void (...)* @_ssdm_op_SpecPipeline(i32 -1, i32 1, i32 1, i32 0, [1 x i8]* @p_str1) nounwind

]]></Node>
<StgValue><ssdm name=""/></StgValue>
</operation>

<operation id="93" st_id="10" stage="1" lat="1">
<core>NULL</core>
<MemPortIdVec></MemPortIdVec>
<condition id="61">
<or_exp><and_exp><literal name="brmerge_mid2" val="1"/>
<literal name="tmp_25_i_i" val="1"/>
</and_exp></or_exp>
</condition>

<Node id="65" bw="0" op_0_bw="0">
<![CDATA[
:5  br label %._crit_edge12.i.i.i

]]></Node>
<StgValue><ssdm name=""/></StgValue>
</operation>

<operation id="94" st_id="10" stage="1" lat="1">
<core>NULL</core>
<MemPortIdVec></MemPortIdVec>
<condition id="59">
<or_exp><and_exp><literal name="brmerge_mid2" val="1"/>
</and_exp></or_exp>
</condition>

<Node id="76" bw="0" op_0_bw="0">
<![CDATA[
._crit_edge12.i.i.i:9  br label %._crit_edge10.i.i.i_ifconv

]]></Node>
<StgValue><ssdm name=""/></StgValue>
</operation>

<operation id="95" st_id="10" stage="1" lat="2">
<core>AXI4Stream</core>
<MemPortIdVec></MemPortIdVec>
<condition id="55">
<or_exp><and_exp><literal name="exitcond_flatten" val="0"/>
</and_exp></or_exp>
</condition>

<Node id="90" bw="0" op_0_bw="0" op_1_bw="32" op_2_bw="32">
<![CDATA[
._crit_edge10.i.i.i_ifconv:12  call void @_ssdm_op_Write.axis.volatile.i32P(i32* %dst_V, i32 %pix_out_8)

]]></Node>
<StgValue><ssdm name=""/></StgValue>
</operation>

<operation id="96" st_id="10" stage="1" lat="1">
<core>NULL</core>
<MemPortIdVec></MemPortIdVec>
<condition id="55">
<or_exp><and_exp><literal name="exitcond_flatten" val="0"/>
</and_exp></or_exp>
</condition>

<Node id="91" bw="32" op_0_bw="32" op_1_bw="0" op_2_bw="32">
<![CDATA[
._crit_edge10.i.i.i_ifconv:13  %empty = call i32 (...)* @_ssdm_op_SpecRegionEnd([12 x i8]* @p_str21, i32 %tmp_24_i_i)

]]></Node>
<StgValue><ssdm name="empty"/></StgValue>
</operation>

<operation id="97" st_id="10" stage="1" lat="1">
<core>NULL</core>
<MemPortIdVec></MemPortIdVec>
<condition id="55">
<or_exp><and_exp><literal name="exitcond_flatten" val="0"/>
</and_exp></or_exp>
</condition>

<Node id="93" bw="0" op_0_bw="0">
<![CDATA[
._crit_edge10.i.i.i_ifconv:15  br label %0

]]></Node>
<StgValue><ssdm name=""/></StgValue>
</operation>
</state>

<state id="11" st_id="11">

<operation id="98" st_id="11" stage="1" lat="1">
<core>NULL</core>
<MemPortIdVec></MemPortIdVec>
<condition id="63">
<or_exp><and_exp></and_exp></or_exp>
</condition>

<Node id="95" bw="0">
<![CDATA[
.exit:0  ret void

]]></Node>
<StgValue><ssdm name=""/></StgValue>
</operation>
</state>
</state_list>


<ports>
</ports>


<dataflows>
</dataflows>


</stg>
