<profile>

<section name = "Vivado HLS Report for 'Loop_Border_proc'" level="0">
<item name = "Date">Tue Aug 11 06:27:56 2020
</item>
<item name = "Version">2018.1 (Build 2188600 on Wed Apr 04 19:04:02 MDT 2018)</item>
<item name = "Project">proj_2D_convolution_with_linebuffer</item>
<item name = "Solution">solution1</item>
<item name = "Product family">zynq</item>
<item name = "Target device">xc7z020clg484-1</item>
</section>

<section name = "Performance Estimates" level="0">
<item name = "Timing (ns)">
<section name = "" level="1">
<item name = "Summary"><table name="" hasTotal="0">
<keys size="4">Clock, Target, Estimated, Uncertainty</keys>
<column name="ap_clk">6.66, 5.78, 0.83</column>
</table>
</item>
</section>
</item>
<item name = "Latency (clock cycles)">
<section name = "" level="1">
<item name = "Summary"><table name="" hasTotal="0">
<keys size="6">, min, max, min, max, Type</keys>
<column name="">5, 2070610, 5, 2070610, none</column>
</table>
</item>
<item name = "Detail">
<section name = "" level="1">
<item name = "Instance"><table name="" hasTotal="0">
<keys size="7">Instance, Module, min, max, min, max, Type</keys>
</table>
</item>
<item name = "Loop"><table name="" hasTotal="0">
<keys size="8">Loop Name, min, max, Latency, achieved, target, Count, Pipelined</keys>
<column name="- Border_L">0, 2070605, 6, 1, 1, 0 ~ 2070601, yes</column>
</table>
</item>
</section>
</item>
</section>
</item>
</section>

<section name = "Utilization Estimates" level="0">
<item name = "Summary"><table name="" hasTotal="1">
<keys size="5">Name, BRAM_18K, DSP48E, FF, LUT</keys>
<column name="DSP">-, -, -, -</column>
<column name="Expression">-, -, 0, 781</column>
<column name="FIFO">-, -, -, -</column>
<column name="Instance">-, 4, 166, 49</column>
<column name="Memory">4, -, 0, 0</column>
<column name="Multiplexer">-, -, -, 161</column>
<column name="Register">0, -, 954, 160</column>
<specialColumn name="Available">280, 220, 106400, 53200</specialColumn>
<specialColumn name="Utilization (%)">1, 1, 1, 2</specialColumn>
</table>
</item>
<item name = "Detail">
<section name = "" level="1">
<item name = "Instance"><table name="" hasTotal="1">
<keys size="6">Instance, Module, BRAM_18K, DSP48E, FF, LUT</keys>
<column name="filter11x11_strm_bkb_U45">filter11x11_strm_bkb, 0, 4, 166, 49</column>
</table>
</item>
<item name = "DSP48"><table name="" hasTotal="0">
<keys size="3">Instance, Module, Expression</keys>
</table>
</item>
<item name = "Memory"><table name="" hasTotal="1">
<keys size="9">Memory, Module, BRAM_18K, FF, LUT, Words, Bits, Banks, W*Bits*Banks</keys>
<column name="borderbuf_U">Loop_Border_proc_pcA, 4, 0, 0, 1910, 32, 1, 61120</column>
</table>
</item>
<item name = "FIFO"><table name="" hasTotal="1">
<keys size="7">Name, BRAM_18K, FF, LUT, Depth, Bits, Size:D*B</keys>
</table>
</item>
<item name = "Expression"><table name="" hasTotal="1">
<keys size="7">Variable Name, Operation, DSP48E, FF, LUT, Bitwidth P0, Bitwidth P1</keys>
<column name="i_fu_253_p2">+, 0, 0, 38, 31, 1</column>
<column name="indvar_flatten_next_fu_247_p2">+, 0, 0, 71, 64, 1</column>
<column name="j_fu_296_p2">+, 0, 0, 38, 31, 1</column>
<column name="tmp_33_i_i_fu_388_p2">+, 0, 0, 38, 31, 4</column>
<column name="tmp_7_i_i_fu_195_p2">+, 0, 0, 39, 32, 4</column>
<column name="tmp_9_i_i_fu_185_p2">+, 0, 0, 39, 32, 5</column>
<column name="tmp_i_i_fu_190_p2">+, 0, 0, 39, 32, 4</column>
<column name="ap_block_pp0_stage0_01001">and, 0, 0, 2, 1, 1</column>
<column name="ap_block_state10_io">and, 0, 0, 2, 1, 1</column>
<column name="ap_block_state7_pp0_stage0_iter2">and, 0, 0, 2, 1, 1</column>
<column name="ap_block_state9_io">and, 0, 0, 2, 1, 1</column>
<column name="ap_predicate_op64_read_state7">and, 0, 0, 2, 1, 1</column>
<column name="brmerge_i_i_i_not_fu_221_p2">and, 0, 0, 2, 1, 1</column>
<column name="brmerge_i_i_i_not_mi_fu_302_p2">and, 0, 0, 2, 1, 1</column>
<column name="dst_V_1_load_A">and, 0, 0, 2, 1, 1</column>
<column name="dst_V_1_load_B">and, 0, 0, 2, 1, 1</column>
<column name="sel_tmp1_fu_409_p2">and, 0, 0, 2, 1, 1</column>
<column name="dst_V_1_state_cmp_full">icmp, 0, 0, 8, 2, 1</column>
<column name="exitcond_flatten_fu_242_p2">icmp, 0, 0, 29, 64, 64</column>
<column name="notlhs_fu_210_p2">icmp, 0, 0, 18, 31, 3</column>
<column name="notlhs_mid1_fu_277_p2">icmp, 0, 0, 18, 31, 3</column>
<column name="notrhs_fu_216_p2">icmp, 0, 0, 18, 32, 32</column>
<column name="notrhs_mid1_fu_283_p2">icmp, 0, 0, 18, 32, 32</column>
<column name="tmp_17_i_i_fu_204_p2">icmp, 0, 0, 18, 31, 1</column>
<column name="tmp_17_i_i_mid1_fu_271_p2">icmp, 0, 0, 18, 31, 1</column>
<column name="tmp_22_i_i_fu_237_p2">icmp, 0, 0, 18, 32, 32</column>
<column name="tmp_25_i_i_fu_320_p2">icmp, 0, 0, 18, 32, 32</column>
<column name="tmp_28_i_i_fu_353_p2">icmp, 0, 0, 18, 31, 1</column>
<column name="tmp_29_i_i_fu_325_p2">icmp, 0, 0, 18, 32, 32</column>
<column name="tmp_31_i_i_fu_383_p2">icmp, 0, 0, 18, 31, 3</column>
<column name="tmp_32_i_i_fu_330_p2">icmp, 0, 0, 18, 32, 32</column>
<column name="ap_block_pp0_stage0_11001">or, 0, 0, 2, 1, 1</column>
<column name="ap_block_state1">or, 0, 0, 2, 1, 1</column>
<column name="brmerge_fu_227_p2">or, 0, 0, 2, 1, 1</column>
<column name="brmerge_mid1_fu_306_p2">or, 0, 0, 2, 1, 1</column>
<column name="brmerge_mid2_fu_311_p3">select, 0, 0, 2, 1, 1</column>
<column name="i6_0_i_i_i_mid2_fu_288_p3">select, 0, 0, 31, 1, 31</column>
<column name="j_0_i_i_i_mid2_fu_263_p3">select, 0, 0, 31, 1, 31</column>
<column name="l_edge_pix_fu_366_p3">select, 0, 0, 32, 1, 32</column>
<column name="pix_in_2_l_edge_pix_s_fu_358_p3">select, 0, 0, 32, 1, 32</column>
<column name="pix_out_3_fu_414_p3">select, 0, 0, 32, 1, 32</column>
<column name="pix_out_8_fu_422_p3">select, 0, 0, 32, 1, 32</column>
<column name="ap_enable_pp0">xor, 0, 0, 2, 1, 2</column>
<column name="ap_enable_reg_pp0_iter1">xor, 0, 0, 2, 2, 1</column>
<column name="sel_tmp_fu_404_p2">xor, 0, 0, 2, 1, 2</column>
</table>
</item>
<item name = "Multiplexer"><table name="" hasTotal="1">
<keys size="5">Name, LUT, Input Size, Bits, Total Bits</keys>
<column name="ap_NS_fsm">38, 7, 1, 7</column>
<column name="ap_done">9, 2, 1, 2</column>
<column name="ap_enable_reg_pp0_iter1">9, 2, 1, 2</column>
<column name="ap_enable_reg_pp0_iter5">9, 2, 1, 2</column>
<column name="dst_V_1_data_out">9, 2, 32, 64</column>
<column name="dst_V_1_state">15, 3, 2, 6</column>
<column name="dst_V_TDATA_blk_n">9, 2, 1, 2</column>
<column name="height_blk_n">9, 2, 1, 2</column>
<column name="i6_0_i_i_i_reg_151">9, 2, 31, 62</column>
<column name="indvar_flatten_reg_140">9, 2, 64, 128</column>
<column name="j_0_i_i_i_reg_162">9, 2, 31, 62</column>
<column name="vconv_V_blk_n">9, 2, 1, 2</column>
<column name="vconv_xlim_loc_blk_n">9, 2, 1, 2</column>
<column name="width_blk_n">9, 2, 1, 2</column>
</table>
</item>
<item name = "Register"><table name="" hasTotal="1">
<keys size="5">Name, FF, LUT, Bits, Const Bits</keys>
<column name="ap_CS_fsm">6, 0, 6, 0</column>
<column name="ap_done_reg">1, 0, 1, 0</column>
<column name="ap_enable_reg_pp0_iter0">1, 0, 1, 0</column>
<column name="ap_enable_reg_pp0_iter1">1, 0, 1, 0</column>
<column name="ap_enable_reg_pp0_iter2">1, 0, 1, 0</column>
<column name="ap_enable_reg_pp0_iter3">1, 0, 1, 0</column>
<column name="ap_enable_reg_pp0_iter4">1, 0, 1, 0</column>
<column name="ap_enable_reg_pp0_iter5">1, 0, 1, 0</column>
<column name="bound_reg_495">64, 0, 64, 0</column>
<column name="brmerge_mid2_reg_553">1, 0, 1, 0</column>
<column name="brmerge_reg_500">1, 0, 1, 0</column>
<column name="dst_V_1_payload_A">32, 0, 32, 0</column>
<column name="dst_V_1_payload_B">32, 0, 32, 0</column>
<column name="dst_V_1_sel_rd">1, 0, 1, 0</column>
<column name="dst_V_1_sel_wr">1, 0, 1, 0</column>
<column name="dst_V_1_state">2, 0, 2, 0</column>
<column name="exitcond_flatten_reg_510">1, 0, 1, 0</column>
<column name="height_read_reg_458">32, 0, 32, 0</column>
<column name="i6_0_i_i_i_reg_151">31, 0, 31, 0</column>
<column name="indvar_flatten_reg_140">64, 0, 64, 0</column>
<column name="j_0_i_i_i_mid2_reg_519">31, 0, 31, 0</column>
<column name="j_0_i_i_i_reg_162">31, 0, 31, 0</column>
<column name="notlhs_mid1_reg_533">1, 0, 1, 0</column>
<column name="notrhs_mid1_reg_538">1, 0, 1, 0</column>
<column name="pix_out_1_fu_80">32, 0, 32, 0</column>
<column name="pix_out_fu_76">32, 0, 32, 0</column>
<column name="r_edge_pix_fu_72">32, 0, 32, 0</column>
<column name="tmp_17_i_i_mid1_reg_528">1, 0, 1, 0</column>
<column name="tmp_22_i_i_reg_505">1, 0, 1, 0</column>
<column name="tmp_25_i_i_reg_557">1, 0, 1, 0</column>
<column name="tmp_29_i_i_reg_561">1, 0, 1, 0</column>
<column name="tmp_29_i_i_reg_561_pp0_iter2_reg">1, 0, 1, 0</column>
<column name="tmp_31_i_i_reg_576">1, 0, 1, 0</column>
<column name="tmp_32_i_i_reg_566">1, 0, 1, 0</column>
<column name="tmp_7_i_i_reg_489">32, 0, 32, 0</column>
<column name="tmp_9_i_i_reg_479">32, 0, 32, 0</column>
<column name="tmp_i_i_reg_484">32, 0, 32, 0</column>
<column name="tmp_reg_571">32, 0, 32, 0</column>
<column name="vconv_xlim_loc_read_reg_464">32, 0, 32, 0</column>
<column name="width_read_reg_450">32, 0, 32, 0</column>
<column name="brmerge_mid2_reg_553">64, 32, 1, 0</column>
<column name="exitcond_flatten_reg_510">64, 32, 1, 0</column>
<column name="j_0_i_i_i_mid2_reg_519">64, 32, 31, 0</column>
<column name="tmp_25_i_i_reg_557">64, 32, 1, 0</column>
<column name="tmp_32_i_i_reg_566">64, 32, 1, 0</column>
</table>
</item>
</section>
</item>
</section>

<section name = "Interface" level="0">
<item name = "Summary"><table name="" hasTotal="0">
<keys size="6">RTL Ports, Dir, Bits, Protocol, Source Object, C Type</keys>
<column name="ap_clk">in, 1, ap_ctrl_hs, Loop_Border_proc, return value</column>
<column name="ap_rst">in, 1, ap_ctrl_hs, Loop_Border_proc, return value</column>
<column name="ap_start">in, 1, ap_ctrl_hs, Loop_Border_proc, return value</column>
<column name="ap_done">out, 1, ap_ctrl_hs, Loop_Border_proc, return value</column>
<column name="ap_continue">in, 1, ap_ctrl_hs, Loop_Border_proc, return value</column>
<column name="ap_idle">out, 1, ap_ctrl_hs, Loop_Border_proc, return value</column>
<column name="ap_ready">out, 1, ap_ctrl_hs, Loop_Border_proc, return value</column>
<column name="width_dout">in, 32, ap_fifo, width, pointer</column>
<column name="width_empty_n">in, 1, ap_fifo, width, pointer</column>
<column name="width_read">out, 1, ap_fifo, width, pointer</column>
<column name="height_dout">in, 32, ap_fifo, height, pointer</column>
<column name="height_empty_n">in, 1, ap_fifo, height, pointer</column>
<column name="height_read">out, 1, ap_fifo, height, pointer</column>
<column name="dst_V_TDATA">out, 32, axis, dst_V, pointer</column>
<column name="dst_V_TVALID">out, 1, axis, dst_V, pointer</column>
<column name="dst_V_TREADY">in, 1, axis, dst_V, pointer</column>
<column name="vconv_xlim_loc_dout">in, 32, ap_fifo, vconv_xlim_loc, pointer</column>
<column name="vconv_xlim_loc_empty_n">in, 1, ap_fifo, vconv_xlim_loc, pointer</column>
<column name="vconv_xlim_loc_read">out, 1, ap_fifo, vconv_xlim_loc, pointer</column>
<column name="vconv_V_dout">in, 32, ap_fifo, vconv_V, pointer</column>
<column name="vconv_V_empty_n">in, 1, ap_fifo, vconv_V, pointer</column>
<column name="vconv_V_read">out, 1, ap_fifo, vconv_V, pointer</column>
</table>
</item>
</section>
</profile>
