<profile>

<section name = "Vivado HLS Report for 'Loop_HConvH_proc6'" level="0">
<item name = "Date">Tue Aug 11 06:27:53 2020
</item>
<item name = "Version">2018.1 (Build 2188600 on Wed Apr 04 19:04:02 MDT 2018)</item>
<item name = "Project">proj_2D_convolution_with_linebuffer</item>
<item name = "Solution">solution1</item>
<item name = "Product family">zynq</item>
<item name = "Target device">xc7z020clg484-1</item>
</section>

<section name = "Performance Estimates" level="0">
<item name = "Timing (ns)">
<section name = "" level="1">
<item name = "Summary"><table name="" hasTotal="0">
<keys size="4">Clock, Target, Estimated, Uncertainty</keys>
<column name="ap_clk">6.66, 5.75, 0.83</column>
</table>
</item>
</section>
</item>
<item name = "Latency (clock cycles)">
<section name = "" level="1">
<item name = "Summary"><table name="" hasTotal="0">
<keys size="6">, min, max, min, max, Type</keys>
<column name="">6, 2070613, 6, 2070613, none</column>
</table>
</item>
<item name = "Detail">
<section name = "" level="1">
<item name = "Instance"><table name="" hasTotal="0">
<keys size="7">Instance, Module, min, max, min, max, Type</keys>
</table>
</item>
<item name = "Loop"><table name="" hasTotal="0">
<keys size="8">Loop Name, min, max, Latency, achieved, target, Count, Pipelined</keys>
<column name="- HConvH_HConvW">1, 2070608, 9, 1, 1, 0 ~ 2070601, yes</column>
</table>
</item>
</section>
</item>
</section>
</item>
</section>

<section name = "Utilization Estimates" level="0">
<item name = "Summary"><table name="" hasTotal="1">
<keys size="5">Name, BRAM_18K, DSP48E, FF, LUT</keys>
<column name="DSP">-, -, -, -</column>
<column name="Expression">-, -, 0, 625</column>
<column name="FIFO">-, -, -, -</column>
<column name="Instance">-, 40, 1660, 490</column>
<column name="Memory">-, -, -, -</column>
<column name="Multiplexer">-, -, -, 143</column>
<column name="Register">0, -, 1779, 224</column>
<specialColumn name="Available">280, 220, 106400, 53200</specialColumn>
<specialColumn name="Utilization (%)">0, 18, 3, 2</specialColumn>
</table>
</item>
<item name = "Detail">
<section name = "" level="1">
<item name = "Instance"><table name="" hasTotal="1">
<keys size="6">Instance, Module, BRAM_18K, DSP48E, FF, LUT</keys>
<column name="filter11x11_strm_bkb_U10">filter11x11_strm_bkb, 0, 4, 166, 49</column>
<column name="filter11x11_strm_cud_U11">filter11x11_strm_cud, 0, 4, 166, 49</column>
<column name="filter11x11_strm_cud_U16">filter11x11_strm_cud, 0, 4, 166, 49</column>
<column name="filter11x11_strm_dEe_U12">filter11x11_strm_dEe, 0, 4, 166, 49</column>
<column name="filter11x11_strm_dEe_U15">filter11x11_strm_dEe, 0, 4, 166, 49</column>
<column name="filter11x11_strm_dEe_U18">filter11x11_strm_dEe, 0, 4, 166, 49</column>
<column name="filter11x11_strm_dEe_U19">filter11x11_strm_dEe, 0, 4, 166, 49</column>
<column name="filter11x11_strm_eOg_U13">filter11x11_strm_eOg, 0, 4, 166, 49</column>
<column name="filter11x11_strm_eOg_U14">filter11x11_strm_eOg, 0, 4, 166, 49</column>
<column name="filter11x11_strm_eOg_U17">filter11x11_strm_eOg, 0, 4, 166, 49</column>
</table>
</item>
<item name = "DSP48"><table name="" hasTotal="0">
<keys size="3">Instance, Module, Expression</keys>
</table>
</item>
<item name = "Memory"><table name="" hasTotal="1">
<keys size="9">Memory, Module, BRAM_18K, FF, LUT, Words, Bits, Banks, W*Bits*Banks</keys>
</table>
</item>
<item name = "FIFO"><table name="" hasTotal="1">
<keys size="7">Name, BRAM_18K, FF, LUT, Depth, Bits, Size:D*B</keys>
</table>
</item>
<item name = "Expression"><table name="" hasTotal="1">
<keys size="7">Variable Name, Operation, DSP48E, FF, LUT, Bitwidth P0, Bitwidth P1</keys>
<column name="indvar_flatten_next_fu_183_p2">+, 0, 0, 71, 64, 1</column>
<column name="row_fu_203_p2">+, 0, 0, 38, 31, 1</column>
<column name="tmp10_fu_393_p2">+, 0, 0, 32, 32, 32</column>
<column name="tmp11_fu_389_p2">+, 0, 0, 39, 32, 32</column>
<column name="tmp1_fu_411_p2">+, 0, 0, 32, 32, 32</column>
<column name="tmp2_fu_369_p2">+, 0, 0, 32, 32, 32</column>
<column name="tmp3_fu_363_p2">+, 0, 0, 32, 32, 32</column>
<column name="tmp4_fu_379_p2">+, 0, 0, 32, 32, 32</column>
<column name="tmp5_fu_375_p2">+, 0, 0, 32, 32, 32</column>
<column name="tmp6_fu_406_p2">+, 0, 0, 32, 32, 32</column>
<column name="tmp7_fu_402_p2">+, 0, 0, 32, 32, 32</column>
<column name="tmp8_fu_385_p2">+, 0, 0, 39, 32, 32</column>
<column name="tmp9_fu_397_p2">+, 0, 0, 32, 32, 32</column>
<column name="tmp_4_fu_415_p2">+, 0, 0, 32, 32, 32</column>
<column name="ap_block_state13_pp0_stage0_iter8">and, 0, 0, 2, 1, 1</column>
<column name="ap_block_state6_pp0_stage0_iter1">and, 0, 0, 2, 1, 1</column>
<column name="src_V_0_load_A">and, 0, 0, 2, 1, 1</column>
<column name="src_V_0_load_B">and, 0, 0, 2, 1, 1</column>
<column name="exitcond_flatten_fu_178_p2">icmp, 0, 0, 29, 64, 64</column>
<column name="src_V_0_state_cmp_full">icmp, 0, 0, 8, 2, 1</column>
<column name="tmp_10_i_fu_197_p2">icmp, 0, 0, 18, 31, 4</column>
<column name="tmp_4_i_fu_173_p2">icmp, 0, 0, 18, 32, 32</column>
<column name="ap_block_pp0_stage0_01001">or, 0, 0, 2, 1, 1</column>
<column name="ap_block_state1">or, 0, 0, 2, 1, 1</column>
<column name="row_0_i_i_mid2_fu_189_p3">select, 0, 0, 31, 1, 31</column>
<column name="ap_enable_pp0">xor, 0, 0, 2, 1, 2</column>
</table>
</item>
<item name = "Multiplexer"><table name="" hasTotal="1">
<keys size="5">Name, LUT, Input Size, Bits, Total Bits</keys>
<column name="ap_NS_fsm">38, 7, 1, 7</column>
<column name="ap_done">9, 2, 1, 2</column>
<column name="ap_enable_reg_pp0_iter2">9, 2, 1, 2</column>
<column name="ap_enable_reg_pp0_iter8">9, 2, 1, 2</column>
<column name="hconv_V_blk_n">9, 2, 1, 2</column>
<column name="height_blk_n">9, 2, 1, 2</column>
<column name="indvar_flatten_reg_135">9, 2, 64, 128</column>
<column name="row_0_i_i_reg_146">9, 2, 31, 62</column>
<column name="src_V_0_data_out">9, 2, 32, 64</column>
<column name="src_V_0_state">15, 3, 2, 6</column>
<column name="src_V_TDATA_blk_n">9, 2, 1, 2</column>
<column name="width_blk_n">9, 2, 1, 2</column>
</table>
</item>
<item name = "Register"><table name="" hasTotal="1">
<keys size="5">Name, FF, LUT, Bits, Const Bits</keys>
<column name="ap_CS_fsm">6, 0, 6, 0</column>
<column name="ap_done_reg">1, 0, 1, 0</column>
<column name="ap_enable_reg_pp0_iter0">1, 0, 1, 0</column>
<column name="ap_enable_reg_pp0_iter1">1, 0, 1, 0</column>
<column name="ap_enable_reg_pp0_iter2">1, 0, 1, 0</column>
<column name="ap_enable_reg_pp0_iter3">1, 0, 1, 0</column>
<column name="ap_enable_reg_pp0_iter4">1, 0, 1, 0</column>
<column name="ap_enable_reg_pp0_iter5">1, 0, 1, 0</column>
<column name="ap_enable_reg_pp0_iter6">1, 0, 1, 0</column>
<column name="ap_enable_reg_pp0_iter7">1, 0, 1, 0</column>
<column name="ap_enable_reg_pp0_iter8">1, 0, 1, 0</column>
<column name="bound_reg_502">64, 0, 64, 0</column>
<column name="exitcond_flatten_reg_507">1, 0, 1, 0</column>
<column name="height_read_reg_481">32, 0, 32, 0</column>
<column name="hwin_1_1_i_fu_70">32, 0, 32, 0</column>
<column name="hwin_1_1_i_load_reg_525">32, 0, 32, 0</column>
<column name="hwin_1_fu_74">32, 0, 32, 0</column>
<column name="hwin_2_fu_78">32, 0, 32, 0</column>
<column name="hwin_3_fu_82">32, 0, 32, 0</column>
<column name="hwin_3_load_reg_541">32, 0, 32, 0</column>
<column name="hwin_4_fu_86">32, 0, 32, 0</column>
<column name="hwin_5_fu_90">32, 0, 32, 0</column>
<column name="hwin_6_fu_94">32, 0, 32, 0</column>
<column name="hwin_6_load_reg_556">32, 0, 32, 0</column>
<column name="hwin_7_fu_98">32, 0, 32, 0</column>
<column name="hwin_7_load_reg_561">32, 0, 32, 0</column>
<column name="hwin_8_fu_102">32, 0, 32, 0</column>
<column name="hwin_9_fu_106">32, 0, 32, 0</column>
<column name="indvar_flatten_reg_135">64, 0, 64, 0</column>
<column name="row_0_i_i_reg_146">31, 0, 31, 0</column>
<column name="src_V_0_payload_A">32, 0, 32, 0</column>
<column name="src_V_0_payload_B">32, 0, 32, 0</column>
<column name="src_V_0_sel_rd">1, 0, 1, 0</column>
<column name="src_V_0_sel_wr">1, 0, 1, 0</column>
<column name="src_V_0_state">2, 0, 2, 0</column>
<column name="tmp11_reg_637">32, 0, 32, 0</column>
<column name="tmp2_reg_622">30, 0, 32, 2</column>
<column name="tmp4_reg_627">32, 0, 32, 0</column>
<column name="tmp6_reg_652">32, 0, 32, 0</column>
<column name="tmp8_reg_632">32, 0, 32, 0</column>
<column name="tmp8_reg_632_pp0_iter5_reg">32, 0, 32, 0</column>
<column name="tmp9_reg_647">32, 0, 32, 0</column>
<column name="tmp_10_i_reg_516">1, 0, 1, 0</column>
<column name="tmp_16_reg_576">32, 0, 32, 0</column>
<column name="tmp_23_1_i_reg_582">32, 0, 32, 0</column>
<column name="tmp_23_2_i_reg_587">32, 0, 32, 0</column>
<column name="tmp_23_3_i_reg_642">32, 0, 32, 0</column>
<column name="tmp_23_4_i_reg_592">32, 0, 32, 0</column>
<column name="tmp_23_5_i_reg_597">32, 0, 32, 0</column>
<column name="tmp_23_6_i_reg_612">32, 0, 32, 0</column>
<column name="tmp_23_7_i_reg_617">32, 0, 32, 0</column>
<column name="tmp_23_8_i_reg_602">32, 0, 32, 0</column>
<column name="tmp_23_9_i_reg_607">32, 0, 32, 0</column>
<column name="tmp_4_reg_657">32, 0, 32, 0</column>
<column name="width_read_reg_486">32, 0, 32, 0</column>
<column name="exitcond_flatten_reg_507">64, 32, 1, 0</column>
<column name="hwin_1_1_i_load_reg_525">64, 32, 32, 0</column>
<column name="hwin_3_load_reg_541">64, 32, 32, 0</column>
<column name="tmp2_reg_622">64, 32, 32, 2</column>
<column name="tmp4_reg_627">64, 32, 32, 0</column>
<column name="tmp_10_i_reg_516">64, 32, 1, 0</column>
<column name="tmp_16_reg_576">64, 32, 32, 0</column>
</table>
</item>
</section>
</item>
</section>

<section name = "Interface" level="0">
<item name = "Summary"><table name="" hasTotal="0">
<keys size="6">RTL Ports, Dir, Bits, Protocol, Source Object, C Type</keys>
<column name="ap_clk">in, 1, ap_ctrl_hs, Loop_HConvH_proc6, return value</column>
<column name="ap_rst">in, 1, ap_ctrl_hs, Loop_HConvH_proc6, return value</column>
<column name="ap_start">in, 1, ap_ctrl_hs, Loop_HConvH_proc6, return value</column>
<column name="ap_done">out, 1, ap_ctrl_hs, Loop_HConvH_proc6, return value</column>
<column name="ap_continue">in, 1, ap_ctrl_hs, Loop_HConvH_proc6, return value</column>
<column name="ap_idle">out, 1, ap_ctrl_hs, Loop_HConvH_proc6, return value</column>
<column name="ap_ready">out, 1, ap_ctrl_hs, Loop_HConvH_proc6, return value</column>
<column name="height_dout">in, 32, ap_fifo, height, pointer</column>
<column name="height_empty_n">in, 1, ap_fifo, height, pointer</column>
<column name="height_read">out, 1, ap_fifo, height, pointer</column>
<column name="width_dout">in, 32, ap_fifo, width, pointer</column>
<column name="width_empty_n">in, 1, ap_fifo, width, pointer</column>
<column name="width_read">out, 1, ap_fifo, width, pointer</column>
<column name="src_V_TDATA">in, 32, axis, src_V, pointer</column>
<column name="src_V_TVALID">in, 1, axis, src_V, pointer</column>
<column name="src_V_TREADY">out, 1, axis, src_V, pointer</column>
<column name="hconv_V_din">out, 32, ap_fifo, hconv_V, pointer</column>
<column name="hconv_V_full_n">in, 1, ap_fifo, hconv_V, pointer</column>
<column name="hconv_V_write">out, 1, ap_fifo, hconv_V, pointer</column>
</table>
</item>
</section>
</profile>
