<stg><name>Loop_Border_proc</name>


<trans_list>

<trans id="99" from="1" to="2">
<condition id="64">
<or_exp><and_exp></and_exp></or_exp>
</condition>
</trans>

<trans id="100" from="2" to="3">
<condition id="65">
<or_exp><and_exp></and_exp></or_exp>
</condition>
</trans>

<trans id="101" from="3" to="4">
<condition id="66">
<or_exp><and_exp></and_exp></or_exp>
</condition>
</trans>

<trans id="102" from="4" to="5">
<condition id="68">
<or_exp><and_exp></and_exp></or_exp>
</condition>
</trans>

<trans id="130" from="5" to="11">
<condition id="92">
<or_exp><and_exp><literal name="exitcond_flatten" val="1"/>
</and_exp></or_exp>
</condition>
</trans>

<trans id="131" from="5" to="6">
<condition id="98">
<or_exp><and_exp><literal name="exitcond_flatten" val="0"/>
</and_exp></or_exp>
</condition>
</trans>

<trans id="125" from="6" to="7">
<condition id="93">
<or_exp><and_exp></and_exp></or_exp>
</condition>
</trans>

<trans id="126" from="7" to="8">
<condition id="94">
<or_exp><and_exp></and_exp></or_exp>
</condition>
</trans>

<trans id="127" from="8" to="9">
<condition id="95">
<or_exp><and_exp></and_exp></or_exp>
</condition>
</trans>

<trans id="128" from="9" to="10">
<condition id="96">
<or_exp><and_exp></and_exp></or_exp>
</condition>
</trans>

<trans id="129" from="10" to="5">
<condition id="97">
<or_exp><and_exp></and_exp></or_exp>
</condition>
</trans>
</trans_list>



<state_list>

<state id="1" st_id="1">

<operation id="12" st_id="1" stage="1" lat="1">
<core>NULL</core>
<MemPortIdVec></MemPortIdVec>
<condition id="51">
<or_exp><and_exp></and_exp></or_exp>
</condition>

<Node id="6" bw="32" op_0_bw="32">
<![CDATA[
entry:0  %r_edge_pix = alloca i32

]]></Node>
<StgValue><ssdm name="r_edge_pix"/></StgValue>
</operation>

<operation id="13" st_id="1" stage="1" lat="1">
<core>NULL</core>
<MemPortIdVec></MemPortIdVec>
<condition id="51">
<or_exp><and_exp></and_exp></or_exp>
</condition>

<Node id="7" bw="32" op_0_bw="32">
<![CDATA[
entry:1  %pix_out = alloca i32

]]></Node>
<StgValue><ssdm name="pix_out"/></StgValue>
</operation>

<operation id="14" st_id="1" stage="1" lat="1">
<core>NULL</core>
<MemPortIdVec></MemPortIdVec>
<condition id="51">
<or_exp><and_exp></and_exp></or_exp>
</condition>

<Node id="8" bw="32" op_0_bw="32">
<![CDATA[
entry:2  %pix_out_1 = alloca i32

]]></Node>
<StgValue><ssdm name="pix_out_1"/></StgValue>
</operation>

<operation id="15" st_id="1" stage="1" lat="1">
<core>RAM</core>
<MemPortIdVec></MemPortIdVec>
<condition id="51">
<or_exp><and_exp></and_exp></or_exp>
</condition>

<Node id="11" bw="32" op_0_bw="64">
<![CDATA[
entry:5  %borderbuf = alloca [1910 x i32], align 16

]]></Node>
<StgValue><ssdm name="borderbuf"/><MemPortTyVec>0 1 </MemPortTyVec>
</StgValue>
</operation>

<operation id="16" st_id="1" stage="1" lat="1">
<core>FIFO</core>
<MemPortIdVec></MemPortIdVec>
<condition id="51">
<or_exp><and_exp></and_exp></or_exp>
</condition>

<Node id="15" bw="32" op_0_bw="32" op_1_bw="32">
<![CDATA[
entry:9  %width_read = call i32 @_ssdm_op_Read.ap_fifo.i32P(i32* %width)

]]></Node>
<StgValue><ssdm name="width_read"/></StgValue>
</operation>

<operation id="17" st_id="1" stage="1" lat="1">
<core>FIFO</core>
<MemPortIdVec></MemPortIdVec>
<condition id="51">
<or_exp><and_exp></and_exp></or_exp>
</condition>

<Node id="16" bw="32" op_0_bw="32" op_1_bw="32">
<![CDATA[
entry:10  %height_read = call i32 @_ssdm_op_Read.ap_fifo.i32P(i32* %height)

]]></Node>
<StgValue><ssdm name="height_read"/></StgValue>
</operation>

<operation id="18" st_id="1" stage="1" lat="1">
<core>FIFO</core>
<MemPortIdVec></MemPortIdVec>
<condition id="51">
<or_exp><and_exp></and_exp></or_exp>
</condition>

<Node id="17" bw="32" op_0_bw="32" op_1_bw="32">
<![CDATA[
entry:11  %vconv_xlim_loc_read = call i32 @_ssdm_op_Read.ap_fifo.i32P(i32* %vconv_xlim_loc)

]]></Node>
<StgValue><ssdm name="vconv_xlim_loc_read"/></StgValue>
</operation>
</state>

<state id="2" st_id="2">

<operation id="19" st_id="2" stage="1" lat="1">
<core>NULL</core>
<MemPortIdVec></MemPortIdVec>
<condition id="52">
<or_exp><and_exp></and_exp></or_exp>
</condition>

<Node id="21" bw="64" op_0_bw="32">
<![CDATA[
entry:15  %cast = zext i32 %height_read to i64

]]></Node>
<StgValue><ssdm name="cast"/></StgValue>
</operation>

<operation id="20" st_id="2" stage="1" lat="1">
<core>NULL</core>
<MemPortIdVec></MemPortIdVec>
<condition id="52">
<or_exp><and_exp></and_exp></or_exp>
</condition>

<Node id="22" bw="64" op_0_bw="32">
<![CDATA[
entry:16  %cast1 = zext i32 %width_read to i64

]]></Node>
<StgValue><ssdm name="cast1"/></StgValue>
</operation>

<operation id="21" st_id="2" stage="3" lat="3">
<core>MulnS</core>
<MemPortIdVec></MemPortIdVec>
<condition id="52">
<or_exp><and_exp></and_exp></or_exp>
</condition>

<Node id="23" bw="64" op_0_bw="64" op_1_bw="64">
<![CDATA[
entry:17  %bound = mul i64 %cast1, %cast

]]></Node>
<StgValue><ssdm name="bound"/></StgValue>
</operation>
</state>

<state id="3" st_id="3">

<operation id="22" st_id="3" stage="2" lat="3">
<core>MulnS</core>
<MemPortIdVec></MemPortIdVec>
<condition id="53">
<or_exp><and_exp></and_exp></or_exp>
</condition>

<Node id="23" bw="64" op_0_bw="64" op_1_bw="64">
<![CDATA[
entry:17  %bound = mul i64 %cast1, %cast

]]></Node>
<StgValue><ssdm name="bound"/></StgValue>
</operation>
</state>

<state id="4" st_id="4">

<operation id="23" st_id="4" stage="1" lat="1">
<core>NULL</core>
<MemPortIdVec></MemPortIdVec>
<condition id="54">
<or_exp><and_exp></and_exp></or_exp>
</condition>

<Node id="9" bw="0" op_0_bw="0" op_1_bw="32" op_2_bw="0" op_3_bw="32" op_4_bw="32" op_5_bw="0" op_6_bw="32" op_7_bw="32" op_8_bw="0" op_9_bw="0" op_10_bw="0" op_11_bw="32" op_12_bw="32" op_13_bw="32" op_14_bw="32" op_15_bw="0" op_16_bw="0">
<![CDATA[
entry:3  call void (...)* @_ssdm_op_SpecInterface(i32* %dst_V, [5 x i8]* @p_str5, i32 1, i32 1, [5 x i8]* @p_str6, i32 0, i32 0, [1 x i8]* @p_str1, [1 x i8]* @p_str1, [1 x i8]* @p_str1, i32 0, i32 0, i32 0, i32 0, [1 x i8]* @p_str1, [1 x i8]* @p_str1)

]]></Node>
<StgValue><ssdm name=""/></StgValue>
</operation>

<operation id="24" st_id="4" stage="1" lat="1">
<core>NULL</core>
<MemPortIdVec></MemPortIdVec>
<condition id="54">
<or_exp><and_exp></and_exp></or_exp>
</condition>

<Node id="10" bw="0" op_0_bw="0" op_1_bw="32" op_2_bw="0" op_3_bw="32" op_4_bw="32" op_5_bw="0" op_6_bw="32" op_7_bw="32" op_8_bw="0" op_9_bw="0" op_10_bw="0" op_11_bw="32" op_12_bw="32" op_13_bw="32" op_14_bw="32" op_15_bw="0" op_16_bw="0">
<![CDATA[
entry:4  call void (...)* @_ssdm_op_SpecInterface(i32* %vconv_V, [8 x i8]* @ap_fifo_str, i32 0, i32 0, [1 x i8]* @p_str, i32 0, i32 0, [1 x i8]* @p_str, [1 x i8]* @p_str, [1 x i8]* @p_str, i32 2, i32 2, i32 16, i32 16, [1 x i8]* @p_str, [1 x i8]* @p_str)

]]></Node>
<StgValue><ssdm name=""/></StgValue>
</operation>

<operation id="25" st_id="4" stage="1" lat="1">
<core>NULL</core>
<MemPortIdVec></MemPortIdVec>
<condition id="54">
<or_exp><and_exp></and_exp></or_exp>
</condition>

<Node id="12" bw="0" op_0_bw="0" op_1_bw="32" op_2_bw="0" op_3_bw="32" op_4_bw="32" op_5_bw="0" op_6_bw="32" op_7_bw="32" op_8_bw="0" op_9_bw="0" op_10_bw="0" op_11_bw="32" op_12_bw="32" op_13_bw="32" op_14_bw="32" op_15_bw="0" op_16_bw="0">
<![CDATA[
entry:6  call void (...)* @_ssdm_op_SpecInterface(i32* %height, [8 x i8]* @ap_fifo_str, i32 0, i32 0, [1 x i8]* @p_str, i32 0, i32 0, [1 x i8]* @p_str, [1 x i8]* @p_str, [1 x i8]* @p_str, i32 2, i32 2, i32 16, i32 16, [1 x i8]* @p_str, [1 x i8]* @p_str)

]]></Node>
<StgValue><ssdm name=""/></StgValue>
</operation>

<operation id="26" st_id="4" stage="1" lat="1">
<core>NULL</core>
<MemPortIdVec></MemPortIdVec>
<condition id="54">
<or_exp><and_exp></and_exp></or_exp>
</condition>

<Node id="13" bw="0" op_0_bw="0" op_1_bw="32" op_2_bw="0" op_3_bw="32" op_4_bw="32" op_5_bw="0" op_6_bw="32" op_7_bw="32" op_8_bw="0" op_9_bw="0" op_10_bw="0" op_11_bw="32" op_12_bw="32" op_13_bw="32" op_14_bw="32" op_15_bw="0" op_16_bw="0">
<![CDATA[
entry:7  call void (...)* @_ssdm_op_SpecInterface(i32* %width, [8 x i8]* @ap_fifo_str, i32 0, i32 0, [1 x i8]* @p_str, i32 0, i32 0, [1 x i8]* @p_str, [1 x i8]* @p_str, [1 x i8]* @p_str, i32 2, i32 2, i32 16, i32 16, [1 x i8]* @p_str, [1 x i8]* @p_str)

]]></Node>
<StgValue><ssdm name=""/></StgValue>
</operation>

<operation id="27" st_id="4" stage="1" lat="1">
<core>NULL</core>
<MemPortIdVec></MemPortIdVec>
<condition id="54">
<or_exp><and_exp></and_exp></or_exp>
</condition>

<Node id="14" bw="0" op_0_bw="0" op_1_bw="32" op_2_bw="0" op_3_bw="32" op_4_bw="32" op_5_bw="0" op_6_bw="32" op_7_bw="32" op_8_bw="0" op_9_bw="0" op_10_bw="0" op_11_bw="32" op_12_bw="32" op_13_bw="32" op_14_bw="32" op_15_bw="0" op_16_bw="0">
<![CDATA[
entry:8  call void (...)* @_ssdm_op_SpecInterface(i32* %vconv_xlim_loc, [8 x i8]* @ap_fifo_str, i32 0, i32 0, [1 x i8]* @p_str, i32 0, i32 0, [1 x i8]* @p_str, [1 x i8]* @p_str, [1 x i8]* @p_str, i32 2, i32 2, i32 16, i32 16, [1 x i8]* @p_str, [1 x i8]* @p_str)

]]></Node>
<StgValue><ssdm name=""/></StgValue>
</operation>

<operation id="28" st_id="4" stage="1" lat="1">
<core>AddSub</core>
<MemPortIdVec></MemPortIdVec>
<condition id="54">
<or_exp><and_exp></and_exp></or_exp>
</condition>

<Node id="18" bw="32" op_0_bw="32" op_1_bw="32">
<![CDATA[
entry:12  %tmp_9_i_i = add nsw i32 %width_read, -11

]]></Node>
<StgValue><ssdm name="tmp_9_i_i"/></StgValue>
</operation>

<operation id="29" st_id="4" stage="1" lat="1">
<core>AddSub</core>
<MemPortIdVec></MemPortIdVec>
<condition id="54">
<or_exp><and_exp></and_exp></or_exp>
</condition>

<Node id="19" bw="32" op_0_bw="32" op_1_bw="32">
<![CDATA[
entry:13  %tmp_i_i = add nsw i32 %width_read, -6

]]></Node>
<StgValue><ssdm name="tmp_i_i"/></StgValue>
</operation>

<operation id="30" st_id="4" stage="1" lat="1">
<core>AddSub</core>
<MemPortIdVec></MemPortIdVec>
<condition id="54">
<or_exp><and_exp></and_exp></or_exp>
</condition>

<Node id="20" bw="32" op_0_bw="32" op_1_bw="32">
<![CDATA[
entry:14  %tmp_7_i_i = add nsw i32 %height_read, -5

]]></Node>
<StgValue><ssdm name="tmp_7_i_i"/></StgValue>
</operation>

<operation id="31" st_id="4" stage="1" lat="3">
<core>MulnS</core>
<MemPortIdVec></MemPortIdVec>
<condition id="54">
<or_exp><and_exp></and_exp></or_exp>
</condition>

<Node id="23" bw="64" op_0_bw="64" op_1_bw="64">
<![CDATA[
entry:17  %bound = mul i64 %cast1, %cast

]]></Node>
<StgValue><ssdm name="bound"/></StgValue>
</operation>

<operation id="32" st_id="4" stage="1" lat="1">
<core>NULL</core>
<MemPortIdVec></MemPortIdVec>
<condition id="54">
<or_exp><and_exp></and_exp></or_exp>
</condition>

<Node id="24" bw="0" op_0_bw="0">
<![CDATA[
entry:18  br label %0

]]></Node>
<StgValue><ssdm name=""/></StgValue>
</operation>
</state>

<state id="5" st_id="5">

<operation id="33" st_id="5" stage="1" lat="1">
<core>NULL</core>
<MemPortIdVec></MemPortIdVec>
<condition id="-1">
<or_exp><and_exp></and_exp></or_exp>
</condition>

<Node id="26" bw="64" op_0_bw="64" op_1_bw="0">
<![CDATA[
:0  %indvar_flatten = phi i64 [ 0, %entry ], [ %indvar_flatten_next, %._crit_edge10.i.i.i_ifconv ]

]]></Node>
<StgValue><ssdm name="indvar_flatten"/></StgValue>
</operation>

<operation id="34" st_id="5" stage="1" lat="1">
<core>NULL</core>
<MemPortIdVec></MemPortIdVec>
<condition id="-1">
<or_exp><and_exp></and_exp></or_exp>
</condition>

<Node id="27" bw="31" op_0_bw="31" op_1_bw="0">
<![CDATA[
:1  %i6_0_i_i_i = phi i31 [ 0, %entry ], [ %i6_0_i_i_i_mid2, %._crit_edge10.i.i.i_ifconv ]

]]></Node>
<StgValue><ssdm name="i6_0_i_i_i"/></StgValue>
</operation>

<operation id="35" st_id="5" stage="1" lat="1">
<core>NULL</core>
<MemPortIdVec></MemPortIdVec>
<condition id="-1">
<or_exp><and_exp></and_exp></or_exp>
</condition>

<Node id="28" bw="31" op_0_bw="31" op_1_bw="0">
<![CDATA[
:2  %j_0_i_i_i = phi i31 [ 0, %entry ], [ %j, %._crit_edge10.i.i.i_ifconv ]

]]></Node>
<StgValue><ssdm name="j_0_i_i_i"/></StgValue>
</operation>

<operation id="36" st_id="5" stage="1" lat="1">
<core>NULL</core>
<MemPortIdVec></MemPortIdVec>
<condition id="-1">
<or_exp><and_exp></and_exp></or_exp>
</condition>

<Node id="29" bw="32" op_0_bw="31">
<![CDATA[
:3  %i6_0_i_cast_i_i_mid1 = zext i31 %i6_0_i_i_i to i32

]]></Node>
<StgValue><ssdm name="i6_0_i_cast_i_i_mid1"/></StgValue>
</operation>

<operation id="37" st_id="5" stage="1" lat="1">
<core>Cmp</core>
<MemPortIdVec></MemPortIdVec>
<condition id="-1">
<or_exp><and_exp></and_exp></or_exp>
</condition>

<Node id="30" bw="1" op_0_bw="31" op_1_bw="31">
<![CDATA[
:4  %tmp_17_i_i = icmp eq i31 %i6_0_i_i_i, 0

]]></Node>
<StgValue><ssdm name="tmp_17_i_i"/></StgValue>
</operation>

<operation id="38" st_id="5" stage="1" lat="1">
<core>Cmp</core>
<MemPortIdVec></MemPortIdVec>
<condition id="-1">
<or_exp><and_exp></and_exp></or_exp>
</condition>

<Node id="31" bw="1" op_0_bw="31" op_1_bw="31">
<![CDATA[
:5  %notlhs = icmp ugt i31 %i6_0_i_i_i, 5

]]></Node>
<StgValue><ssdm name="notlhs"/></StgValue>
</operation>

<operation id="39" st_id="5" stage="1" lat="1">
<core>Cmp</core>
<MemPortIdVec></MemPortIdVec>
<condition id="-1">
<or_exp><and_exp></and_exp></or_exp>
</condition>

<Node id="32" bw="1" op_0_bw="32" op_1_bw="32">
<![CDATA[
:6  %notrhs = icmp slt i32 %i6_0_i_cast_i_i_mid1, %tmp_7_i_i

]]></Node>
<StgValue><ssdm name="notrhs"/></StgValue>
</operation>

<operation id="40" st_id="5" stage="1" lat="1">
<core>LogicGate</core>
<MemPortIdVec></MemPortIdVec>
<condition id="-1">
<or_exp><and_exp></and_exp></or_exp>
</condition>

<Node id="33" bw="1" op_0_bw="1" op_1_bw="1">
<![CDATA[
:7  %brmerge_i_i_i_not = and i1 %notrhs, %notlhs

]]></Node>
<StgValue><ssdm name="brmerge_i_i_i_not"/></StgValue>
</operation>

<operation id="41" st_id="5" stage="1" lat="1">
<core>LogicGate</core>
<MemPortIdVec></MemPortIdVec>
<condition id="-1">
<or_exp><and_exp></and_exp></or_exp>
</condition>

<Node id="34" bw="1" op_0_bw="1" op_1_bw="1">
<![CDATA[
:8  %brmerge = or i1 %tmp_17_i_i, %brmerge_i_i_i_not

]]></Node>
<StgValue><ssdm name="brmerge"/></StgValue>
</operation>

<operation id="42" st_id="5" stage="1" lat="1">
<core>NULL</core>
<MemPortIdVec></MemPortIdVec>
<condition id="-1">
<or_exp><and_exp></and_exp></or_exp>
</condition>

<Node id="35" bw="32" op_0_bw="31">
<![CDATA[
:9  %j_0_i_cast_i_i = zext i31 %j_0_i_i_i to i32

]]></Node>
<StgValue><ssdm name="j_0_i_cast_i_i"/></StgValue>
</operation>

<operation id="43" st_id="5" stage="1" lat="1">
<core>Cmp</core>
<MemPortIdVec></MemPortIdVec>
<condition id="-1">
<or_exp><and_exp></and_exp></or_exp>
</condition>

<Node id="36" bw="1" op_0_bw="32" op_1_bw="32">
<![CDATA[
:10  %tmp_22_i_i = icmp slt i32 %j_0_i_cast_i_i, %width_read

]]></Node>
<StgValue><ssdm name="tmp_22_i_i"/></StgValue>
</operation>

<operation id="44" st_id="5" stage="1" lat="1">
<core>Cmp</core>
<MemPortIdVec></MemPortIdVec>
<condition id="-1">
<or_exp><and_exp></and_exp></or_exp>
</condition>

<Node id="37" bw="1" op_0_bw="64" op_1_bw="64">
<![CDATA[
:11  %exitcond_flatten = icmp eq i64 %indvar_flatten, %bound

]]></Node>
<StgValue><ssdm name="exitcond_flatten"/></StgValue>
</operation>

<operation id="45" st_id="5" stage="1" lat="1">
<core>AddSub</core>
<MemPortIdVec></MemPortIdVec>
<condition id="-1">
<or_exp><and_exp></and_exp></or_exp>
</condition>

<Node id="38" bw="64" op_0_bw="64" op_1_bw="64">
<![CDATA[
:12  %indvar_flatten_next = add i64 %indvar_flatten, 1

]]></Node>
<StgValue><ssdm name="indvar_flatten_next"/></StgValue>
</operation>

<operation id="46" st_id="5" stage="1" lat="1">
<core>NULL</core>
<MemPortIdVec></MemPortIdVec>
<condition id="-1">
<or_exp><and_exp></and_exp></or_exp>
</condition>

<Node id="39" bw="0" op_0_bw="1" op_1_bw="0" op_2_bw="0">
<![CDATA[
:13  br i1 %exitcond_flatten, label %.exit, label %.preheader.i.i.i

]]></Node>
<StgValue><ssdm name=""/></StgValue>
</operation>

<operation id="47" st_id="5" stage="1" lat="1">
<core>AddSub</core>
<MemPortIdVec></MemPortIdVec>
<condition id="7">
<or_exp><and_exp><literal name="exitcond_flatten" val="0"/>
</and_exp></or_exp>
</condition>

<Node id="41" bw="31" op_0_bw="31" op_1_bw="31">
<![CDATA[
.preheader.i.i.i:0  %i = add i31 %i6_0_i_i_i, 1

]]></Node>
<StgValue><ssdm name="i"/></StgValue>
</operation>

<operation id="48" st_id="5" stage="1" lat="1">
<core>NULL</core>
<MemPortIdVec></MemPortIdVec>
<condition id="7">
<or_exp><and_exp><literal name="exitcond_flatten" val="0"/>
</and_exp></or_exp>
</condition>

<Node id="42" bw="32" op_0_bw="31">
<![CDATA[
.preheader.i.i.i:1  %i6_0_i_cast_i_i = zext i31 %i to i32

]]></Node>
<StgValue><ssdm name="i6_0_i_cast_i_i"/></StgValue>
</operation>

<operation id="49" st_id="5" stage="1" lat="1">
<core>Sel</core>
<MemPortIdVec></MemPortIdVec>
<condition id="7">
<or_exp><and_exp><literal name="exitcond_flatten" val="0"/>
</and_exp></or_exp>
</condition>

<Node id="44" bw="31" op_0_bw="1" op_1_bw="31" op_2_bw="31">
<![CDATA[
.preheader.i.i.i:3  %j_0_i_i_i_mid2 = select i1 %tmp_22_i_i, i31 %j_0_i_i_i, i31 0

]]></Node>
<StgValue><ssdm name="j_0_i_i_i_mid2"/></StgValue>
</operation>

<operation id="50" st_id="5" stage="1" lat="1">
<core>Cmp</core>
<MemPortIdVec></MemPortIdVec>
<condition id="7">
<or_exp><and_exp><literal name="exitcond_flatten" val="0"/>
</and_exp></or_exp>
</condition>

<Node id="45" bw="1" op_0_bw="31" op_1_bw="31">
<![CDATA[
.preheader.i.i.i:4  %tmp_17_i_i_mid1 = icmp eq i31 %i, 0

]]></Node>
<StgValue><ssdm name="tmp_17_i_i_mid1"/></StgValue>
</operation>

<operation id="51" st_id="5" stage="1" lat="1">
<core>Cmp</core>
<MemPortIdVec></MemPortIdVec>
<condition id="7">
<or_exp><and_exp><literal name="exitcond_flatten" val="0"/>
</and_exp></or_exp>
</condition>

<Node id="46" bw="1" op_0_bw="31" op_1_bw="31">
<![CDATA[
.preheader.i.i.i:5  %notlhs_mid1 = icmp ugt i31 %i, 5

]]></Node>
<StgValue><ssdm name="notlhs_mid1"/></StgValue>
</operation>

<operation id="52" st_id="5" stage="1" lat="1">
<core>Cmp</core>
<MemPortIdVec></MemPortIdVec>
<condition id="7">
<or_exp><and_exp><literal name="exitcond_flatten" val="0"/>
</and_exp></or_exp>
</condition>

<Node id="47" bw="1" op_0_bw="32" op_1_bw="32">
<![CDATA[
.preheader.i.i.i:6  %notrhs_mid1 = icmp slt i32 %i6_0_i_cast_i_i, %tmp_7_i_i

]]></Node>
<StgValue><ssdm name="notrhs_mid1"/></StgValue>
</operation>

<operation id="53" st_id="5" stage="1" lat="1">
<core>Sel</core>
<MemPortIdVec></MemPortIdVec>
<condition id="7">
<or_exp><and_exp><literal name="exitcond_flatten" val="0"/>
</and_exp></or_exp>
</condition>

<Node id="52" bw="31" op_0_bw="1" op_1_bw="31" op_2_bw="31">
<![CDATA[
.preheader.i.i.i:11  %i6_0_i_i_i_mid2 = select i1 %tmp_22_i_i, i31 %i6_0_i_i_i, i31 %i

]]></Node>
<StgValue><ssdm name="i6_0_i_i_i_mid2"/></StgValue>
</operation>

<operation id="54" st_id="5" stage="1" lat="1">
<core>AddSub</core>
<MemPortIdVec></MemPortIdVec>
<condition id="55">
<or_exp><and_exp><literal name="exitcond_flatten" val="0"/>
</and_exp></or_exp>
</condition>

<Node id="92" bw="31" op_0_bw="31" op_1_bw="31">
<![CDATA[
._crit_edge10.i.i.i_ifconv:14  %j = add i31 %j_0_i_i_i_mid2, 1

]]></Node>
<StgValue><ssdm name="j"/></StgValue>
</operation>
</state>

<state id="6" st_id="6">

<operation id="55" st_id="6" stage="1" lat="1">
<core>LogicGate</core>
<MemPortIdVec></MemPortIdVec>
<condition id="101">
<or_exp><and_exp><literal name="exitcond_flatten" val="0"/>
<literal name="tmp_22_i_i" val="0"/>
</and_exp></or_exp>
</condition>

<Node id="48" bw="1" op_0_bw="1" op_1_bw="1">
<![CDATA[
.preheader.i.i.i:7  %brmerge_i_i_i_not_mi = and i1 %notrhs_mid1, %notlhs_mid1

]]></Node>
<StgValue><ssdm name="brmerge_i_i_i_not_mi"/></StgValue>
</operation>

<operation id="56" st_id="6" stage="1" lat="1">
<core>LogicGate</core>
<MemPortIdVec></MemPortIdVec>
<condition id="100">
<or_exp><and_exp><literal name="exitcond_flatten" val="0"/>
<literal name="tmp_22_i_i" val="0"/>
</and_exp></or_exp>
</condition>

<Node id="49" bw="1" op_0_bw="1" op_1_bw="1">
<![CDATA[
.preheader.i.i.i:8  %brmerge_mid1 = or i1 %tmp_17_i_i_mid1, %brmerge_i_i_i_not_mi

]]></Node>
<StgValue><ssdm name="brmerge_mid1"/></StgValue>
</operation>

<operation id="57" st_id="6" stage="1" lat="1">
<core>Sel</core>
<MemPortIdVec></MemPortIdVec>
<condition id="7">
<or_exp><and_exp><literal name="exitcond_flatten" val="0"/>
</and_exp></or_exp>
</condition>

<Node id="50" bw="1" op_0_bw="1" op_1_bw="1" op_2_bw="1">
<![CDATA[
.preheader.i.i.i:9  %brmerge_mid2 = select i1 %tmp_22_i_i, i1 %brmerge, i1 %brmerge_mid1

]]></Node>
<StgValue><ssdm name="brmerge_mid2"/></StgValue>
</operation>

<operation id="58" st_id="6" stage="1" lat="1">
<core>NULL</core>
<MemPortIdVec></MemPortIdVec>
<condition id="7">
<or_exp><and_exp><literal name="exitcond_flatten" val="0"/>
</and_exp></or_exp>
</condition>

<Node id="51" bw="32" op_0_bw="31">
<![CDATA[
.preheader.i.i.i:10  %j_0_i_cast_i_i_mid2_s = zext i31 %j_0_i_i_i_mid2 to i32

]]></Node>
<StgValue><ssdm name="j_0_i_cast_i_i_mid2_s"/></StgValue>
</operation>

<operation id="59" st_id="6" stage="1" lat="1">
<core>NULL</core>
<MemPortIdVec></MemPortIdVec>
<condition id="7">
<or_exp><and_exp><literal name="exitcond_flatten" val="0"/>
</and_exp></or_exp>
</condition>

<Node id="55" bw="0" op_0_bw="1" op_1_bw="0" op_2_bw="0">
<![CDATA[
.preheader.i.i.i:14  br i1 %brmerge_mid2, label %._crit_edge9.i.i.i, label %._crit_edge10.i.i.i_ifconv

]]></Node>
<StgValue><ssdm name=""/></StgValue>
</operation>

<operation id="60" st_id="6" stage="1" lat="1">
<core>Cmp</core>
<MemPortIdVec></MemPortIdVec>
<condition id="56">
<or_exp><and_exp><literal name="brmerge_mid2" val="1"/>
</and_exp></or_exp>
</condition>

<Node id="57" bw="1" op_0_bw="32" op_1_bw="32">
<![CDATA[
._crit_edge9.i.i.i:0  %tmp_25_i_i = icmp slt i32 %j_0_i_cast_i_i_mid2_s, %vconv_xlim_loc_read

]]></Node>
<StgValue><ssdm name="tmp_25_i_i"/></StgValue>
</operation>

<operation id="61" st_id="6" stage="1" lat="1">
<core>NULL</core>
<MemPortIdVec></MemPortIdVec>
<condition id="56">
<or_exp><and_exp><literal name="brmerge_mid2" val="1"/>
</and_exp></or_exp>
</condition>

<Node id="58" bw="0" op_0_bw="1" op_1_bw="0" op_2_bw="0">
<![CDATA[
._crit_edge9.i.i.i:1  br i1 %tmp_25_i_i, label %1, label %._crit_edge12.i.i.i

]]></Node>
<StgValue><ssdm name=""/></StgValue>
</operation>

<operation id="62" st_id="6" stage="1" lat="1">
<core>Cmp</core>
<MemPortIdVec></MemPortIdVec>
<condition id="59">
<or_exp><and_exp><literal name="brmerge_mid2" val="1"/>
</and_exp></or_exp>
</condition>

<Node id="72" bw="1" op_0_bw="32" op_1_bw="32">
<![CDATA[
._crit_edge12.i.i.i:5  %tmp_29_i_i = icmp eq i32 %j_0_i_cast_i_i_mid2_s, %tmp_9_i_i

]]></Node>
<StgValue><ssdm name="tmp_29_i_i"/></StgValue>
</operation>

<operation id="63" st_id="6" stage="1" lat="1">
<core>Cmp</core>
<MemPortIdVec></MemPortIdVec>
<condition id="55">
<or_exp><and_exp><literal name="exitcond_flatten" val="0"/>
</and_exp></or_exp>
</condition>

<Node id="81" bw="1" op_0_bw="32" op_1_bw="32">
<![CDATA[
._crit_edge10.i.i.i_ifconv:3  %tmp_32_i_i = icmp slt i32 %j_0_i_cast_i_i_mid2_s, %tmp_i_i

]]></Node>
<StgValue><ssdm name="tmp_32_i_i"/></StgValue>
</operation>
</state>

<state id="7" st_id="7">

<operation id="64" st_id="7" stage="1" lat="1">
<core>FIFO</core>
<MemPortIdVec></MemPortIdVec>
<condition id="61">
<or_exp><and_exp><literal name="brmerge_mid2" val="1"/>
<literal name="tmp_25_i_i" val="1"/>
</and_exp></or_exp>
</condition>

<Node id="60" bw="32" op_0_bw="32" op_1_bw="32">
<![CDATA[
:0  %tmp = call i32 @_ssdm_op_Read.ap_fifo.volatile.i32P(i32* %vconv_V)

]]></Node>
<StgValue><ssdm name="tmp"/></StgValue>
</operation>

<operation id="65" st_id="7" stage="1" lat="1">
<core>NULL</core>
<MemPortIdVec></MemPortIdVec>
<condition id="61">
<or_exp><and_exp><literal name="brmerge_mid2" val="1"/>
<literal name="tmp_25_i_i" val="1"/>
</and_exp></or_exp>
</condition>

<Node id="64" bw="0" op_0_bw="32" op_1_bw="32">
<![CDATA[
:4  store i32 %tmp, i32* %r_edge_pix

]]></Node>
<StgValue><ssdm name=""/></StgValue>
</operation>
</state>

<state id="8" st_id="8">

<operation id="66" st_id="8" stage="1" lat="1">
<core>NULL</core>
<MemPortIdVec></MemPortIdVec>
<condition id="61">
<or_exp><and_exp><literal name="brmerge_mid2" val="1"/>
<literal name="tmp_25_i_i" val="1"/>
</and_exp></or_exp>
</condition>

<Node id="61" bw="64" op_0_bw="31">
<![CDATA[
:1  %tmp_27_i_i = zext i31 %j_0_i_i_i_mid2 to i64

]]></Node>
<StgValue><ssdm name="tmp_27_i_i"/></StgValue>
</operation>

<operation id="67" st_id="8" stage="1" lat="1">
<core>NULL</core>
<MemPortIdVec></MemPortIdVec>
<condition id="61">
<or_exp><and_exp><literal name="brmerge_mid2" val="1"/>
<literal name="tmp_25_i_i" val="1"/>
</and_exp></or_exp>
</condition>

<Node id="62" bw="11" op_0_bw="32" op_1_bw="64" op_2_bw="64">
<![CDATA[
:2  %borderbuf_addr = getelementptr inbounds [1910 x i32]* %borderbuf, i64 0, i64 %tmp_27_i_i

]]></Node>
<StgValue><ssdm name="borderbuf_addr"/></StgValue>
</operation>

<operation id="68" st_id="8" stage="1" lat="1">
<core>RAM</core>
<MemPortIdVec>0 </MemPortIdVec>
<condition id="61">
<or_exp><and_exp><literal name="brmerge_mid2" val="1"/>
<literal name="tmp_25_i_i" val="1"/>
</and_exp></or_exp>
</condition>

<Node id="63" bw="0" op_0_bw="32" op_1_bw="11">
<![CDATA[
:3  store i32 %tmp, i32* %borderbuf_addr, align 4

]]></Node>
<StgValue><ssdm name=""/></StgValue>
</operation>

<operation id="69" st_id="8" stage="1" lat="1">
<core>NULL</core>
<MemPortIdVec></MemPortIdVec>
<condition id="59">
<or_exp><and_exp><literal name="brmerge_mid2" val="1"/>
</and_exp></or_exp>
</condition>

<Node id="67" bw="32" op_0_bw="32">
<![CDATA[
._crit_edge12.i.i.i:0  %l_edge_pix_2 = load i32* %r_edge_pix

]]></Node>
<StgValue><ssdm name="l_edge_pix_2"/></StgValue>
</operation>

<operation id="70" st_id="8" stage="1" lat="1">
<core>NULL</core>
<MemPortIdVec></MemPortIdVec>
<condition id="102">
<or_exp><and_exp><literal name="brmerge_mid2" val="1"/>
<literal name="tmp_29_i_i" val="0"/>
</and_exp></or_exp>
</condition>

<Node id="68" bw="32" op_0_bw="32">
<![CDATA[
._crit_edge12.i.i.i:1  %pix_out_load = load i32* %pix_out

]]></Node>
<StgValue><ssdm name="pix_out_load"/></StgValue>
</operation>

<operation id="71" st_id="8" stage="1" lat="1">
<core>NULL</core>
<MemPortIdVec></MemPortIdVec>
<condition id="59">
<or_exp><and_exp><literal name="brmerge_mid2" val="1"/>
</and_exp></or_exp>
</condition>

<Node id="69" bw="32" op_0_bw="32">
<![CDATA[
._crit_edge12.i.i.i:2  %pix_out_1_load = load i32* %pix_out_1

]]></Node>
<StgValue><ssdm name="pix_out_1_load"/></StgValue>
</operation>

<operation id="72" st_id="8" stage="1" lat="1">
<core>Cmp</core>
<MemPortIdVec></MemPortIdVec>
<condition id="59">
<or_exp><and_exp><literal name="brmerge_mid2" val="1"/>
</and_exp></or_exp>
</condition>

<Node id="70" bw="1" op_0_bw="31" op_1_bw="31">
<![CDATA[
._crit_edge12.i.i.i:3  %tmp_28_i_i = icmp eq i31 %j_0_i_i_i_mid2, 0

]]></Node>
<StgValue><ssdm name="tmp_28_i_i"/></StgValue>
</operation>

<operation id="73" st_id="8" stage="1" lat="1">
<core>Sel</core>
<MemPortIdVec></MemPortIdVec>
<condition id="59">
<or_exp><and_exp><literal name="brmerge_mid2" val="1"/>
</and_exp></or_exp>
</condition>

<Node id="71" bw="32" op_0_bw="1" op_1_bw="32" op_2_bw="32">
<![CDATA[
._crit_edge12.i.i.i:4  %pix_in_2_l_edge_pix_s = select i1 %tmp_28_i_i, i32 %l_edge_pix_2, i32 %pix_out_1_load

]]></Node>
<StgValue><ssdm name="pix_in_2_l_edge_pix_s"/></StgValue>
</operation>

<operation id="74" st_id="8" stage="1" lat="1">
<core>Sel</core>
<MemPortIdVec></MemPortIdVec>
<condition id="59">
<or_exp><and_exp><literal name="brmerge_mid2" val="1"/>
</and_exp></or_exp>
</condition>

<Node id="73" bw="32" op_0_bw="1" op_1_bw="32" op_2_bw="32">
<![CDATA[
._crit_edge12.i.i.i:6  %l_edge_pix = select i1 %tmp_29_i_i, i32 %l_edge_pix_2, i32 %pix_out_load

]]></Node>
<StgValue><ssdm name="l_edge_pix"/></StgValue>
</operation>

<operation id="75" st_id="8" stage="1" lat="1">
<core>NULL</core>
<MemPortIdVec></MemPortIdVec>
<condition id="59">
<or_exp><and_exp><literal name="brmerge_mid2" val="1"/>
</and_exp></or_exp>
</condition>

<Node id="74" bw="0" op_0_bw="32" op_1_bw="32">
<![CDATA[
._crit_edge12.i.i.i:7  store i32 %pix_in_2_l_edge_pix_s, i32* %pix_out_1

]]></Node>
<StgValue><ssdm name=""/></StgValue>
</operation>

<operation id="76" st_id="8" stage="1" lat="1">
<core>NULL</core>
<MemPortIdVec></MemPortIdVec>
<condition id="59">
<or_exp><and_exp><literal name="brmerge_mid2" val="1"/>
</and_exp></or_exp>
</condition>

<Node id="75" bw="0" op_0_bw="32" op_1_bw="32">
<![CDATA[
._crit_edge12.i.i.i:8  store i32 %l_edge_pix, i32* %pix_out

]]></Node>
<StgValue><ssdm name=""/></StgValue>
</operation>

<operation id="77" st_id="8" stage="1" lat="1">
<core>Cmp</core>
<MemPortIdVec></MemPortIdVec>
<condition id="55">
<or_exp><and_exp><literal name="exitcond_flatten" val="0"/>
</and_exp></or_exp>
</condition>

<Node id="80" bw="1" op_0_bw="31" op_1_bw="31">
<![CDATA[
._crit_edge10.i.i.i_ifconv:2  %tmp_31_i_i = icmp ult i31 %j_0_i_i_i_mid2, 6

]]></Node>
<StgValue><ssdm name="tmp_31_i_i"/></StgValue>
</operation>

<operation id="78" st_id="8" stage="1" lat="1">
<core>AddSub</core>
<MemPortIdVec></MemPortIdVec>
<condition id="55">
<or_exp><and_exp><literal name="exitcond_flatten" val="0"/>
</and_exp></or_exp>
</condition>

<Node id="82" bw="31" op_0_bw="31" op_1_bw="31">
<![CDATA[
._crit_edge10.i.i.i_ifconv:4  %tmp_33_i_i = add i31 %j_0_i_i_i_mid2, -5

]]></Node>
<StgValue><ssdm name="tmp_33_i_i"/></StgValue>
</operation>

<operation id="79" st_id="8" stage="1" lat="1">
<core>NULL</core>
<MemPortIdVec></MemPortIdVec>
<condition id="55">
<or_exp><and_exp><literal name="exitcond_flatten" val="0"/>
</and_exp></or_exp>
</condition>

<Node id="83" bw="64" op_0_bw="31">
<![CDATA[
._crit_edge10.i.i.i_ifconv:5  %tmp_34_i_i = zext i31 %tmp_33_i_i to i64

]]></Node>
<StgValue><ssdm name="tmp_34_i_i"/></StgValue>
</operation>

<operation id="80" st_id="8" stage="1" lat="1">
<core>NULL</core>
<MemPortIdVec></MemPortIdVec>
<condition id="55">
<or_exp><and_exp><literal name="exitcond_flatten" val="0"/>
</and_exp></or_exp>
</condition>

<Node id="84" bw="11" op_0_bw="32" op_1_bw="64" op_2_bw="64">
<![CDATA[
._crit_edge10.i.i.i_ifconv:6  %borderbuf_addr_1 = getelementptr inbounds [1910 x i32]* %borderbuf, i64 0, i64 %tmp_34_i_i

]]></Node>
<StgValue><ssdm name="borderbuf_addr_1"/></StgValue>
</operation>

<operation id="81" st_id="8" stage="2" lat="2">
<core>RAM</core>
<MemPortIdVec>1 </MemPortIdVec>
<condition id="55">
<or_exp><and_exp><literal name="exitcond_flatten" val="0"/>
</and_exp></or_exp>
</condition>

<Node id="85" bw="32" op_0_bw="11">
<![CDATA[
._crit_edge10.i.i.i_ifconv:7  %pix_out_7 = load i32* %borderbuf_addr_1, align 4

]]></Node>
<StgValue><ssdm name="pix_out_7"/></StgValue>
</operation>
</state>

<state id="9" st_id="9">

<operation id="82" st_id="9" stage="1" lat="1">
<core>NULL</core>
<MemPortIdVec></MemPortIdVec>
<condition id="106">
<or_exp><and_exp><literal name="exitcond_flatten" val="0"/>
<literal name="tmp_31_i_i" val="0"/>
</and_exp></or_exp>
</condition>

<Node id="78" bw="32" op_0_bw="32">
<![CDATA[
._crit_edge10.i.i.i_ifconv:0  %pix_out_4 = load i32* %pix_out

]]></Node>
<StgValue><ssdm name="pix_out_4"/></StgValue>
</operation>

<operation id="83" st_id="9" stage="1" lat="1">
<core>NULL</core>
<MemPortIdVec></MemPortIdVec>
<condition id="103">
<or_exp><and_exp><literal name="exitcond_flatten" val="0"/>
<literal name="tmp_31_i_i" val="1"/>
</and_exp></or_exp>
</condition>

<Node id="79" bw="32" op_0_bw="32">
<![CDATA[
._crit_edge10.i.i.i_ifconv:1  %pix_out_6 = load i32* %pix_out_1

]]></Node>
<StgValue><ssdm name="pix_out_6"/></StgValue>
</operation>

<operation id="84" st_id="9" stage="1" lat="2">
<core>RAM</core>
<MemPortIdVec>1 </MemPortIdVec>
<condition id="55">
<or_exp><and_exp><literal name="exitcond_flatten" val="0"/>
</and_exp></or_exp>
</condition>

<Node id="85" bw="32" op_0_bw="11">
<![CDATA[
._crit_edge10.i.i.i_ifconv:7  %pix_out_7 = load i32* %borderbuf_addr_1, align 4

]]></Node>
<StgValue><ssdm name="pix_out_7"/></StgValue>
</operation>

<operation id="85" st_id="9" stage="1" lat="1">
<core>LogicGate</core>
<MemPortIdVec></MemPortIdVec>
<condition id="107">
<or_exp><and_exp><literal name="exitcond_flatten" val="0"/>
<literal name="tmp_31_i_i" val="0"/>
</and_exp></or_exp>
</condition>

<Node id="86" bw="1" op_0_bw="1" op_1_bw="1">
<![CDATA[
._crit_edge10.i.i.i_ifconv:8  %sel_tmp = xor i1 %tmp_31_i_i, true

]]></Node>
<StgValue><ssdm name="sel_tmp"/></StgValue>
</operation>

<operation id="86" st_id="9" stage="1" lat="1">
<core>LogicGate</core>
<MemPortIdVec></MemPortIdVec>
<condition id="105">
<or_exp><and_exp><literal name="exitcond_flatten" val="0"/>
<literal name="tmp_31_i_i" val="0"/>
</and_exp></or_exp>
</condition>

<Node id="87" bw="1" op_0_bw="1" op_1_bw="1">
<![CDATA[
._crit_edge10.i.i.i_ifconv:9  %sel_tmp1 = and i1 %tmp_32_i_i, %sel_tmp

]]></Node>
<StgValue><ssdm name="sel_tmp1"/></StgValue>
</operation>

<operation id="87" st_id="9" stage="1" lat="1">
<core>Sel</core>
<MemPortIdVec></MemPortIdVec>
<condition id="104">
<or_exp><and_exp><literal name="exitcond_flatten" val="0"/>
<literal name="tmp_31_i_i" val="0"/>
</and_exp></or_exp>
</condition>

<Node id="88" bw="32" op_0_bw="1" op_1_bw="32" op_2_bw="32">
<![CDATA[
._crit_edge10.i.i.i_ifconv:10  %pix_out_3 = select i1 %sel_tmp1, i32 %pix_out_7, i32 %pix_out_4

]]></Node>
<StgValue><ssdm name="pix_out_3"/></StgValue>
</operation>

<operation id="88" st_id="9" stage="1" lat="1">
<core>Sel</core>
<MemPortIdVec></MemPortIdVec>
<condition id="55">
<or_exp><and_exp><literal name="exitcond_flatten" val="0"/>
</and_exp></or_exp>
</condition>

<Node id="89" bw="32" op_0_bw="1" op_1_bw="32" op_2_bw="32">
<![CDATA[
._crit_edge10.i.i.i_ifconv:11  %pix_out_8 = select i1 %tmp_31_i_i, i32 %pix_out_6, i32 %pix_out_3

]]></Node>
<StgValue><ssdm name="pix_out_8"/></StgValue>
</operation>

<operation id="89" st_id="9" stage="2" lat="2">
<core>AXI4Stream</core>
<MemPortIdVec></MemPortIdVec>
<condition id="55">
<or_exp><and_exp><literal name="exitcond_flatten" val="0"/>
</and_exp></or_exp>
</condition>

<Node id="90" bw="0" op_0_bw="0" op_1_bw="32" op_2_bw="32">
<![CDATA[
._crit_edge10.i.i.i_ifconv:12  call void @_ssdm_op_Write.axis.volatile.i32P(i32* %dst_V, i32 %pix_out_8)

]]></Node>
<StgValue><ssdm name=""/></StgValue>
</operation>
</state>

<state id="10" st_id="10">

<operation id="90" st_id="10" stage="1" lat="1">
<core>NULL</core>
<MemPortIdVec></MemPortIdVec>
<condition id="7">
<or_exp><and_exp><literal name="exitcond_flatten" val="0"/>
</and_exp></or_exp>
</condition>

<Node id="43" bw="0" op_0_bw="0" op_1_bw="0">
<![CDATA[
.preheader.i.i.i:2  call void (...)* @_ssdm_op_SpecLoopName([9 x i8]* @Border_L_str)

]]></Node>
<StgValue><ssdm name=""/></StgValue>
</operation>

<operation id="91" st_id="10" stage="1" lat="1">
<core>NULL</core>
<MemPortIdVec></MemPortIdVec>
<condition id="7">
<or_exp><and_exp><literal name="exitcond_flatten" val="0"/>
</and_exp></or_exp>
</condition>

<Node id="53" bw="32" op_0_bw="32" op_1_bw="0">
<![CDATA[
.preheader.i.i.i:12  %tmp_24_i_i = call i32 (...)* @_ssdm_op_SpecRegionBegin([12 x i8]* @p_str21)

]]></Node>
<StgValue><ssdm name="tmp_24_i_i"/></StgValue>
</operation>

<operation id="92" st_id="10" stage="1" lat="1">
<core>NULL</core>
<MemPortIdVec></MemPortIdVec>
<condition id="7">
<or_exp><and_exp><literal name="exitcond_flatten" val="0"/>
</and_exp></or_exp>
</condition>

<Node id="54" bw="0" op_0_bw="0" op_1_bw="32" op_2_bw="32" op_3_bw="32" op_4_bw="32" op_5_bw="0">
<![CDATA[
.preheader.i.i.i:13  call void (...)* @_ssdm_op_SpecPipeline(i32 -1, i32 1, i32 1, i32 0, [1 x i8]* @p_str1) nounwind

]]></Node>
<StgValue><ssdm name=""/></StgValue>
</operation>

<operation id="93" st_id="10" stage="1" lat="1">
<core>NULL</core>
<MemPortIdVec></MemPortIdVec>
<condition id="61">
<or_exp><and_exp><literal name="brmerge_mid2" val="1"/>
<literal name="tmp_25_i_i" val="1"/>
</and_exp></or_exp>
</condition>

<Node id="65" bw="0" op_0_bw="0">
<![CDATA[
:5  br label %._crit_edge12.i.i.i

]]></Node>
<StgValue><ssdm name=""/></StgValue>
</operation>

<operation id="94" st_id="10" stage="1" lat="1">
<core>NULL</core>
<MemPortIdVec></MemPortIdVec>
<condition id="59">
<or_exp><and_exp><literal name="brmerge_mid2" val="1"/>
</and_exp></or_exp>
</condition>

<Node id="76" bw="0" op_0_bw="0">
<![CDATA[
._crit_edge12.i.i.i:9  br label %._crit_edge10.i.i.i_ifconv

]]></Node>
<StgValue><ssdm name=""/></StgValue>
</operation>

<operation id="95" st_id="10" stage="1" lat="2">
<core>AXI4Stream</core>
<MemPortIdVec></MemPortIdVec>
<condition id="55">
<or_exp><and_exp><literal name="exitcond_flatten" val="0"/>
</and_exp></or_exp>
</condition>

<Node id="90" bw="0" op_0_bw="0" op_1_bw="32" op_2_bw="32">
<![CDATA[
._crit_edge10.i.i.i_ifconv:12  call void @_ssdm_op_Write.axis.volatile.i32P(i32* %dst_V, i32 %pix_out_8)

]]></Node>
<StgValue><ssdm name=""/></StgValue>
</operation>

<operation id="96" st_id="10" stage="1" lat="1">
<core>NULL</core>
<MemPortIdVec></MemPortIdVec>
<condition id="55">
<or_exp><and_exp><literal name="exitcond_flatten" val="0"/>
</and_exp></or_exp>
</condition>

<Node id="91" bw="32" op_0_bw="32" op_1_bw="0" op_2_bw="32">
<![CDATA[
._crit_edge10.i.i.i_ifconv:13  %empty = call i32 (...)* @_ssdm_op_SpecRegionEnd([12 x i8]* @p_str21, i32 %tmp_24_i_i)

]]></Node>
<StgValue><ssdm name="empty"/></StgValue>
</operation>

<operation id="97" st_id="10" stage="1" lat="1">
<core>NULL</core>
<MemPortIdVec></MemPortIdVec>
<condition id="55">
<or_exp><and_exp><literal name="exitcond_flatten" val="0"/>
</and_exp></or_exp>
</condition>

<Node id="93" bw="0" op_0_bw="0">
<![CDATA[
._crit_edge10.i.i.i_ifconv:15  br label %0

]]></Node>
<StgValue><ssdm name=""/></StgValue>
</operation>
</state>

<state id="11" st_id="11">

<operation id="98" st_id="11" stage="1" lat="1">
<core>NULL</core>
<MemPortIdVec></MemPortIdVec>
<condition id="63">
<or_exp><and_exp></and_exp></or_exp>
</condition>

<Node id="95" bw="0">
<![CDATA[
.exit:0  ret void

]]></Node>
<StgValue><ssdm name=""/></StgValue>
</operation>
</state>
</state_list>


<ports>
<port id="132" name="width" dir="0" iftype="3">
<core>FIFO</core><StgValue><ssdm name="width"/></StgValue>
</port>
<port id="133" name="height" dir="0" iftype="3">
<core>FIFO</core><StgValue><ssdm name="height"/></StgValue>
</port>
<port id="134" name="dst_V" dir="1" iftype="0">
<core>NULL</core><StgValue><ssdm name="dst_V"/></StgValue>
</port>
<port id="135" name="vconv_xlim_loc" dir="0" iftype="3">
<core>FIFO</core><StgValue><ssdm name="vconv_xlim_loc"/></StgValue>
</port>
<port id="136" name="vconv_V" dir="0" iftype="3">
<core>FIFO</core><StgValue><ssdm name="vconv_V"/></StgValue>
</port>
</ports>


<dataflows>
<dataflow id="138" from="StgValue_137" to="r_edge_pix" fromId="137" toId="12">
</dataflow>
<dataflow id="139" from="StgValue_137" to="pix_out" fromId="137" toId="13">
</dataflow>
<dataflow id="140" from="StgValue_137" to="pix_out_1" fromId="137" toId="14">
</dataflow>
<dataflow id="142" from="StgValue_141" to="borderbuf" fromId="141" toId="15">
</dataflow>
<dataflow id="144" from="_ssdm_op_Read.ap_fifo.i32P" to="width_read" fromId="143" toId="16">
</dataflow>
<dataflow id="145" from="width" to="width_read" fromId="132" toId="16">
</dataflow>
<dataflow id="146" from="_ssdm_op_Read.ap_fifo.i32P" to="height_read" fromId="143" toId="17">
</dataflow>
<dataflow id="147" from="height" to="height_read" fromId="133" toId="17">
</dataflow>
<dataflow id="148" from="_ssdm_op_Read.ap_fifo.i32P" to="vconv_xlim_loc_read" fromId="143" toId="18">
</dataflow>
<dataflow id="149" from="vconv_xlim_loc" to="vconv_xlim_loc_read" fromId="135" toId="18">
</dataflow>
<dataflow id="150" from="height_read" to="cast" fromId="17" toId="19">
</dataflow>
<dataflow id="151" from="width_read" to="cast1" fromId="16" toId="20">
</dataflow>
<dataflow id="152" from="cast1" to="bound" fromId="20" toId="21">
</dataflow>
<dataflow id="153" from="cast" to="bound" fromId="19" toId="21">
</dataflow>
<dataflow id="154" from="cast1" to="bound" fromId="20" toId="22">
</dataflow>
<dataflow id="155" from="cast" to="bound" fromId="19" toId="22">
</dataflow>
<dataflow id="157" from="_ssdm_op_SpecInterface" to="StgValue_23" fromId="156" toId="23">
</dataflow>
<dataflow id="158" from="dst_V" to="StgValue_23" fromId="134" toId="23">
</dataflow>
<dataflow id="160" from="p_str5" to="StgValue_23" fromId="159" toId="23">
</dataflow>
<dataflow id="161" from="StgValue_137" to="StgValue_23" fromId="137" toId="23">
</dataflow>
<dataflow id="162" from="StgValue_137" to="StgValue_23" fromId="137" toId="23">
</dataflow>
<dataflow id="164" from="p_str6" to="StgValue_23" fromId="163" toId="23">
</dataflow>
<dataflow id="166" from="StgValue_165" to="StgValue_23" fromId="165" toId="23">
</dataflow>
<dataflow id="167" from="StgValue_165" to="StgValue_23" fromId="165" toId="23">
</dataflow>
<dataflow id="169" from="p_str1" to="StgValue_23" fromId="168" toId="23">
</dataflow>
<dataflow id="170" from="p_str1" to="StgValue_23" fromId="168" toId="23">
</dataflow>
<dataflow id="171" from="p_str1" to="StgValue_23" fromId="168" toId="23">
</dataflow>
<dataflow id="172" from="StgValue_165" to="StgValue_23" fromId="165" toId="23">
</dataflow>
<dataflow id="173" from="StgValue_165" to="StgValue_23" fromId="165" toId="23">
</dataflow>
<dataflow id="174" from="StgValue_165" to="StgValue_23" fromId="165" toId="23">
</dataflow>
<dataflow id="175" from="StgValue_165" to="StgValue_23" fromId="165" toId="23">
</dataflow>
<dataflow id="176" from="p_str1" to="StgValue_23" fromId="168" toId="23">
</dataflow>
<dataflow id="177" from="p_str1" to="StgValue_23" fromId="168" toId="23">
</dataflow>
<dataflow id="178" from="_ssdm_op_SpecInterface" to="StgValue_24" fromId="156" toId="24">
</dataflow>
<dataflow id="179" from="vconv_V" to="StgValue_24" fromId="136" toId="24">
</dataflow>
<dataflow id="181" from="ap_fifo_str" to="StgValue_24" fromId="180" toId="24">
</dataflow>
<dataflow id="182" from="StgValue_165" to="StgValue_24" fromId="165" toId="24">
</dataflow>
<dataflow id="183" from="StgValue_165" to="StgValue_24" fromId="165" toId="24">
</dataflow>
<dataflow id="185" from="p_str" to="StgValue_24" fromId="184" toId="24">
</dataflow>
<dataflow id="186" from="StgValue_165" to="StgValue_24" fromId="165" toId="24">
</dataflow>
<dataflow id="187" from="StgValue_165" to="StgValue_24" fromId="165" toId="24">
</dataflow>
<dataflow id="188" from="p_str" to="StgValue_24" fromId="184" toId="24">
</dataflow>
<dataflow id="189" from="p_str" to="StgValue_24" fromId="184" toId="24">
</dataflow>
<dataflow id="190" from="p_str" to="StgValue_24" fromId="184" toId="24">
</dataflow>
<dataflow id="192" from="StgValue_191" to="StgValue_24" fromId="191" toId="24">
</dataflow>
<dataflow id="193" from="StgValue_191" to="StgValue_24" fromId="191" toId="24">
</dataflow>
<dataflow id="195" from="StgValue_194" to="StgValue_24" fromId="194" toId="24">
</dataflow>
<dataflow id="196" from="StgValue_194" to="StgValue_24" fromId="194" toId="24">
</dataflow>
<dataflow id="197" from="p_str" to="StgValue_24" fromId="184" toId="24">
</dataflow>
<dataflow id="198" from="p_str" to="StgValue_24" fromId="184" toId="24">
</dataflow>
<dataflow id="199" from="_ssdm_op_SpecInterface" to="StgValue_25" fromId="156" toId="25">
</dataflow>
<dataflow id="200" from="height" to="StgValue_25" fromId="133" toId="25">
</dataflow>
<dataflow id="201" from="ap_fifo_str" to="StgValue_25" fromId="180" toId="25">
</dataflow>
<dataflow id="202" from="StgValue_165" to="StgValue_25" fromId="165" toId="25">
</dataflow>
<dataflow id="203" from="StgValue_165" to="StgValue_25" fromId="165" toId="25">
</dataflow>
<dataflow id="204" from="p_str" to="StgValue_25" fromId="184" toId="25">
</dataflow>
<dataflow id="205" from="StgValue_165" to="StgValue_25" fromId="165" toId="25">
</dataflow>
<dataflow id="206" from="StgValue_165" to="StgValue_25" fromId="165" toId="25">
</dataflow>
<dataflow id="207" from="p_str" to="StgValue_25" fromId="184" toId="25">
</dataflow>
<dataflow id="208" from="p_str" to="StgValue_25" fromId="184" toId="25">
</dataflow>
<dataflow id="209" from="p_str" to="StgValue_25" fromId="184" toId="25">
</dataflow>
<dataflow id="210" from="StgValue_191" to="StgValue_25" fromId="191" toId="25">
</dataflow>
<dataflow id="211" from="StgValue_191" to="StgValue_25" fromId="191" toId="25">
</dataflow>
<dataflow id="212" from="StgValue_194" to="StgValue_25" fromId="194" toId="25">
</dataflow>
<dataflow id="213" from="StgValue_194" to="StgValue_25" fromId="194" toId="25">
</dataflow>
<dataflow id="214" from="p_str" to="StgValue_25" fromId="184" toId="25">
</dataflow>
<dataflow id="215" from="p_str" to="StgValue_25" fromId="184" toId="25">
</dataflow>
<dataflow id="216" from="_ssdm_op_SpecInterface" to="StgValue_26" fromId="156" toId="26">
</dataflow>
<dataflow id="217" from="width" to="StgValue_26" fromId="132" toId="26">
</dataflow>
<dataflow id="218" from="ap_fifo_str" to="StgValue_26" fromId="180" toId="26">
</dataflow>
<dataflow id="219" from="StgValue_165" to="StgValue_26" fromId="165" toId="26">
</dataflow>
<dataflow id="220" from="StgValue_165" to="StgValue_26" fromId="165" toId="26">
</dataflow>
<dataflow id="221" from="p_str" to="StgValue_26" fromId="184" toId="26">
</dataflow>
<dataflow id="222" from="StgValue_165" to="StgValue_26" fromId="165" toId="26">
</dataflow>
<dataflow id="223" from="StgValue_165" to="StgValue_26" fromId="165" toId="26">
</dataflow>
<dataflow id="224" from="p_str" to="StgValue_26" fromId="184" toId="26">
</dataflow>
<dataflow id="225" from="p_str" to="StgValue_26" fromId="184" toId="26">
</dataflow>
<dataflow id="226" from="p_str" to="StgValue_26" fromId="184" toId="26">
</dataflow>
<dataflow id="227" from="StgValue_191" to="StgValue_26" fromId="191" toId="26">
</dataflow>
<dataflow id="228" from="StgValue_191" to="StgValue_26" fromId="191" toId="26">
</dataflow>
<dataflow id="229" from="StgValue_194" to="StgValue_26" fromId="194" toId="26">
</dataflow>
<dataflow id="230" from="StgValue_194" to="StgValue_26" fromId="194" toId="26">
</dataflow>
<dataflow id="231" from="p_str" to="StgValue_26" fromId="184" toId="26">
</dataflow>
<dataflow id="232" from="p_str" to="StgValue_26" fromId="184" toId="26">
</dataflow>
<dataflow id="233" from="_ssdm_op_SpecInterface" to="StgValue_27" fromId="156" toId="27">
</dataflow>
<dataflow id="234" from="vconv_xlim_loc" to="StgValue_27" fromId="135" toId="27">
</dataflow>
<dataflow id="235" from="ap_fifo_str" to="StgValue_27" fromId="180" toId="27">
</dataflow>
<dataflow id="236" from="StgValue_165" to="StgValue_27" fromId="165" toId="27">
</dataflow>
<dataflow id="237" from="StgValue_165" to="StgValue_27" fromId="165" toId="27">
</dataflow>
<dataflow id="238" from="p_str" to="StgValue_27" fromId="184" toId="27">
</dataflow>
<dataflow id="239" from="StgValue_165" to="StgValue_27" fromId="165" toId="27">
</dataflow>
<dataflow id="240" from="StgValue_165" to="StgValue_27" fromId="165" toId="27">
</dataflow>
<dataflow id="241" from="p_str" to="StgValue_27" fromId="184" toId="27">
</dataflow>
<dataflow id="242" from="p_str" to="StgValue_27" fromId="184" toId="27">
</dataflow>
<dataflow id="243" from="p_str" to="StgValue_27" fromId="184" toId="27">
</dataflow>
<dataflow id="244" from="StgValue_191" to="StgValue_27" fromId="191" toId="27">
</dataflow>
<dataflow id="245" from="StgValue_191" to="StgValue_27" fromId="191" toId="27">
</dataflow>
<dataflow id="246" from="StgValue_194" to="StgValue_27" fromId="194" toId="27">
</dataflow>
<dataflow id="247" from="StgValue_194" to="StgValue_27" fromId="194" toId="27">
</dataflow>
<dataflow id="248" from="p_str" to="StgValue_27" fromId="184" toId="27">
</dataflow>
<dataflow id="249" from="p_str" to="StgValue_27" fromId="184" toId="27">
</dataflow>
<dataflow id="250" from="width_read" to="tmp_9_i_i" fromId="16" toId="28">
</dataflow>
<dataflow id="252" from="StgValue_251" to="tmp_9_i_i" fromId="251" toId="28">
</dataflow>
<dataflow id="253" from="width_read" to="tmp_i_i" fromId="16" toId="29">
</dataflow>
<dataflow id="255" from="StgValue_254" to="tmp_i_i" fromId="254" toId="29">
</dataflow>
<dataflow id="256" from="height_read" to="tmp_7_i_i" fromId="17" toId="30">
</dataflow>
<dataflow id="258" from="StgValue_257" to="tmp_7_i_i" fromId="257" toId="30">
</dataflow>
<dataflow id="259" from="cast1" to="bound" fromId="20" toId="31">
</dataflow>
<dataflow id="260" from="cast" to="bound" fromId="19" toId="31">
</dataflow>
<dataflow id="262" from="StgValue_261" to="indvar_flatten" fromId="261" toId="33">
<condition id="124">
<or_exp><and_exp></and_exp></or_exp>
</condition>
</dataflow>
<dataflow id="263" from="StgValue_32" to="indvar_flatten" fromId="32" toId="33">
</dataflow>
<dataflow id="264" from="indvar_flatten_next" to="indvar_flatten" fromId="45" toId="33">
<BackEdge/>
<condition id="125">
<or_exp><and_exp><literal name="exitcond_flatten" val="0"/>
</and_exp></or_exp>
</condition>
</dataflow>
<dataflow id="265" from="StgValue_97" to="indvar_flatten" fromId="97" toId="33">
<BackEdge/>
</dataflow>
<dataflow id="267" from="StgValue_266" to="i6_0_i_i_i" fromId="266" toId="34">
<condition id="126">
<or_exp><and_exp></and_exp></or_exp>
</condition>
</dataflow>
<dataflow id="268" from="StgValue_32" to="i6_0_i_i_i" fromId="32" toId="34">
</dataflow>
<dataflow id="269" from="i6_0_i_i_i_mid2" to="i6_0_i_i_i" fromId="53" toId="34">
<BackEdge/>
<condition id="127">
<or_exp><and_exp><literal name="exitcond_flatten" val="0"/>
</and_exp></or_exp>
</condition>
</dataflow>
<dataflow id="270" from="StgValue_97" to="i6_0_i_i_i" fromId="97" toId="34">
<BackEdge/>
</dataflow>
<dataflow id="271" from="StgValue_266" to="j_0_i_i_i" fromId="266" toId="35">
<condition id="128">
<or_exp><and_exp></and_exp></or_exp>
</condition>
</dataflow>
<dataflow id="272" from="StgValue_32" to="j_0_i_i_i" fromId="32" toId="35">
</dataflow>
<dataflow id="273" from="j" to="j_0_i_i_i" fromId="54" toId="35">
<BackEdge/>
<condition id="129">
<or_exp><and_exp><literal name="exitcond_flatten" val="0"/>
</and_exp></or_exp>
</condition>
</dataflow>
<dataflow id="274" from="StgValue_97" to="j_0_i_i_i" fromId="97" toId="35">
<BackEdge/>
</dataflow>
<dataflow id="275" from="i6_0_i_i_i" to="i6_0_i_cast_i_i_mid1" fromId="34" toId="36">
</dataflow>
<dataflow id="276" from="i6_0_i_i_i" to="tmp_17_i_i" fromId="34" toId="37">
</dataflow>
<dataflow id="277" from="StgValue_266" to="tmp_17_i_i" fromId="266" toId="37">
</dataflow>
<dataflow id="278" from="i6_0_i_i_i" to="notlhs" fromId="34" toId="38">
</dataflow>
<dataflow id="280" from="StgValue_279" to="notlhs" fromId="279" toId="38">
</dataflow>
<dataflow id="281" from="i6_0_i_cast_i_i_mid1" to="notrhs" fromId="36" toId="39">
</dataflow>
<dataflow id="282" from="tmp_7_i_i" to="notrhs" fromId="30" toId="39">
</dataflow>
<dataflow id="283" from="notrhs" to="brmerge_i_i_i_not" fromId="39" toId="40">
</dataflow>
<dataflow id="284" from="notlhs" to="brmerge_i_i_i_not" fromId="38" toId="40">
</dataflow>
<dataflow id="285" from="tmp_17_i_i" to="brmerge" fromId="37" toId="41">
</dataflow>
<dataflow id="286" from="brmerge_i_i_i_not" to="brmerge" fromId="40" toId="41">
</dataflow>
<dataflow id="287" from="j_0_i_i_i" to="j_0_i_cast_i_i" fromId="35" toId="42">
</dataflow>
<dataflow id="288" from="j_0_i_cast_i_i" to="tmp_22_i_i" fromId="42" toId="43">
</dataflow>
<dataflow id="289" from="width_read" to="tmp_22_i_i" fromId="16" toId="43">
</dataflow>
<dataflow id="290" from="indvar_flatten" to="exitcond_flatten" fromId="33" toId="44">
</dataflow>
<dataflow id="291" from="bound" to="exitcond_flatten" fromId="31" toId="44">
</dataflow>
<dataflow id="292" from="indvar_flatten" to="indvar_flatten_next" fromId="33" toId="45">
</dataflow>
<dataflow id="293" from="StgValue_141" to="indvar_flatten_next" fromId="141" toId="45">
</dataflow>
<dataflow id="294" from="exitcond_flatten" to="StgValue_46" fromId="44" toId="46">
</dataflow>
<dataflow id="295" from="i6_0_i_i_i" to="i" fromId="34" toId="47">
</dataflow>
<dataflow id="297" from="StgValue_296" to="i" fromId="296" toId="47">
</dataflow>
<dataflow id="298" from="i" to="i6_0_i_cast_i_i" fromId="47" toId="48">
</dataflow>
<dataflow id="299" from="tmp_22_i_i" to="j_0_i_i_i_mid2" fromId="43" toId="49">
</dataflow>
<dataflow id="300" from="j_0_i_i_i" to="j_0_i_i_i_mid2" fromId="35" toId="49">
</dataflow>
<dataflow id="301" from="StgValue_266" to="j_0_i_i_i_mid2" fromId="266" toId="49">
</dataflow>
<dataflow id="302" from="i" to="tmp_17_i_i_mid1" fromId="47" toId="50">
</dataflow>
<dataflow id="303" from="StgValue_266" to="tmp_17_i_i_mid1" fromId="266" toId="50">
</dataflow>
<dataflow id="304" from="i" to="notlhs_mid1" fromId="47" toId="51">
</dataflow>
<dataflow id="305" from="StgValue_279" to="notlhs_mid1" fromId="279" toId="51">
</dataflow>
<dataflow id="306" from="i6_0_i_cast_i_i" to="notrhs_mid1" fromId="48" toId="52">
</dataflow>
<dataflow id="307" from="tmp_7_i_i" to="notrhs_mid1" fromId="30" toId="52">
</dataflow>
<dataflow id="308" from="tmp_22_i_i" to="i6_0_i_i_i_mid2" fromId="43" toId="53">
</dataflow>
<dataflow id="309" from="i6_0_i_i_i" to="i6_0_i_i_i_mid2" fromId="34" toId="53">
</dataflow>
<dataflow id="310" from="i" to="i6_0_i_i_i_mid2" fromId="47" toId="53">
</dataflow>
<dataflow id="311" from="j_0_i_i_i_mid2" to="j" fromId="49" toId="54">
</dataflow>
<dataflow id="312" from="StgValue_296" to="j" fromId="296" toId="54">
</dataflow>
<dataflow id="313" from="notrhs_mid1" to="brmerge_i_i_i_not_mi" fromId="52" toId="55">
</dataflow>
<dataflow id="314" from="notlhs_mid1" to="brmerge_i_i_i_not_mi" fromId="51" toId="55">
</dataflow>
<dataflow id="315" from="tmp_17_i_i_mid1" to="brmerge_mid1" fromId="50" toId="56">
</dataflow>
<dataflow id="316" from="brmerge_i_i_i_not_mi" to="brmerge_mid1" fromId="55" toId="56">
</dataflow>
<dataflow id="317" from="tmp_22_i_i" to="brmerge_mid2" fromId="43" toId="57">
</dataflow>
<dataflow id="318" from="brmerge" to="brmerge_mid2" fromId="41" toId="57">
</dataflow>
<dataflow id="319" from="brmerge_mid1" to="brmerge_mid2" fromId="56" toId="57">
</dataflow>
<dataflow id="320" from="j_0_i_i_i_mid2" to="j_0_i_cast_i_i_mid2_s" fromId="49" toId="58">
</dataflow>
<dataflow id="321" from="brmerge_mid2" to="StgValue_59" fromId="57" toId="59">
</dataflow>
<dataflow id="322" from="j_0_i_cast_i_i_mid2_s" to="tmp_25_i_i" fromId="58" toId="60">
</dataflow>
<dataflow id="323" from="vconv_xlim_loc_read" to="tmp_25_i_i" fromId="18" toId="60">
</dataflow>
<dataflow id="324" from="tmp_25_i_i" to="StgValue_61" fromId="60" toId="61">
</dataflow>
<dataflow id="325" from="j_0_i_cast_i_i_mid2_s" to="tmp_29_i_i" fromId="58" toId="62">
</dataflow>
<dataflow id="326" from="tmp_9_i_i" to="tmp_29_i_i" fromId="28" toId="62">
</dataflow>
<dataflow id="327" from="j_0_i_cast_i_i_mid2_s" to="tmp_32_i_i" fromId="58" toId="63">
</dataflow>
<dataflow id="328" from="tmp_i_i" to="tmp_32_i_i" fromId="29" toId="63">
</dataflow>
<dataflow id="330" from="_ssdm_op_Read.ap_fifo.volatile.i32P" to="tmp" fromId="329" toId="64">
</dataflow>
<dataflow id="331" from="vconv_V" to="tmp" fromId="136" toId="64">
</dataflow>
<dataflow id="332" from="tmp" to="StgValue_65" fromId="64" toId="65">
</dataflow>
<dataflow id="333" from="r_edge_pix" to="StgValue_65" fromId="12" toId="65">
</dataflow>
<dataflow id="334" from="j_0_i_i_i_mid2" to="tmp_27_i_i" fromId="49" toId="66">
</dataflow>
<dataflow id="335" from="borderbuf" to="borderbuf_addr" fromId="15" toId="67">
</dataflow>
<dataflow id="336" from="StgValue_261" to="borderbuf_addr" fromId="261" toId="67">
</dataflow>
<dataflow id="337" from="tmp_27_i_i" to="borderbuf_addr" fromId="66" toId="67">
</dataflow>
<dataflow id="338" from="tmp" to="StgValue_68" fromId="64" toId="68">
</dataflow>
<dataflow id="339" from="borderbuf_addr" to="StgValue_68" fromId="67" toId="68">
</dataflow>
<dataflow id="340" from="r_edge_pix" to="l_edge_pix_2" fromId="12" toId="69">
</dataflow>
<dataflow id="341" from="pix_out" to="pix_out_load" fromId="13" toId="70">
</dataflow>
<dataflow id="342" from="pix_out_1" to="pix_out_1_load" fromId="14" toId="71">
</dataflow>
<dataflow id="343" from="j_0_i_i_i_mid2" to="tmp_28_i_i" fromId="49" toId="72">
</dataflow>
<dataflow id="344" from="StgValue_266" to="tmp_28_i_i" fromId="266" toId="72">
</dataflow>
<dataflow id="345" from="tmp_28_i_i" to="pix_in_2_l_edge_pix_s" fromId="72" toId="73">
</dataflow>
<dataflow id="346" from="l_edge_pix_2" to="pix_in_2_l_edge_pix_s" fromId="69" toId="73">
</dataflow>
<dataflow id="347" from="pix_out_1_load" to="pix_in_2_l_edge_pix_s" fromId="71" toId="73">
</dataflow>
<dataflow id="348" from="tmp_29_i_i" to="l_edge_pix" fromId="62" toId="74">
</dataflow>
<dataflow id="349" from="l_edge_pix_2" to="l_edge_pix" fromId="69" toId="74">
</dataflow>
<dataflow id="350" from="pix_out_load" to="l_edge_pix" fromId="70" toId="74">
</dataflow>
<dataflow id="351" from="pix_in_2_l_edge_pix_s" to="StgValue_75" fromId="73" toId="75">
</dataflow>
<dataflow id="352" from="pix_out_1" to="StgValue_75" fromId="14" toId="75">
</dataflow>
<dataflow id="353" from="l_edge_pix" to="StgValue_76" fromId="74" toId="76">
</dataflow>
<dataflow id="354" from="pix_out" to="StgValue_76" fromId="13" toId="76">
</dataflow>
<dataflow id="355" from="j_0_i_i_i_mid2" to="tmp_31_i_i" fromId="49" toId="77">
</dataflow>
<dataflow id="357" from="StgValue_356" to="tmp_31_i_i" fromId="356" toId="77">
</dataflow>
<dataflow id="358" from="j_0_i_i_i_mid2" to="tmp_33_i_i" fromId="49" toId="78">
</dataflow>
<dataflow id="360" from="StgValue_359" to="tmp_33_i_i" fromId="359" toId="78">
</dataflow>
<dataflow id="361" from="tmp_33_i_i" to="tmp_34_i_i" fromId="78" toId="79">
</dataflow>
<dataflow id="362" from="borderbuf" to="borderbuf_addr_1" fromId="15" toId="80">
</dataflow>
<dataflow id="363" from="StgValue_261" to="borderbuf_addr_1" fromId="261" toId="80">
</dataflow>
<dataflow id="364" from="tmp_34_i_i" to="borderbuf_addr_1" fromId="79" toId="80">
</dataflow>
<dataflow id="365" from="borderbuf_addr_1" to="pix_out_7" fromId="80" toId="81">
</dataflow>
<dataflow id="366" from="pix_out" to="pix_out_4" fromId="13" toId="82">
</dataflow>
<dataflow id="367" from="pix_out_1" to="pix_out_6" fromId="14" toId="83">
</dataflow>
<dataflow id="368" from="borderbuf_addr_1" to="pix_out_7" fromId="80" toId="84">
</dataflow>
<dataflow id="369" from="tmp_31_i_i" to="sel_tmp" fromId="77" toId="85">
</dataflow>
<dataflow id="371" from="StgValue_370" to="sel_tmp" fromId="370" toId="85">
</dataflow>
<dataflow id="372" from="tmp_32_i_i" to="sel_tmp1" fromId="63" toId="86">
</dataflow>
<dataflow id="373" from="sel_tmp" to="sel_tmp1" fromId="85" toId="86">
</dataflow>
<dataflow id="374" from="sel_tmp1" to="pix_out_3" fromId="86" toId="87">
</dataflow>
<dataflow id="375" from="pix_out_7" to="pix_out_3" fromId="84" toId="87">
</dataflow>
<dataflow id="376" from="pix_out_4" to="pix_out_3" fromId="82" toId="87">
</dataflow>
<dataflow id="377" from="tmp_31_i_i" to="pix_out_8" fromId="77" toId="88">
</dataflow>
<dataflow id="378" from="pix_out_6" to="pix_out_8" fromId="83" toId="88">
</dataflow>
<dataflow id="379" from="pix_out_3" to="pix_out_8" fromId="87" toId="88">
</dataflow>
<dataflow id="381" from="_ssdm_op_Write.axis.volatile.i32P" to="StgValue_89" fromId="380" toId="89">
</dataflow>
<dataflow id="382" from="dst_V" to="StgValue_89" fromId="134" toId="89">
</dataflow>
<dataflow id="383" from="pix_out_8" to="StgValue_89" fromId="88" toId="89">
</dataflow>
<dataflow id="385" from="_ssdm_op_SpecLoopName" to="StgValue_90" fromId="384" toId="90">
</dataflow>
<dataflow id="387" from="Border_L_str" to="StgValue_90" fromId="386" toId="90">
</dataflow>
<dataflow id="389" from="_ssdm_op_SpecRegionBegin" to="tmp_24_i_i" fromId="388" toId="91">
</dataflow>
<dataflow id="391" from="p_str21" to="tmp_24_i_i" fromId="390" toId="91">
</dataflow>
<dataflow id="393" from="_ssdm_op_SpecPipeline" to="StgValue_92" fromId="392" toId="92">
</dataflow>
<dataflow id="395" from="StgValue_394" to="StgValue_92" fromId="394" toId="92">
</dataflow>
<dataflow id="396" from="StgValue_137" to="StgValue_92" fromId="137" toId="92">
</dataflow>
<dataflow id="397" from="StgValue_137" to="StgValue_92" fromId="137" toId="92">
</dataflow>
<dataflow id="398" from="StgValue_165" to="StgValue_92" fromId="165" toId="92">
</dataflow>
<dataflow id="399" from="p_str1" to="StgValue_92" fromId="168" toId="92">
</dataflow>
<dataflow id="400" from="_ssdm_op_Write.axis.volatile.i32P" to="StgValue_95" fromId="380" toId="95">
</dataflow>
<dataflow id="401" from="dst_V" to="StgValue_95" fromId="134" toId="95">
</dataflow>
<dataflow id="402" from="pix_out_8" to="StgValue_95" fromId="88" toId="95">
</dataflow>
<dataflow id="404" from="_ssdm_op_SpecRegionEnd" to="empty" fromId="403" toId="96">
</dataflow>
<dataflow id="405" from="p_str21" to="empty" fromId="390" toId="96">
</dataflow>
<dataflow id="406" from="tmp_24_i_i" to="empty" fromId="91" toId="96">
</dataflow>
<dataflow id="407" from="exitcond_flatten" to="StgValue_5" fromId="44" toId="5">
</dataflow>
<dataflow id="408" from="exitcond_flatten" to="StgValue_6" fromId="44" toId="6">
</dataflow>
<dataflow id="409" from="tmp_22_i_i" to="StgValue_6" fromId="43" toId="6">
</dataflow>
<dataflow id="410" from="brmerge_mid2" to="StgValue_6" fromId="57" toId="6">
</dataflow>
<dataflow id="411" from="brmerge_mid2" to="StgValue_7" fromId="57" toId="7">
</dataflow>
<dataflow id="412" from="tmp_25_i_i" to="StgValue_7" fromId="60" toId="7">
</dataflow>
<dataflow id="413" from="brmerge_mid2" to="StgValue_8" fromId="57" toId="8">
</dataflow>
<dataflow id="414" from="tmp_25_i_i" to="StgValue_8" fromId="60" toId="8">
</dataflow>
<dataflow id="415" from="tmp_29_i_i" to="StgValue_8" fromId="62" toId="8">
</dataflow>
<dataflow id="416" from="exitcond_flatten" to="StgValue_8" fromId="44" toId="8">
</dataflow>
<dataflow id="417" from="exitcond_flatten" to="StgValue_9" fromId="44" toId="9">
</dataflow>
<dataflow id="418" from="tmp_31_i_i" to="StgValue_9" fromId="77" toId="9">
</dataflow>
<dataflow id="419" from="exitcond_flatten" to="StgValue_10" fromId="44" toId="10">
</dataflow>
<dataflow id="420" from="brmerge_mid2" to="StgValue_10" fromId="57" toId="10">
</dataflow>
<dataflow id="421" from="tmp_25_i_i" to="StgValue_10" fromId="60" toId="10">
</dataflow>
</dataflows>


</stg>
