<profile>

<section name = "Vivado HLS Report for 'Loop_VConvH_proc'" level="0">
<item name = "Date">Tue Aug 11 06:27:55 2020
</item>
<item name = "Version">2018.1 (Build 2188600 on Wed Apr 04 19:04:02 MDT 2018)</item>
<item name = "Project">proj_2D_convolution_with_linebuffer</item>
<item name = "Solution">solution1</item>
<item name = "Product family">zynq</item>
<item name = "Target device">xc7z020clg484-1</item>
</section>

<section name = "Performance Estimates" level="0">
<item name = "Timing (ns)">
<section name = "" level="1">
<item name = "Summary"><table name="" hasTotal="0">
<keys size="4">Clock, Target, Estimated, Uncertainty</keys>
<column name="ap_clk">6.66, 5.83, 0.83</column>
</table>
</item>
</section>
</item>
<item name = "Latency (clock cycles)">
<section name = "" level="1">
<item name = "Summary"><table name="" hasTotal="0">
<keys size="6">, min, max, min, max, Type</keys>
<column name="">5, 2059825, 5, 2059825, none</column>
</table>
</item>
<item name = "Detail">
<section name = "" level="1">
<item name = "Instance"><table name="" hasTotal="0">
<keys size="7">Instance, Module, min, max, min, max, Type</keys>
</table>
</item>
<item name = "Loop"><table name="" hasTotal="0">
<keys size="8">Loop Name, min, max, Latency, achieved, target, Count, Pipelined</keys>
<column name="- VConvH_VConvW">0, 2059820, 11, 1, 1, 0 ~ 2059811, yes</column>
</table>
</item>
</section>
</item>
</section>
</item>
</section>

<section name = "Utilization Estimates" level="0">
<item name = "Summary"><table name="" hasTotal="1">
<keys size="5">Name, BRAM_18K, DSP48E, FF, LUT</keys>
<column name="DSP">-, -, -, -</column>
<column name="Expression">-, -, 0, 704</column>
<column name="FIFO">-, -, -, -</column>
<column name="Instance">-, 40, 1660, 490</column>
<column name="Memory">40, -, 0, 0</column>
<column name="Multiplexer">-, -, -, 146</column>
<column name="Register">0, -, 1814, 224</column>
<specialColumn name="Available">280, 220, 106400, 53200</specialColumn>
<specialColumn name="Utilization (%)">14, 18, 3, 2</specialColumn>
</table>
</item>
<item name = "Detail">
<section name = "" level="1">
<item name = "Instance"><table name="" hasTotal="1">
<keys size="6">Instance, Module, BRAM_18K, DSP48E, FF, LUT</keys>
<column name="filter11x11_strm_bkb_U28">filter11x11_strm_bkb, 0, 4, 166, 49</column>
<column name="filter11x11_strm_cud_U30">filter11x11_strm_cud, 0, 4, 166, 49</column>
<column name="filter11x11_strm_cud_U35">filter11x11_strm_cud, 0, 4, 166, 49</column>
<column name="filter11x11_strm_dEe_U29">filter11x11_strm_dEe, 0, 4, 166, 49</column>
<column name="filter11x11_strm_dEe_U34">filter11x11_strm_dEe, 0, 4, 166, 49</column>
<column name="filter11x11_strm_dEe_U36">filter11x11_strm_dEe, 0, 4, 166, 49</column>
<column name="filter11x11_strm_dEe_U37">filter11x11_strm_dEe, 0, 4, 166, 49</column>
<column name="filter11x11_strm_eOg_U31">filter11x11_strm_eOg, 0, 4, 166, 49</column>
<column name="filter11x11_strm_eOg_U32">filter11x11_strm_eOg, 0, 4, 166, 49</column>
<column name="filter11x11_strm_eOg_U33">filter11x11_strm_eOg, 0, 4, 166, 49</column>
</table>
</item>
<item name = "DSP48"><table name="" hasTotal="0">
<keys size="3">Instance, Module, Expression</keys>
</table>
</item>
<item name = "Memory"><table name="" hasTotal="1">
<keys size="9">Memory, Module, BRAM_18K, FF, LUT, Words, Bits, Banks, W*Bits*Banks</keys>
<column name="linebuf_0_U">Loop_VConvH_proc_fYi, 4, 0, 0, 1920, 32, 1, 61440</column>
<column name="linebuf_1_U">Loop_VConvH_proc_fYi, 4, 0, 0, 1920, 32, 1, 61440</column>
<column name="linebuf_2_U">Loop_VConvH_proc_fYi, 4, 0, 0, 1920, 32, 1, 61440</column>
<column name="linebuf_3_U">Loop_VConvH_proc_fYi, 4, 0, 0, 1920, 32, 1, 61440</column>
<column name="linebuf_4_U">Loop_VConvH_proc_fYi, 4, 0, 0, 1920, 32, 1, 61440</column>
<column name="linebuf_5_U">Loop_VConvH_proc_fYi, 4, 0, 0, 1920, 32, 1, 61440</column>
<column name="linebuf_6_U">Loop_VConvH_proc_fYi, 4, 0, 0, 1920, 32, 1, 61440</column>
<column name="linebuf_7_U">Loop_VConvH_proc_fYi, 4, 0, 0, 1920, 32, 1, 61440</column>
<column name="linebuf_8_U">Loop_VConvH_proc_fYi, 4, 0, 0, 1920, 32, 1, 61440</column>
<column name="linebuf_9_U">Loop_VConvH_proc_fYi, 4, 0, 0, 1920, 32, 1, 61440</column>
</table>
</item>
<item name = "FIFO"><table name="" hasTotal="1">
<keys size="7">Name, BRAM_18K, FF, LUT, Depth, Bits, Size:D*B</keys>
</table>
</item>
<item name = "Expression"><table name="" hasTotal="1">
<keys size="7">Variable Name, Operation, DSP48E, FF, LUT, Bitwidth P0, Bitwidth P1</keys>
<column name="col_fu_352_p2">+, 0, 0, 38, 1, 31</column>
<column name="indvar_flatten_next_fu_338_p2">+, 0, 0, 71, 64, 1</column>
<column name="row_fu_378_p2">+, 0, 0, 38, 31, 1</column>
<column name="tmp10_fu_447_p2">+, 0, 0, 32, 32, 32</column>
<column name="tmp11_fu_439_p2">+, 0, 0, 39, 32, 32</column>
<column name="tmp1_fu_507_p2">+, 0, 0, 32, 32, 32</column>
<column name="tmp2_fu_482_p2">+, 0, 0, 32, 32, 32</column>
<column name="tmp3_fu_476_p2">+, 0, 0, 32, 32, 32</column>
<column name="tmp4_fu_492_p2">+, 0, 0, 32, 32, 32</column>
<column name="tmp5_fu_488_p2">+, 0, 0, 32, 32, 32</column>
<column name="tmp6_fu_502_p2">+, 0, 0, 32, 32, 32</column>
<column name="tmp7_fu_498_p2">+, 0, 0, 32, 32, 32</column>
<column name="tmp8_fu_443_p2">+, 0, 0, 39, 32, 32</column>
<column name="tmp9_fu_451_p2">+, 0, 0, 32, 32, 32</column>
<column name="tmp_2_fu_511_p2">+, 0, 0, 32, 32, 32</column>
<column name="ap_block_state12_pp0_stage0_iter7">and, 0, 0, 2, 1, 1</column>
<column name="ap_block_state15_pp0_stage0_iter10">and, 0, 0, 2, 1, 1</column>
<column name="exitcond_flatten_fu_333_p2">icmp, 0, 0, 29, 64, 64</column>
<column name="tmp_11_i_i_fu_328_p2">icmp, 0, 0, 18, 32, 32</column>
<column name="tmp_8_i_i_fu_364_p2">icmp, 0, 0, 18, 31, 4</column>
<column name="tmp_8_i_i_mid1_fu_358_p2">icmp, 0, 0, 18, 31, 4</column>
<column name="ap_block_pp0_stage0_01001">or, 0, 0, 2, 1, 1</column>
<column name="ap_block_state1">or, 0, 0, 2, 1, 1</column>
<column name="col1_0_i_i_i_mid2_fu_370_p3">select, 0, 0, 31, 1, 31</column>
<column name="row2_0_i_i_i_mid2_fu_344_p3">select, 0, 0, 31, 1, 31</column>
<column name="tmp_8_i_i_mid2_fu_384_p3">select, 0, 0, 2, 1, 1</column>
<column name="ap_enable_pp0">xor, 0, 0, 2, 1, 2</column>
<column name="ap_enable_reg_pp0_iter1">xor, 0, 0, 2, 2, 1</column>
</table>
</item>
<item name = "Multiplexer"><table name="" hasTotal="1">
<keys size="5">Name, LUT, Input Size, Bits, Total Bits</keys>
<column name="ap_NS_fsm">38, 7, 1, 7</column>
<column name="ap_done">9, 2, 1, 2</column>
<column name="ap_enable_reg_pp0_iter1">9, 2, 1, 2</column>
<column name="ap_enable_reg_pp0_iter10">9, 2, 1, 2</column>
<column name="col1_0_i_i_i_reg_290">9, 2, 31, 62</column>
<column name="hconv_V_blk_n">9, 2, 1, 2</column>
<column name="height_blk_n">9, 2, 1, 2</column>
<column name="height_out_blk_n">9, 2, 1, 2</column>
<column name="indvar_flatten_reg_279">9, 2, 64, 128</column>
<column name="row2_0_i_i_i_reg_301">9, 2, 31, 62</column>
<column name="vconv_V_blk_n">9, 2, 1, 2</column>
<column name="vconv_xlim_loc_blk_n">9, 2, 1, 2</column>
<column name="vconv_xlim_loc_out_blk_n">9, 2, 1, 2</column>
</table>
</item>
<item name = "Register"><table name="" hasTotal="1">
<keys size="5">Name, FF, LUT, Bits, Const Bits</keys>
<column name="ap_CS_fsm">6, 0, 6, 0</column>
<column name="ap_done_reg">1, 0, 1, 0</column>
<column name="ap_enable_reg_pp0_iter0">1, 0, 1, 0</column>
<column name="ap_enable_reg_pp0_iter1">1, 0, 1, 0</column>
<column name="ap_enable_reg_pp0_iter10">1, 0, 1, 0</column>
<column name="ap_enable_reg_pp0_iter2">1, 0, 1, 0</column>
<column name="ap_enable_reg_pp0_iter3">1, 0, 1, 0</column>
<column name="ap_enable_reg_pp0_iter4">1, 0, 1, 0</column>
<column name="ap_enable_reg_pp0_iter5">1, 0, 1, 0</column>
<column name="ap_enable_reg_pp0_iter6">1, 0, 1, 0</column>
<column name="ap_enable_reg_pp0_iter7">1, 0, 1, 0</column>
<column name="ap_enable_reg_pp0_iter8">1, 0, 1, 0</column>
<column name="ap_enable_reg_pp0_iter9">1, 0, 1, 0</column>
<column name="bound_reg_537">64, 0, 64, 0</column>
<column name="col1_0_i_i_i_reg_290">31, 0, 31, 0</column>
<column name="exitcond_flatten_reg_547">1, 0, 1, 0</column>
<column name="height_read_reg_516">32, 0, 32, 0</column>
<column name="indvar_flatten_reg_279">64, 0, 64, 0</column>
<column name="linebuf_0_addr_reg_609">11, 0, 11, 0</column>
<column name="linebuf_0_load_reg_711">32, 0, 32, 0</column>
<column name="linebuf_1_addr_reg_615">11, 0, 11, 0</column>
<column name="linebuf_1_load_reg_693">32, 0, 32, 0</column>
<column name="linebuf_2_addr_reg_621">11, 0, 11, 0</column>
<column name="linebuf_2_load_reg_699">32, 0, 32, 0</column>
<column name="linebuf_3_addr_reg_627">11, 0, 11, 0</column>
<column name="linebuf_3_addr_reg_627_pp0_iter3_reg">11, 0, 11, 0</column>
<column name="linebuf_3_load_reg_705">32, 0, 32, 0</column>
<column name="linebuf_4_addr_reg_633">11, 0, 11, 0</column>
<column name="linebuf_4_addr_reg_633_pp0_iter3_reg">11, 0, 11, 0</column>
<column name="linebuf_4_load_reg_669">32, 0, 32, 0</column>
<column name="linebuf_5_addr_reg_639">11, 0, 11, 0</column>
<column name="linebuf_5_addr_reg_639_pp0_iter3_reg">11, 0, 11, 0</column>
<column name="linebuf_5_load_reg_675">32, 0, 32, 0</column>
<column name="linebuf_6_addr_reg_645">11, 0, 11, 0</column>
<column name="linebuf_6_addr_reg_645_pp0_iter3_reg">11, 0, 11, 0</column>
<column name="linebuf_6_load_reg_681">32, 0, 32, 0</column>
<column name="linebuf_7_addr_reg_651">11, 0, 11, 0</column>
<column name="linebuf_7_load_reg_687">32, 0, 32, 0</column>
<column name="linebuf_8_addr_reg_597">11, 0, 11, 0</column>
<column name="linebuf_8_addr_reg_597_pp0_iter2_reg">11, 0, 11, 0</column>
<column name="linebuf_8_load_reg_657">32, 0, 32, 0</column>
<column name="linebuf_9_addr_reg_603">11, 0, 11, 0</column>
<column name="linebuf_9_load_reg_663">32, 0, 32, 0</column>
<column name="row2_0_i_i_i_mid2_reg_556">31, 0, 31, 0</column>
<column name="row2_0_i_i_i_reg_301">31, 0, 31, 0</column>
<column name="tmp11_reg_747">32, 0, 32, 0</column>
<column name="tmp2_reg_784">30, 0, 32, 2</column>
<column name="tmp4_reg_789">32, 0, 32, 0</column>
<column name="tmp6_reg_794">32, 0, 32, 0</column>
<column name="tmp8_reg_774">32, 0, 32, 0</column>
<column name="tmp9_reg_779">32, 0, 32, 0</column>
<column name="tmp_11_i_i_reg_542">1, 0, 1, 0</column>
<column name="tmp_12_reg_752">32, 0, 32, 0</column>
<column name="tmp_16_i_i_reg_585">31, 0, 64, 33</column>
<column name="tmp_2_reg_799">32, 0, 32, 0</column>
<column name="tmp_30_1_i_i_reg_759">32, 0, 32, 0</column>
<column name="tmp_30_2_i_i_reg_764">32, 0, 32, 0</column>
<column name="tmp_30_3_i_i_reg_769">32, 0, 32, 0</column>
<column name="tmp_30_4_i_i_reg_727">32, 0, 32, 0</column>
<column name="tmp_30_5_i_i_reg_732">32, 0, 32, 0</column>
<column name="tmp_30_6_i_i_reg_737">32, 0, 32, 0</column>
<column name="tmp_30_7_i_i_reg_742">32, 0, 32, 0</column>
<column name="tmp_30_8_i_i_reg_717">32, 0, 32, 0</column>
<column name="tmp_30_9_i_i_reg_722">32, 0, 32, 0</column>
<column name="tmp_8_i_i_mid1_reg_561">1, 0, 1, 0</column>
<column name="tmp_8_i_i_mid2_reg_581">1, 0, 1, 0</column>
<column name="tmp_8_i_i_reg_566">1, 0, 1, 0</column>
<column name="vconv_xlim_loc_read_reg_521">32, 0, 32, 0</column>
<column name="exitcond_flatten_reg_547">64, 32, 1, 0</column>
<column name="linebuf_0_addr_reg_609">64, 32, 11, 0</column>
<column name="linebuf_0_load_reg_711">64, 32, 32, 0</column>
<column name="linebuf_1_addr_reg_615">64, 32, 11, 0</column>
<column name="linebuf_2_addr_reg_621">64, 32, 11, 0</column>
<column name="linebuf_9_addr_reg_603">64, 32, 11, 0</column>
<column name="tmp_8_i_i_mid2_reg_581">64, 32, 1, 0</column>
</table>
</item>
</section>
</item>
</section>

<section name = "Interface" level="0">
<item name = "Summary"><table name="" hasTotal="0">
<keys size="6">RTL Ports, Dir, Bits, Protocol, Source Object, C Type</keys>
<column name="ap_clk">in, 1, ap_ctrl_hs, Loop_VConvH_proc, return value</column>
<column name="ap_rst">in, 1, ap_ctrl_hs, Loop_VConvH_proc, return value</column>
<column name="ap_start">in, 1, ap_ctrl_hs, Loop_VConvH_proc, return value</column>
<column name="ap_done">out, 1, ap_ctrl_hs, Loop_VConvH_proc, return value</column>
<column name="ap_continue">in, 1, ap_ctrl_hs, Loop_VConvH_proc, return value</column>
<column name="ap_idle">out, 1, ap_ctrl_hs, Loop_VConvH_proc, return value</column>
<column name="ap_ready">out, 1, ap_ctrl_hs, Loop_VConvH_proc, return value</column>
<column name="height_dout">in, 32, ap_fifo, height, pointer</column>
<column name="height_empty_n">in, 1, ap_fifo, height, pointer</column>
<column name="height_read">out, 1, ap_fifo, height, pointer</column>
<column name="vconv_xlim_loc_dout">in, 32, ap_fifo, vconv_xlim_loc, pointer</column>
<column name="vconv_xlim_loc_empty_n">in, 1, ap_fifo, vconv_xlim_loc, pointer</column>
<column name="vconv_xlim_loc_read">out, 1, ap_fifo, vconv_xlim_loc, pointer</column>
<column name="hconv_V_dout">in, 32, ap_fifo, hconv_V, pointer</column>
<column name="hconv_V_empty_n">in, 1, ap_fifo, hconv_V, pointer</column>
<column name="hconv_V_read">out, 1, ap_fifo, hconv_V, pointer</column>
<column name="vconv_V_din">out, 32, ap_fifo, vconv_V, pointer</column>
<column name="vconv_V_full_n">in, 1, ap_fifo, vconv_V, pointer</column>
<column name="vconv_V_write">out, 1, ap_fifo, vconv_V, pointer</column>
<column name="height_out_din">out, 32, ap_fifo, height_out, pointer</column>
<column name="height_out_full_n">in, 1, ap_fifo, height_out, pointer</column>
<column name="height_out_write">out, 1, ap_fifo, height_out, pointer</column>
<column name="vconv_xlim_loc_out_din">out, 32, ap_fifo, vconv_xlim_loc_out, pointer</column>
<column name="vconv_xlim_loc_out_full_n">in, 1, ap_fifo, vconv_xlim_loc_out, pointer</column>
<column name="vconv_xlim_loc_out_write">out, 1, ap_fifo, vconv_xlim_loc_out, pointer</column>
</table>
</item>
</section>
</profile>
