<stg><name>Loop_VConvH_proc</name>


<trans_list>

<trans id="143" from="1" to="2">
<condition id="34">
<or_exp><and_exp></and_exp></or_exp>
</condition>
</trans>

<trans id="144" from="2" to="3">
<condition id="35">
<or_exp><and_exp></and_exp></or_exp>
</condition>
</trans>

<trans id="145" from="3" to="4">
<condition id="36">
<or_exp><and_exp></and_exp></or_exp>
</condition>
</trans>

<trans id="146" from="4" to="5">
<condition id="38">
<or_exp><and_exp></and_exp></or_exp>
</condition>
</trans>

<trans id="181" from="5" to="16">
<condition id="64">
<or_exp><and_exp><literal name="exitcond_flatten" val="1"/>
</and_exp></or_exp>
</condition>
</trans>

<trans id="182" from="5" to="6">
<condition id="75">
<or_exp><and_exp><literal name="exitcond_flatten" val="0"/>
</and_exp></or_exp>
</condition>
</trans>

<trans id="171" from="6" to="7">
<condition id="65">
<or_exp><and_exp></and_exp></or_exp>
</condition>
</trans>

<trans id="172" from="7" to="8">
<condition id="66">
<or_exp><and_exp></and_exp></or_exp>
</condition>
</trans>

<trans id="173" from="8" to="9">
<condition id="67">
<or_exp><and_exp></and_exp></or_exp>
</condition>
</trans>

<trans id="174" from="9" to="10">
<condition id="68">
<or_exp><and_exp></and_exp></or_exp>
</condition>
</trans>

<trans id="175" from="10" to="11">
<condition id="69">
<or_exp><and_exp></and_exp></or_exp>
</condition>
</trans>

<trans id="176" from="11" to="12">
<condition id="70">
<or_exp><and_exp></and_exp></or_exp>
</condition>
</trans>

<trans id="177" from="12" to="13">
<condition id="71">
<or_exp><and_exp></and_exp></or_exp>
</condition>
</trans>

<trans id="178" from="13" to="14">
<condition id="72">
<or_exp><and_exp></and_exp></or_exp>
</condition>
</trans>

<trans id="179" from="14" to="15">
<condition id="73">
<or_exp><and_exp></and_exp></or_exp>
</condition>
</trans>

<trans id="180" from="15" to="5">
<condition id="74">
<or_exp><and_exp></and_exp></or_exp>
</condition>
</trans>
</trans_list>



<state_list>

<state id="1" st_id="1">

<operation id="17" st_id="1" stage="1" lat="1">
<core>FIFO</core>
<MemPortIdVec></MemPortIdVec>
<condition id="25">
<or_exp><and_exp></and_exp></or_exp>
</condition>

<Node id="21" bw="32" op_0_bw="32" op_1_bw="32">
<![CDATA[
entry:4  %height_read = call i32 @_ssdm_op_Read.ap_fifo.i32P(i32* %height)

]]></Node>
<StgValue><ssdm name="height_read"/></StgValue>
</operation>

<operation id="18" st_id="1" stage="1" lat="1">
<core>FIFO</core>
<MemPortIdVec></MemPortIdVec>
<condition id="25">
<or_exp><and_exp></and_exp></or_exp>
</condition>

<Node id="22" bw="32" op_0_bw="32" op_1_bw="32">
<![CDATA[
entry:5  %vconv_xlim_loc_read = call i32 @_ssdm_op_Read.ap_fifo.i32P(i32* %vconv_xlim_loc)

]]></Node>
<StgValue><ssdm name="vconv_xlim_loc_read"/></StgValue>
</operation>

<operation id="19" st_id="1" stage="1" lat="1">
<core>FIFO</core>
<MemPortIdVec></MemPortIdVec>
<condition id="25">
<or_exp><and_exp></and_exp></or_exp>
</condition>

<Node id="24" bw="0" op_0_bw="0" op_1_bw="32" op_2_bw="32">
<![CDATA[
entry:7  call void @_ssdm_op_Write.ap_fifo.i32P(i32* %height_out, i32 %height_read)

]]></Node>
<StgValue><ssdm name=""/></StgValue>
</operation>

<operation id="20" st_id="1" stage="1" lat="1">
<core>FIFO</core>
<MemPortIdVec></MemPortIdVec>
<condition id="25">
<or_exp><and_exp></and_exp></or_exp>
</condition>

<Node id="26" bw="0" op_0_bw="0" op_1_bw="32" op_2_bw="32">
<![CDATA[
entry:9  call void @_ssdm_op_Write.ap_fifo.i32P(i32* %vconv_xlim_loc_out, i32 %vconv_xlim_loc_read)

]]></Node>
<StgValue><ssdm name=""/></StgValue>
</operation>
</state>

<state id="2" st_id="2">

<operation id="21" st_id="2" stage="1" lat="1">
<core>NULL</core>
<MemPortIdVec></MemPortIdVec>
<condition id="26">
<or_exp><and_exp></and_exp></or_exp>
</condition>

<Node id="27" bw="64" op_0_bw="32">
<![CDATA[
entry:10  %cast = zext i32 %height_read to i64

]]></Node>
<StgValue><ssdm name="cast"/></StgValue>
</operation>

<operation id="22" st_id="2" stage="1" lat="1">
<core>NULL</core>
<MemPortIdVec></MemPortIdVec>
<condition id="26">
<or_exp><and_exp></and_exp></or_exp>
</condition>

<Node id="28" bw="64" op_0_bw="32">
<![CDATA[
entry:11  %cast1 = zext i32 %vconv_xlim_loc_read to i64

]]></Node>
<StgValue><ssdm name="cast1"/></StgValue>
</operation>

<operation id="23" st_id="2" stage="3" lat="3">
<core>MulnS</core>
<MemPortIdVec></MemPortIdVec>
<condition id="26">
<or_exp><and_exp></and_exp></or_exp>
</condition>

<Node id="29" bw="64" op_0_bw="64" op_1_bw="64">
<![CDATA[
entry:12  %bound = mul i64 %cast1, %cast

]]></Node>
<StgValue><ssdm name="bound"/></StgValue>
</operation>
</state>

<state id="3" st_id="3">

<operation id="24" st_id="3" stage="2" lat="3">
<core>MulnS</core>
<MemPortIdVec></MemPortIdVec>
<condition id="27">
<or_exp><and_exp></and_exp></or_exp>
</condition>

<Node id="29" bw="64" op_0_bw="64" op_1_bw="64">
<![CDATA[
entry:12  %bound = mul i64 %cast1, %cast

]]></Node>
<StgValue><ssdm name="bound"/></StgValue>
</operation>
</state>

<state id="4" st_id="4">

<operation id="25" st_id="4" stage="1" lat="1">
<core>NULL</core>
<MemPortIdVec></MemPortIdVec>
<condition id="28">
<or_exp><and_exp></and_exp></or_exp>
</condition>

<Node id="17" bw="0" op_0_bw="0" op_1_bw="32" op_2_bw="0" op_3_bw="32" op_4_bw="32" op_5_bw="0" op_6_bw="32" op_7_bw="32" op_8_bw="0" op_9_bw="0" op_10_bw="0" op_11_bw="32" op_12_bw="32" op_13_bw="32" op_14_bw="32" op_15_bw="0" op_16_bw="0">
<![CDATA[
entry:0  call void (...)* @_ssdm_op_SpecInterface(i32* %vconv_V, [8 x i8]* @ap_fifo_str, i32 0, i32 0, [1 x i8]* @p_str, i32 0, i32 0, [1 x i8]* @p_str, [1 x i8]* @p_str, [1 x i8]* @p_str, i32 2, i32 2, i32 16, i32 16, [1 x i8]* @p_str, [1 x i8]* @p_str)

]]></Node>
<StgValue><ssdm name=""/></StgValue>
</operation>

<operation id="26" st_id="4" stage="1" lat="1">
<core>NULL</core>
<MemPortIdVec></MemPortIdVec>
<condition id="28">
<or_exp><and_exp></and_exp></or_exp>
</condition>

<Node id="18" bw="0" op_0_bw="0" op_1_bw="32" op_2_bw="0" op_3_bw="32" op_4_bw="32" op_5_bw="0" op_6_bw="32" op_7_bw="32" op_8_bw="0" op_9_bw="0" op_10_bw="0" op_11_bw="32" op_12_bw="32" op_13_bw="32" op_14_bw="32" op_15_bw="0" op_16_bw="0">
<![CDATA[
entry:1  call void (...)* @_ssdm_op_SpecInterface(i32* %hconv_V, [8 x i8]* @ap_fifo_str, i32 0, i32 0, [1 x i8]* @p_str, i32 0, i32 0, [1 x i8]* @p_str, [1 x i8]* @p_str, [1 x i8]* @p_str, i32 2, i32 2, i32 16, i32 16, [1 x i8]* @p_str, [1 x i8]* @p_str)

]]></Node>
<StgValue><ssdm name=""/></StgValue>
</operation>

<operation id="27" st_id="4" stage="1" lat="1">
<core>NULL</core>
<MemPortIdVec></MemPortIdVec>
<condition id="28">
<or_exp><and_exp></and_exp></or_exp>
</condition>

<Node id="19" bw="0" op_0_bw="0" op_1_bw="32" op_2_bw="0" op_3_bw="32" op_4_bw="32" op_5_bw="0" op_6_bw="32" op_7_bw="32" op_8_bw="0" op_9_bw="0" op_10_bw="0" op_11_bw="32" op_12_bw="32" op_13_bw="32" op_14_bw="32" op_15_bw="0" op_16_bw="0">
<![CDATA[
entry:2  call void (...)* @_ssdm_op_SpecInterface(i32* %vconv_xlim_loc, [8 x i8]* @ap_fifo_str, i32 0, i32 0, [1 x i8]* @p_str, i32 0, i32 0, [1 x i8]* @p_str, [1 x i8]* @p_str, [1 x i8]* @p_str, i32 2, i32 2, i32 16, i32 16, [1 x i8]* @p_str, [1 x i8]* @p_str)

]]></Node>
<StgValue><ssdm name=""/></StgValue>
</operation>

<operation id="28" st_id="4" stage="1" lat="1">
<core>NULL</core>
<MemPortIdVec></MemPortIdVec>
<condition id="28">
<or_exp><and_exp></and_exp></or_exp>
</condition>

<Node id="20" bw="0" op_0_bw="0" op_1_bw="32" op_2_bw="0" op_3_bw="32" op_4_bw="32" op_5_bw="0" op_6_bw="32" op_7_bw="32" op_8_bw="0" op_9_bw="0" op_10_bw="0" op_11_bw="32" op_12_bw="32" op_13_bw="32" op_14_bw="32" op_15_bw="0" op_16_bw="0">
<![CDATA[
entry:3  call void (...)* @_ssdm_op_SpecInterface(i32* %height, [8 x i8]* @ap_fifo_str, i32 0, i32 0, [1 x i8]* @p_str, i32 0, i32 0, [1 x i8]* @p_str, [1 x i8]* @p_str, [1 x i8]* @p_str, i32 2, i32 2, i32 16, i32 16, [1 x i8]* @p_str, [1 x i8]* @p_str)

]]></Node>
<StgValue><ssdm name=""/></StgValue>
</operation>

<operation id="29" st_id="4" stage="1" lat="1">
<core>NULL</core>
<MemPortIdVec></MemPortIdVec>
<condition id="28">
<or_exp><and_exp></and_exp></or_exp>
</condition>

<Node id="23" bw="0" op_0_bw="0" op_1_bw="32" op_2_bw="0" op_3_bw="32" op_4_bw="32" op_5_bw="0" op_6_bw="32" op_7_bw="32" op_8_bw="0" op_9_bw="0" op_10_bw="0" op_11_bw="32" op_12_bw="32" op_13_bw="32" op_14_bw="32" op_15_bw="0" op_16_bw="0">
<![CDATA[
entry:6  call void (...)* @_ssdm_op_SpecInterface(i32* %height_out, [8 x i8]* @ap_fifo_str, i32 0, i32 0, [1 x i8]* @p_str, i32 0, i32 0, [1 x i8]* @p_str, [1 x i8]* @p_str, [1 x i8]* @p_str, i32 2, i32 2, i32 16, i32 16, [1 x i8]* @p_str, [1 x i8]* @p_str)

]]></Node>
<StgValue><ssdm name=""/></StgValue>
</operation>

<operation id="30" st_id="4" stage="1" lat="1">
<core>NULL</core>
<MemPortIdVec></MemPortIdVec>
<condition id="28">
<or_exp><and_exp></and_exp></or_exp>
</condition>

<Node id="25" bw="0" op_0_bw="0" op_1_bw="32" op_2_bw="0" op_3_bw="32" op_4_bw="32" op_5_bw="0" op_6_bw="32" op_7_bw="32" op_8_bw="0" op_9_bw="0" op_10_bw="0" op_11_bw="32" op_12_bw="32" op_13_bw="32" op_14_bw="32" op_15_bw="0" op_16_bw="0">
<![CDATA[
entry:8  call void (...)* @_ssdm_op_SpecInterface(i32* %vconv_xlim_loc_out, [8 x i8]* @ap_fifo_str, i32 0, i32 0, [1 x i8]* @p_str, i32 0, i32 0, [1 x i8]* @p_str, [1 x i8]* @p_str, [1 x i8]* @p_str, i32 2, i32 2, i32 16, i32 16, [1 x i8]* @p_str, [1 x i8]* @p_str)

]]></Node>
<StgValue><ssdm name=""/></StgValue>
</operation>

<operation id="31" st_id="4" stage="1" lat="3">
<core>MulnS</core>
<MemPortIdVec></MemPortIdVec>
<condition id="28">
<or_exp><and_exp></and_exp></or_exp>
</condition>

<Node id="29" bw="64" op_0_bw="64" op_1_bw="64">
<![CDATA[
entry:12  %bound = mul i64 %cast1, %cast

]]></Node>
<StgValue><ssdm name="bound"/></StgValue>
</operation>

<operation id="32" st_id="4" stage="1" lat="1">
<core>NULL</core>
<MemPortIdVec></MemPortIdVec>
<condition id="28">
<or_exp><and_exp></and_exp></or_exp>
</condition>

<Node id="30" bw="0" op_0_bw="0">
<![CDATA[
entry:13  br label %0

]]></Node>
<StgValue><ssdm name=""/></StgValue>
</operation>
</state>

<state id="5" st_id="5">

<operation id="33" st_id="5" stage="1" lat="1">
<core>NULL</core>
<MemPortIdVec></MemPortIdVec>
<condition id="-1">
<or_exp><and_exp></and_exp></or_exp>
</condition>

<Node id="32" bw="64" op_0_bw="64" op_1_bw="0">
<![CDATA[
:0  %indvar_flatten = phi i64 [ 0, %entry ], [ %indvar_flatten_next, %._crit_edge8.i.i.i ]

]]></Node>
<StgValue><ssdm name="indvar_flatten"/></StgValue>
</operation>

<operation id="34" st_id="5" stage="1" lat="1">
<core>NULL</core>
<MemPortIdVec></MemPortIdVec>
<condition id="-1">
<or_exp><and_exp></and_exp></or_exp>
</condition>

<Node id="33" bw="31" op_0_bw="31" op_1_bw="0">
<![CDATA[
:1  %col1_0_i_i_i = phi i31 [ 0, %entry ], [ %col1_0_i_i_i_mid2, %._crit_edge8.i.i.i ]

]]></Node>
<StgValue><ssdm name="col1_0_i_i_i"/></StgValue>
</operation>

<operation id="35" st_id="5" stage="1" lat="1">
<core>NULL</core>
<MemPortIdVec></MemPortIdVec>
<condition id="-1">
<or_exp><and_exp></and_exp></or_exp>
</condition>

<Node id="34" bw="31" op_0_bw="31" op_1_bw="0">
<![CDATA[
:2  %row2_0_i_i_i = phi i31 [ 0, %entry ], [ %row, %._crit_edge8.i.i.i ]

]]></Node>
<StgValue><ssdm name="row2_0_i_i_i"/></StgValue>
</operation>

<operation id="36" st_id="5" stage="1" lat="1">
<core>NULL</core>
<MemPortIdVec></MemPortIdVec>
<condition id="-1">
<or_exp><and_exp></and_exp></or_exp>
</condition>

<Node id="35" bw="32" op_0_bw="31">
<![CDATA[
:3  %row2_0_i_cast_i_i = zext i31 %row2_0_i_i_i to i32

]]></Node>
<StgValue><ssdm name="row2_0_i_cast_i_i"/></StgValue>
</operation>

<operation id="37" st_id="5" stage="1" lat="1">
<core>Cmp</core>
<MemPortIdVec></MemPortIdVec>
<condition id="-1">
<or_exp><and_exp></and_exp></or_exp>
</condition>

<Node id="36" bw="1" op_0_bw="32" op_1_bw="32">
<![CDATA[
:4  %tmp_11_i_i = icmp slt i32 %row2_0_i_cast_i_i, %vconv_xlim_loc_read

]]></Node>
<StgValue><ssdm name="tmp_11_i_i"/></StgValue>
</operation>

<operation id="38" st_id="5" stage="1" lat="1">
<core>Cmp</core>
<MemPortIdVec></MemPortIdVec>
<condition id="-1">
<or_exp><and_exp></and_exp></or_exp>
</condition>

<Node id="37" bw="1" op_0_bw="64" op_1_bw="64">
<![CDATA[
:5  %exitcond_flatten = icmp eq i64 %indvar_flatten, %bound

]]></Node>
<StgValue><ssdm name="exitcond_flatten"/></StgValue>
</operation>

<operation id="39" st_id="5" stage="1" lat="1">
<core>AddSub</core>
<MemPortIdVec></MemPortIdVec>
<condition id="-1">
<or_exp><and_exp></and_exp></or_exp>
</condition>

<Node id="38" bw="64" op_0_bw="64" op_1_bw="64">
<![CDATA[
:6  %indvar_flatten_next = add i64 %indvar_flatten, 1

]]></Node>
<StgValue><ssdm name="indvar_flatten_next"/></StgValue>
</operation>

<operation id="40" st_id="5" stage="1" lat="1">
<core>NULL</core>
<MemPortIdVec></MemPortIdVec>
<condition id="-1">
<or_exp><and_exp></and_exp></or_exp>
</condition>

<Node id="39" bw="0" op_0_bw="1" op_1_bw="0" op_2_bw="0">
<![CDATA[
:7  br i1 %exitcond_flatten, label %.exit, label %.preheader24.i.i.i

]]></Node>
<StgValue><ssdm name=""/></StgValue>
</operation>

<operation id="41" st_id="5" stage="1" lat="1">
<core>Sel</core>
<MemPortIdVec></MemPortIdVec>
<condition id="0">
<or_exp><and_exp><literal name="exitcond_flatten" val="0"/>
</and_exp></or_exp>
</condition>

<Node id="42" bw="31" op_0_bw="1" op_1_bw="31" op_2_bw="31">
<![CDATA[
.preheader24.i.i.i:1  %row2_0_i_i_i_mid2 = select i1 %tmp_11_i_i, i31 %row2_0_i_i_i, i31 0

]]></Node>
<StgValue><ssdm name="row2_0_i_i_i_mid2"/></StgValue>
</operation>

<operation id="42" st_id="5" stage="1" lat="1">
<core>AddSub</core>
<MemPortIdVec></MemPortIdVec>
<condition id="0">
<or_exp><and_exp><literal name="exitcond_flatten" val="0"/>
</and_exp></or_exp>
</condition>

<Node id="43" bw="31" op_0_bw="31" op_1_bw="31">
<![CDATA[
.preheader24.i.i.i:2  %col = add i31 1, %col1_0_i_i_i

]]></Node>
<StgValue><ssdm name="col"/></StgValue>
</operation>

<operation id="43" st_id="5" stage="1" lat="1">
<core>Cmp</core>
<MemPortIdVec></MemPortIdVec>
<condition id="0">
<or_exp><and_exp><literal name="exitcond_flatten" val="0"/>
</and_exp></or_exp>
</condition>

<Node id="44" bw="1" op_0_bw="31" op_1_bw="31">
<![CDATA[
.preheader24.i.i.i:3  %tmp_8_i_i_mid1 = icmp ugt i31 %col, 9

]]></Node>
<StgValue><ssdm name="tmp_8_i_i_mid1"/></StgValue>
</operation>

<operation id="44" st_id="5" stage="1" lat="1">
<core>Cmp</core>
<MemPortIdVec></MemPortIdVec>
<condition id="0">
<or_exp><and_exp><literal name="exitcond_flatten" val="0"/>
</and_exp></or_exp>
</condition>

<Node id="45" bw="1" op_0_bw="31" op_1_bw="31">
<![CDATA[
.preheader24.i.i.i:4  %tmp_8_i_i = icmp ugt i31 %col1_0_i_i_i, 9

]]></Node>
<StgValue><ssdm name="tmp_8_i_i"/></StgValue>
</operation>

<operation id="45" st_id="5" stage="1" lat="1">
<core>Sel</core>
<MemPortIdVec></MemPortIdVec>
<condition id="0">
<or_exp><and_exp><literal name="exitcond_flatten" val="0"/>
</and_exp></or_exp>
</condition>

<Node id="47" bw="31" op_0_bw="1" op_1_bw="31" op_2_bw="31">
<![CDATA[
.preheader24.i.i.i:6  %col1_0_i_i_i_mid2 = select i1 %tmp_11_i_i, i31 %col1_0_i_i_i, i31 %col

]]></Node>
<StgValue><ssdm name="col1_0_i_i_i_mid2"/></StgValue>
</operation>

<operation id="46" st_id="5" stage="1" lat="1">
<core>AddSub</core>
<MemPortIdVec></MemPortIdVec>
<condition id="29">
<or_exp><and_exp><literal name="exitcond_flatten" val="0"/>
</and_exp></or_exp>
</condition>

<Node id="114" bw="31" op_0_bw="31" op_1_bw="31">
<![CDATA[
._crit_edge8.i.i.i:1  %row = add i31 %row2_0_i_i_i_mid2, 1

]]></Node>
<StgValue><ssdm name="row"/></StgValue>
</operation>
</state>

<state id="6" st_id="6">

<operation id="47" st_id="6" stage="1" lat="1">
<core>Sel</core>
<MemPortIdVec></MemPortIdVec>
<condition id="0">
<or_exp><and_exp><literal name="exitcond_flatten" val="0"/>
</and_exp></or_exp>
</condition>

<Node id="46" bw="1" op_0_bw="1" op_1_bw="1" op_2_bw="1">
<![CDATA[
.preheader24.i.i.i:5  %tmp_8_i_i_mid2 = select i1 %tmp_11_i_i, i1 %tmp_8_i_i, i1 %tmp_8_i_i_mid1

]]></Node>
<StgValue><ssdm name="tmp_8_i_i_mid2"/></StgValue>
</operation>

<operation id="48" st_id="6" stage="1" lat="1">
<core>NULL</core>
<MemPortIdVec></MemPortIdVec>
<condition id="0">
<or_exp><and_exp><literal name="exitcond_flatten" val="0"/>
</and_exp></or_exp>
</condition>

<Node id="52" bw="64" op_0_bw="31">
<![CDATA[
.preheader24.i.i.i:11  %tmp_16_i_i = zext i31 %row2_0_i_i_i_mid2 to i64

]]></Node>
<StgValue><ssdm name="tmp_16_i_i"/></StgValue>
</operation>

<operation id="49" st_id="6" stage="1" lat="1">
<core>NULL</core>
<MemPortIdVec></MemPortIdVec>
<condition id="0">
<or_exp><and_exp><literal name="exitcond_flatten" val="0"/>
</and_exp></or_exp>
</condition>

<Node id="85" bw="11" op_0_bw="32" op_1_bw="64" op_2_bw="64">
<![CDATA[
.preheader24.i.i.i:44  %linebuf_8_addr = getelementptr [1920 x i32]* @linebuf_8, i64 0, i64 %tmp_16_i_i

]]></Node>
<StgValue><ssdm name="linebuf_8_addr"/></StgValue>
</operation>

<operation id="50" st_id="6" stage="2" lat="2">
<core>RAM</core>
<MemPortIdVec></MemPortIdVec>
<condition id="0">
<or_exp><and_exp><literal name="exitcond_flatten" val="0"/>
</and_exp></or_exp>
</condition>

<Node id="86" bw="32" op_0_bw="11">
<![CDATA[
.preheader24.i.i.i:45  %linebuf_8_load = load i32* %linebuf_8_addr, align 4

]]></Node>
<StgValue><ssdm name="linebuf_8_load"/></StgValue>
</operation>

<operation id="51" st_id="6" stage="1" lat="1">
<core>NULL</core>
<MemPortIdVec></MemPortIdVec>
<condition id="0">
<or_exp><and_exp><literal name="exitcond_flatten" val="0"/>
</and_exp></or_exp>
</condition>

<Node id="89" bw="11" op_0_bw="32" op_1_bw="64" op_2_bw="64">
<![CDATA[
.preheader24.i.i.i:48  %linebuf_9_addr = getelementptr [1920 x i32]* @linebuf_9, i64 0, i64 %tmp_16_i_i

]]></Node>
<StgValue><ssdm name="linebuf_9_addr"/></StgValue>
</operation>

<operation id="52" st_id="6" stage="2" lat="2">
<core>RAM</core>
<MemPortIdVec></MemPortIdVec>
<condition id="0">
<or_exp><and_exp><literal name="exitcond_flatten" val="0"/>
</and_exp></or_exp>
</condition>

<Node id="90" bw="32" op_0_bw="11">
<![CDATA[
.preheader24.i.i.i:49  %linebuf_9_load = load i32* %linebuf_9_addr, align 4

]]></Node>
<StgValue><ssdm name="linebuf_9_load"/></StgValue>
</operation>

<operation id="53" st_id="6" stage="1" lat="1">
<core>NULL</core>
<MemPortIdVec></MemPortIdVec>
<condition id="0">
<or_exp><and_exp><literal name="exitcond_flatten" val="0"/>
</and_exp></or_exp>
</condition>

<Node id="108" bw="0" op_0_bw="1" op_1_bw="0" op_2_bw="0">
<![CDATA[
.preheader24.i.i.i:67  br i1 %tmp_8_i_i_mid2, label %1, label %._crit_edge8.i.i.i

]]></Node>
<StgValue><ssdm name=""/></StgValue>
</operation>
</state>

<state id="7" st_id="7">

<operation id="54" st_id="7" stage="1" lat="1">
<core>NULL</core>
<MemPortIdVec></MemPortIdVec>
<condition id="0">
<or_exp><and_exp><literal name="exitcond_flatten" val="0"/>
</and_exp></or_exp>
</condition>

<Node id="53" bw="11" op_0_bw="32" op_1_bw="64" op_2_bw="64">
<![CDATA[
.preheader24.i.i.i:12  %linebuf_0_addr = getelementptr [1920 x i32]* @linebuf_0, i64 0, i64 %tmp_16_i_i

]]></Node>
<StgValue><ssdm name="linebuf_0_addr"/></StgValue>
</operation>

<operation id="55" st_id="7" stage="1" lat="1">
<core>NULL</core>
<MemPortIdVec></MemPortIdVec>
<condition id="0">
<or_exp><and_exp><literal name="exitcond_flatten" val="0"/>
</and_exp></or_exp>
</condition>

<Node id="57" bw="11" op_0_bw="32" op_1_bw="64" op_2_bw="64">
<![CDATA[
.preheader24.i.i.i:16  %linebuf_1_addr = getelementptr [1920 x i32]* @linebuf_1, i64 0, i64 %tmp_16_i_i

]]></Node>
<StgValue><ssdm name="linebuf_1_addr"/></StgValue>
</operation>

<operation id="56" st_id="7" stage="1" lat="1">
<core>NULL</core>
<MemPortIdVec></MemPortIdVec>
<condition id="0">
<or_exp><and_exp><literal name="exitcond_flatten" val="0"/>
</and_exp></or_exp>
</condition>

<Node id="61" bw="11" op_0_bw="32" op_1_bw="64" op_2_bw="64">
<![CDATA[
.preheader24.i.i.i:20  %linebuf_2_addr = getelementptr [1920 x i32]* @linebuf_2, i64 0, i64 %tmp_16_i_i

]]></Node>
<StgValue><ssdm name="linebuf_2_addr"/></StgValue>
</operation>

<operation id="57" st_id="7" stage="1" lat="1">
<core>NULL</core>
<MemPortIdVec></MemPortIdVec>
<condition id="0">
<or_exp><and_exp><literal name="exitcond_flatten" val="0"/>
</and_exp></or_exp>
</condition>

<Node id="65" bw="11" op_0_bw="32" op_1_bw="64" op_2_bw="64">
<![CDATA[
.preheader24.i.i.i:24  %linebuf_3_addr = getelementptr [1920 x i32]* @linebuf_3, i64 0, i64 %tmp_16_i_i

]]></Node>
<StgValue><ssdm name="linebuf_3_addr"/></StgValue>
</operation>

<operation id="58" st_id="7" stage="1" lat="1">
<core>NULL</core>
<MemPortIdVec></MemPortIdVec>
<condition id="0">
<or_exp><and_exp><literal name="exitcond_flatten" val="0"/>
</and_exp></or_exp>
</condition>

<Node id="69" bw="11" op_0_bw="32" op_1_bw="64" op_2_bw="64">
<![CDATA[
.preheader24.i.i.i:28  %linebuf_4_addr = getelementptr [1920 x i32]* @linebuf_4, i64 0, i64 %tmp_16_i_i

]]></Node>
<StgValue><ssdm name="linebuf_4_addr"/></StgValue>
</operation>

<operation id="59" st_id="7" stage="2" lat="2">
<core>RAM</core>
<MemPortIdVec></MemPortIdVec>
<condition id="0">
<or_exp><and_exp><literal name="exitcond_flatten" val="0"/>
</and_exp></or_exp>
</condition>

<Node id="70" bw="32" op_0_bw="11">
<![CDATA[
.preheader24.i.i.i:29  %linebuf_4_load = load i32* %linebuf_4_addr, align 4

]]></Node>
<StgValue><ssdm name="linebuf_4_load"/></StgValue>
</operation>

<operation id="60" st_id="7" stage="1" lat="1">
<core>NULL</core>
<MemPortIdVec></MemPortIdVec>
<condition id="0">
<or_exp><and_exp><literal name="exitcond_flatten" val="0"/>
</and_exp></or_exp>
</condition>

<Node id="73" bw="11" op_0_bw="32" op_1_bw="64" op_2_bw="64">
<![CDATA[
.preheader24.i.i.i:32  %linebuf_5_addr = getelementptr [1920 x i32]* @linebuf_5, i64 0, i64 %tmp_16_i_i

]]></Node>
<StgValue><ssdm name="linebuf_5_addr"/></StgValue>
</operation>

<operation id="61" st_id="7" stage="2" lat="2">
<core>RAM</core>
<MemPortIdVec></MemPortIdVec>
<condition id="0">
<or_exp><and_exp><literal name="exitcond_flatten" val="0"/>
</and_exp></or_exp>
</condition>

<Node id="74" bw="32" op_0_bw="11">
<![CDATA[
.preheader24.i.i.i:33  %linebuf_5_load = load i32* %linebuf_5_addr, align 4

]]></Node>
<StgValue><ssdm name="linebuf_5_load"/></StgValue>
</operation>

<operation id="62" st_id="7" stage="1" lat="1">
<core>NULL</core>
<MemPortIdVec></MemPortIdVec>
<condition id="0">
<or_exp><and_exp><literal name="exitcond_flatten" val="0"/>
</and_exp></or_exp>
</condition>

<Node id="77" bw="11" op_0_bw="32" op_1_bw="64" op_2_bw="64">
<![CDATA[
.preheader24.i.i.i:36  %linebuf_6_addr = getelementptr [1920 x i32]* @linebuf_6, i64 0, i64 %tmp_16_i_i

]]></Node>
<StgValue><ssdm name="linebuf_6_addr"/></StgValue>
</operation>

<operation id="63" st_id="7" stage="2" lat="2">
<core>RAM</core>
<MemPortIdVec></MemPortIdVec>
<condition id="0">
<or_exp><and_exp><literal name="exitcond_flatten" val="0"/>
</and_exp></or_exp>
</condition>

<Node id="78" bw="32" op_0_bw="11">
<![CDATA[
.preheader24.i.i.i:37  %linebuf_6_load = load i32* %linebuf_6_addr, align 4

]]></Node>
<StgValue><ssdm name="linebuf_6_load"/></StgValue>
</operation>

<operation id="64" st_id="7" stage="1" lat="1">
<core>NULL</core>
<MemPortIdVec></MemPortIdVec>
<condition id="0">
<or_exp><and_exp><literal name="exitcond_flatten" val="0"/>
</and_exp></or_exp>
</condition>

<Node id="81" bw="11" op_0_bw="32" op_1_bw="64" op_2_bw="64">
<![CDATA[
.preheader24.i.i.i:40  %linebuf_7_addr = getelementptr [1920 x i32]* @linebuf_7, i64 0, i64 %tmp_16_i_i

]]></Node>
<StgValue><ssdm name="linebuf_7_addr"/></StgValue>
</operation>

<operation id="65" st_id="7" stage="2" lat="2">
<core>RAM</core>
<MemPortIdVec></MemPortIdVec>
<condition id="0">
<or_exp><and_exp><literal name="exitcond_flatten" val="0"/>
</and_exp></or_exp>
</condition>

<Node id="82" bw="32" op_0_bw="11">
<![CDATA[
.preheader24.i.i.i:41  %linebuf_7_load = load i32* %linebuf_7_addr, align 4

]]></Node>
<StgValue><ssdm name="linebuf_7_load"/></StgValue>
</operation>

<operation id="66" st_id="7" stage="1" lat="2">
<core>RAM</core>
<MemPortIdVec></MemPortIdVec>
<condition id="0">
<or_exp><and_exp><literal name="exitcond_flatten" val="0"/>
</and_exp></or_exp>
</condition>

<Node id="86" bw="32" op_0_bw="11">
<![CDATA[
.preheader24.i.i.i:45  %linebuf_8_load = load i32* %linebuf_8_addr, align 4

]]></Node>
<StgValue><ssdm name="linebuf_8_load"/></StgValue>
</operation>

<operation id="67" st_id="7" stage="1" lat="2">
<core>RAM</core>
<MemPortIdVec></MemPortIdVec>
<condition id="0">
<or_exp><and_exp><literal name="exitcond_flatten" val="0"/>
</and_exp></or_exp>
</condition>

<Node id="90" bw="32" op_0_bw="11">
<![CDATA[
.preheader24.i.i.i:49  %linebuf_9_load = load i32* %linebuf_9_addr, align 4

]]></Node>
<StgValue><ssdm name="linebuf_9_load"/></StgValue>
</operation>
</state>

<state id="8" st_id="8">

<operation id="68" st_id="8" stage="2" lat="2">
<core>RAM</core>
<MemPortIdVec></MemPortIdVec>
<condition id="0">
<or_exp><and_exp><literal name="exitcond_flatten" val="0"/>
</and_exp></or_exp>
</condition>

<Node id="58" bw="32" op_0_bw="11">
<![CDATA[
.preheader24.i.i.i:17  %linebuf_1_load = load i32* %linebuf_1_addr, align 4

]]></Node>
<StgValue><ssdm name="linebuf_1_load"/></StgValue>
</operation>

<operation id="69" st_id="8" stage="2" lat="2">
<core>RAM</core>
<MemPortIdVec></MemPortIdVec>
<condition id="0">
<or_exp><and_exp><literal name="exitcond_flatten" val="0"/>
</and_exp></or_exp>
</condition>

<Node id="62" bw="32" op_0_bw="11">
<![CDATA[
.preheader24.i.i.i:21  %linebuf_2_load = load i32* %linebuf_2_addr, align 4

]]></Node>
<StgValue><ssdm name="linebuf_2_load"/></StgValue>
</operation>

<operation id="70" st_id="8" stage="2" lat="2">
<core>RAM</core>
<MemPortIdVec></MemPortIdVec>
<condition id="0">
<or_exp><and_exp><literal name="exitcond_flatten" val="0"/>
</and_exp></or_exp>
</condition>

<Node id="66" bw="32" op_0_bw="11">
<![CDATA[
.preheader24.i.i.i:25  %linebuf_3_load = load i32* %linebuf_3_addr, align 4

]]></Node>
<StgValue><ssdm name="linebuf_3_load"/></StgValue>
</operation>

<operation id="71" st_id="8" stage="1" lat="2">
<core>RAM</core>
<MemPortIdVec></MemPortIdVec>
<condition id="0">
<or_exp><and_exp><literal name="exitcond_flatten" val="0"/>
</and_exp></or_exp>
</condition>

<Node id="70" bw="32" op_0_bw="11">
<![CDATA[
.preheader24.i.i.i:29  %linebuf_4_load = load i32* %linebuf_4_addr, align 4

]]></Node>
<StgValue><ssdm name="linebuf_4_load"/></StgValue>
</operation>

<operation id="72" st_id="8" stage="1" lat="2">
<core>RAM</core>
<MemPortIdVec></MemPortIdVec>
<condition id="0">
<or_exp><and_exp><literal name="exitcond_flatten" val="0"/>
</and_exp></or_exp>
</condition>

<Node id="74" bw="32" op_0_bw="11">
<![CDATA[
.preheader24.i.i.i:33  %linebuf_5_load = load i32* %linebuf_5_addr, align 4

]]></Node>
<StgValue><ssdm name="linebuf_5_load"/></StgValue>
</operation>

<operation id="73" st_id="8" stage="1" lat="2">
<core>RAM</core>
<MemPortIdVec></MemPortIdVec>
<condition id="0">
<or_exp><and_exp><literal name="exitcond_flatten" val="0"/>
</and_exp></or_exp>
</condition>

<Node id="78" bw="32" op_0_bw="11">
<![CDATA[
.preheader24.i.i.i:37  %linebuf_6_load = load i32* %linebuf_6_addr, align 4

]]></Node>
<StgValue><ssdm name="linebuf_6_load"/></StgValue>
</operation>

<operation id="74" st_id="8" stage="1" lat="2">
<core>RAM</core>
<MemPortIdVec></MemPortIdVec>
<condition id="0">
<or_exp><and_exp><literal name="exitcond_flatten" val="0"/>
</and_exp></or_exp>
</condition>

<Node id="82" bw="32" op_0_bw="11">
<![CDATA[
.preheader24.i.i.i:41  %linebuf_7_load = load i32* %linebuf_7_addr, align 4

]]></Node>
<StgValue><ssdm name="linebuf_7_load"/></StgValue>
</operation>

<operation id="75" st_id="8" stage="3" lat="3">
<core>MulnS</core>
<MemPortIdVec></MemPortIdVec>
<condition id="0">
<or_exp><and_exp><literal name="exitcond_flatten" val="0"/>
</and_exp></or_exp>
</condition>

<Node id="87" bw="32" op_0_bw="32" op_1_bw="32">
<![CDATA[
.preheader24.i.i.i:46  %tmp_30_8_i_i = mul i32 266, %linebuf_8_load

]]></Node>
<StgValue><ssdm name="tmp_30_8_i_i"/></StgValue>
</operation>

<operation id="76" st_id="8" stage="1" lat="1">
<core>RAM</core>
<MemPortIdVec></MemPortIdVec>
<condition id="0">
<or_exp><and_exp><literal name="exitcond_flatten" val="0"/>
</and_exp></or_exp>
</condition>

<Node id="88" bw="0" op_0_bw="32" op_1_bw="11">
<![CDATA[
.preheader24.i.i.i:47  store i32 %linebuf_8_load, i32* %linebuf_7_addr, align 4

]]></Node>
<StgValue><ssdm name=""/></StgValue>
</operation>

<operation id="77" st_id="8" stage="3" lat="3">
<core>MulnS</core>
<MemPortIdVec></MemPortIdVec>
<condition id="0">
<or_exp><and_exp><literal name="exitcond_flatten" val="0"/>
</and_exp></or_exp>
</condition>

<Node id="91" bw="32" op_0_bw="32" op_1_bw="32">
<![CDATA[
.preheader24.i.i.i:50  %tmp_30_9_i_i = mul i32 111, %linebuf_9_load

]]></Node>
<StgValue><ssdm name="tmp_30_9_i_i"/></StgValue>
</operation>

<operation id="78" st_id="8" stage="1" lat="1">
<core>RAM</core>
<MemPortIdVec></MemPortIdVec>
<condition id="0">
<or_exp><and_exp><literal name="exitcond_flatten" val="0"/>
</and_exp></or_exp>
</condition>

<Node id="92" bw="0" op_0_bw="32" op_1_bw="11">
<![CDATA[
.preheader24.i.i.i:51  store i32 %linebuf_9_load, i32* %linebuf_8_addr, align 4

]]></Node>
<StgValue><ssdm name=""/></StgValue>
</operation>
</state>

<state id="9" st_id="9">

<operation id="79" st_id="9" stage="2" lat="2">
<core>RAM</core>
<MemPortIdVec></MemPortIdVec>
<condition id="0">
<or_exp><and_exp><literal name="exitcond_flatten" val="0"/>
</and_exp></or_exp>
</condition>

<Node id="54" bw="32" op_0_bw="11">
<![CDATA[
.preheader24.i.i.i:13  %linebuf_0_load = load i32* %linebuf_0_addr, align 4

]]></Node>
<StgValue><ssdm name="linebuf_0_load"/></StgValue>
</operation>

<operation id="80" st_id="9" stage="1" lat="2">
<core>RAM</core>
<MemPortIdVec></MemPortIdVec>
<condition id="0">
<or_exp><and_exp><literal name="exitcond_flatten" val="0"/>
</and_exp></or_exp>
</condition>

<Node id="58" bw="32" op_0_bw="11">
<![CDATA[
.preheader24.i.i.i:17  %linebuf_1_load = load i32* %linebuf_1_addr, align 4

]]></Node>
<StgValue><ssdm name="linebuf_1_load"/></StgValue>
</operation>

<operation id="81" st_id="9" stage="1" lat="2">
<core>RAM</core>
<MemPortIdVec></MemPortIdVec>
<condition id="0">
<or_exp><and_exp><literal name="exitcond_flatten" val="0"/>
</and_exp></or_exp>
</condition>

<Node id="62" bw="32" op_0_bw="11">
<![CDATA[
.preheader24.i.i.i:21  %linebuf_2_load = load i32* %linebuf_2_addr, align 4

]]></Node>
<StgValue><ssdm name="linebuf_2_load"/></StgValue>
</operation>

<operation id="82" st_id="9" stage="1" lat="2">
<core>RAM</core>
<MemPortIdVec></MemPortIdVec>
<condition id="0">
<or_exp><and_exp><literal name="exitcond_flatten" val="0"/>
</and_exp></or_exp>
</condition>

<Node id="66" bw="32" op_0_bw="11">
<![CDATA[
.preheader24.i.i.i:25  %linebuf_3_load = load i32* %linebuf_3_addr, align 4

]]></Node>
<StgValue><ssdm name="linebuf_3_load"/></StgValue>
</operation>

<operation id="83" st_id="9" stage="3" lat="3">
<core>MulnS</core>
<MemPortIdVec></MemPortIdVec>
<condition id="0">
<or_exp><and_exp><literal name="exitcond_flatten" val="0"/>
</and_exp></or_exp>
</condition>

<Node id="71" bw="32" op_0_bw="32" op_1_bw="32">
<![CDATA[
.preheader24.i.i.i:30  %tmp_30_4_i_i = mul i32 724, %linebuf_4_load

]]></Node>
<StgValue><ssdm name="tmp_30_4_i_i"/></StgValue>
</operation>

<operation id="84" st_id="9" stage="1" lat="1">
<core>RAM</core>
<MemPortIdVec></MemPortIdVec>
<condition id="0">
<or_exp><and_exp><literal name="exitcond_flatten" val="0"/>
</and_exp></or_exp>
</condition>

<Node id="72" bw="0" op_0_bw="32" op_1_bw="11">
<![CDATA[
.preheader24.i.i.i:31  store i32 %linebuf_4_load, i32* %linebuf_3_addr, align 4

]]></Node>
<StgValue><ssdm name=""/></StgValue>
</operation>

<operation id="85" st_id="9" stage="3" lat="3">
<core>MulnS</core>
<MemPortIdVec></MemPortIdVec>
<condition id="0">
<or_exp><and_exp><literal name="exitcond_flatten" val="0"/>
</and_exp></or_exp>
</condition>

<Node id="75" bw="32" op_0_bw="32" op_1_bw="32">
<![CDATA[
.preheader24.i.i.i:34  %tmp_30_5_i_i = mul i32 821, %linebuf_5_load

]]></Node>
<StgValue><ssdm name="tmp_30_5_i_i"/></StgValue>
</operation>

<operation id="86" st_id="9" stage="1" lat="1">
<core>RAM</core>
<MemPortIdVec></MemPortIdVec>
<condition id="0">
<or_exp><and_exp><literal name="exitcond_flatten" val="0"/>
</and_exp></or_exp>
</condition>

<Node id="76" bw="0" op_0_bw="32" op_1_bw="11">
<![CDATA[
.preheader24.i.i.i:35  store i32 %linebuf_5_load, i32* %linebuf_4_addr, align 4

]]></Node>
<StgValue><ssdm name=""/></StgValue>
</operation>

<operation id="87" st_id="9" stage="3" lat="3">
<core>MulnS</core>
<MemPortIdVec></MemPortIdVec>
<condition id="0">
<or_exp><and_exp><literal name="exitcond_flatten" val="0"/>
</and_exp></or_exp>
</condition>

<Node id="79" bw="32" op_0_bw="32" op_1_bw="32">
<![CDATA[
.preheader24.i.i.i:38  %tmp_30_6_i_i = mul i32 724, %linebuf_6_load

]]></Node>
<StgValue><ssdm name="tmp_30_6_i_i"/></StgValue>
</operation>

<operation id="88" st_id="9" stage="1" lat="1">
<core>RAM</core>
<MemPortIdVec></MemPortIdVec>
<condition id="0">
<or_exp><and_exp><literal name="exitcond_flatten" val="0"/>
</and_exp></or_exp>
</condition>

<Node id="80" bw="0" op_0_bw="32" op_1_bw="11">
<![CDATA[
.preheader24.i.i.i:39  store i32 %linebuf_6_load, i32* %linebuf_5_addr, align 4

]]></Node>
<StgValue><ssdm name=""/></StgValue>
</operation>

<operation id="89" st_id="9" stage="3" lat="3">
<core>MulnS</core>
<MemPortIdVec></MemPortIdVec>
<condition id="0">
<or_exp><and_exp><literal name="exitcond_flatten" val="0"/>
</and_exp></or_exp>
</condition>

<Node id="83" bw="32" op_0_bw="32" op_1_bw="32">
<![CDATA[
.preheader24.i.i.i:42  %tmp_30_7_i_i = mul i32 498, %linebuf_7_load

]]></Node>
<StgValue><ssdm name="tmp_30_7_i_i"/></StgValue>
</operation>

<operation id="90" st_id="9" stage="1" lat="1">
<core>RAM</core>
<MemPortIdVec></MemPortIdVec>
<condition id="0">
<or_exp><and_exp><literal name="exitcond_flatten" val="0"/>
</and_exp></or_exp>
</condition>

<Node id="84" bw="0" op_0_bw="32" op_1_bw="11">
<![CDATA[
.preheader24.i.i.i:43  store i32 %linebuf_7_load, i32* %linebuf_6_addr, align 4

]]></Node>
<StgValue><ssdm name=""/></StgValue>
</operation>

<operation id="91" st_id="9" stage="2" lat="3">
<core>MulnS</core>
<MemPortIdVec></MemPortIdVec>
<condition id="0">
<or_exp><and_exp><literal name="exitcond_flatten" val="0"/>
</and_exp></or_exp>
</condition>

<Node id="87" bw="32" op_0_bw="32" op_1_bw="32">
<![CDATA[
.preheader24.i.i.i:46  %tmp_30_8_i_i = mul i32 266, %linebuf_8_load

]]></Node>
<StgValue><ssdm name="tmp_30_8_i_i"/></StgValue>
</operation>

<operation id="92" st_id="9" stage="2" lat="3">
<core>MulnS</core>
<MemPortIdVec></MemPortIdVec>
<condition id="0">
<or_exp><and_exp><literal name="exitcond_flatten" val="0"/>
</and_exp></or_exp>
</condition>

<Node id="91" bw="32" op_0_bw="32" op_1_bw="32">
<![CDATA[
.preheader24.i.i.i:50  %tmp_30_9_i_i = mul i32 111, %linebuf_9_load

]]></Node>
<StgValue><ssdm name="tmp_30_9_i_i"/></StgValue>
</operation>
</state>

<state id="10" st_id="10">

<operation id="93" st_id="10" stage="1" lat="2">
<core>RAM</core>
<MemPortIdVec></MemPortIdVec>
<condition id="0">
<or_exp><and_exp><literal name="exitcond_flatten" val="0"/>
</and_exp></or_exp>
</condition>

<Node id="54" bw="32" op_0_bw="11">
<![CDATA[
.preheader24.i.i.i:13  %linebuf_0_load = load i32* %linebuf_0_addr, align 4

]]></Node>
<StgValue><ssdm name="linebuf_0_load"/></StgValue>
</operation>

<operation id="94" st_id="10" stage="3" lat="3">
<core>MulnS</core>
<MemPortIdVec></MemPortIdVec>
<condition id="0">
<or_exp><and_exp><literal name="exitcond_flatten" val="0"/>
</and_exp></or_exp>
</condition>

<Node id="59" bw="32" op_0_bw="32" op_1_bw="32">
<![CDATA[
.preheader24.i.i.i:18  %tmp_30_1_i_i = mul i32 111, %linebuf_1_load

]]></Node>
<StgValue><ssdm name="tmp_30_1_i_i"/></StgValue>
</operation>

<operation id="95" st_id="10" stage="1" lat="1">
<core>RAM</core>
<MemPortIdVec></MemPortIdVec>
<condition id="0">
<or_exp><and_exp><literal name="exitcond_flatten" val="0"/>
</and_exp></or_exp>
</condition>

<Node id="60" bw="0" op_0_bw="32" op_1_bw="11">
<![CDATA[
.preheader24.i.i.i:19  store i32 %linebuf_1_load, i32* %linebuf_0_addr, align 4

]]></Node>
<StgValue><ssdm name=""/></StgValue>
</operation>

<operation id="96" st_id="10" stage="3" lat="3">
<core>MulnS</core>
<MemPortIdVec></MemPortIdVec>
<condition id="0">
<or_exp><and_exp><literal name="exitcond_flatten" val="0"/>
</and_exp></or_exp>
</condition>

<Node id="63" bw="32" op_0_bw="32" op_1_bw="32">
<![CDATA[
.preheader24.i.i.i:22  %tmp_30_2_i_i = mul i32 266, %linebuf_2_load

]]></Node>
<StgValue><ssdm name="tmp_30_2_i_i"/></StgValue>
</operation>

<operation id="97" st_id="10" stage="1" lat="1">
<core>RAM</core>
<MemPortIdVec></MemPortIdVec>
<condition id="0">
<or_exp><and_exp><literal name="exitcond_flatten" val="0"/>
</and_exp></or_exp>
</condition>

<Node id="64" bw="0" op_0_bw="32" op_1_bw="11">
<![CDATA[
.preheader24.i.i.i:23  store i32 %linebuf_2_load, i32* %linebuf_1_addr, align 4

]]></Node>
<StgValue><ssdm name=""/></StgValue>
</operation>

<operation id="98" st_id="10" stage="3" lat="3">
<core>MulnS</core>
<MemPortIdVec></MemPortIdVec>
<condition id="0">
<or_exp><and_exp><literal name="exitcond_flatten" val="0"/>
</and_exp></or_exp>
</condition>

<Node id="67" bw="32" op_0_bw="32" op_1_bw="32">
<![CDATA[
.preheader24.i.i.i:26  %tmp_30_3_i_i = mul i32 498, %linebuf_3_load

]]></Node>
<StgValue><ssdm name="tmp_30_3_i_i"/></StgValue>
</operation>

<operation id="99" st_id="10" stage="1" lat="1">
<core>RAM</core>
<MemPortIdVec></MemPortIdVec>
<condition id="0">
<or_exp><and_exp><literal name="exitcond_flatten" val="0"/>
</and_exp></or_exp>
</condition>

<Node id="68" bw="0" op_0_bw="32" op_1_bw="11">
<![CDATA[
.preheader24.i.i.i:27  store i32 %linebuf_3_load, i32* %linebuf_2_addr, align 4

]]></Node>
<StgValue><ssdm name=""/></StgValue>
</operation>

<operation id="100" st_id="10" stage="2" lat="3">
<core>MulnS</core>
<MemPortIdVec></MemPortIdVec>
<condition id="0">
<or_exp><and_exp><literal name="exitcond_flatten" val="0"/>
</and_exp></or_exp>
</condition>

<Node id="71" bw="32" op_0_bw="32" op_1_bw="32">
<![CDATA[
.preheader24.i.i.i:30  %tmp_30_4_i_i = mul i32 724, %linebuf_4_load

]]></Node>
<StgValue><ssdm name="tmp_30_4_i_i"/></StgValue>
</operation>

<operation id="101" st_id="10" stage="2" lat="3">
<core>MulnS</core>
<MemPortIdVec></MemPortIdVec>
<condition id="0">
<or_exp><and_exp><literal name="exitcond_flatten" val="0"/>
</and_exp></or_exp>
</condition>

<Node id="75" bw="32" op_0_bw="32" op_1_bw="32">
<![CDATA[
.preheader24.i.i.i:34  %tmp_30_5_i_i = mul i32 821, %linebuf_5_load

]]></Node>
<StgValue><ssdm name="tmp_30_5_i_i"/></StgValue>
</operation>

<operation id="102" st_id="10" stage="2" lat="3">
<core>MulnS</core>
<MemPortIdVec></MemPortIdVec>
<condition id="0">
<or_exp><and_exp><literal name="exitcond_flatten" val="0"/>
</and_exp></or_exp>
</condition>

<Node id="79" bw="32" op_0_bw="32" op_1_bw="32">
<![CDATA[
.preheader24.i.i.i:38  %tmp_30_6_i_i = mul i32 724, %linebuf_6_load

]]></Node>
<StgValue><ssdm name="tmp_30_6_i_i"/></StgValue>
</operation>

<operation id="103" st_id="10" stage="2" lat="3">
<core>MulnS</core>
<MemPortIdVec></MemPortIdVec>
<condition id="0">
<or_exp><and_exp><literal name="exitcond_flatten" val="0"/>
</and_exp></or_exp>
</condition>

<Node id="83" bw="32" op_0_bw="32" op_1_bw="32">
<![CDATA[
.preheader24.i.i.i:42  %tmp_30_7_i_i = mul i32 498, %linebuf_7_load

]]></Node>
<StgValue><ssdm name="tmp_30_7_i_i"/></StgValue>
</operation>

<operation id="104" st_id="10" stage="1" lat="3">
<core>MulnS</core>
<MemPortIdVec></MemPortIdVec>
<condition id="0">
<or_exp><and_exp><literal name="exitcond_flatten" val="0"/>
</and_exp></or_exp>
</condition>

<Node id="87" bw="32" op_0_bw="32" op_1_bw="32">
<![CDATA[
.preheader24.i.i.i:46  %tmp_30_8_i_i = mul i32 266, %linebuf_8_load

]]></Node>
<StgValue><ssdm name="tmp_30_8_i_i"/></StgValue>
</operation>

<operation id="105" st_id="10" stage="1" lat="3">
<core>MulnS</core>
<MemPortIdVec></MemPortIdVec>
<condition id="0">
<or_exp><and_exp><literal name="exitcond_flatten" val="0"/>
</and_exp></or_exp>
</condition>

<Node id="91" bw="32" op_0_bw="32" op_1_bw="32">
<![CDATA[
.preheader24.i.i.i:50  %tmp_30_9_i_i = mul i32 111, %linebuf_9_load

]]></Node>
<StgValue><ssdm name="tmp_30_9_i_i"/></StgValue>
</operation>
</state>

<state id="11" st_id="11">

<operation id="106" st_id="11" stage="2" lat="3">
<core>MulnS</core>
<MemPortIdVec></MemPortIdVec>
<condition id="0">
<or_exp><and_exp><literal name="exitcond_flatten" val="0"/>
</and_exp></or_exp>
</condition>

<Node id="59" bw="32" op_0_bw="32" op_1_bw="32">
<![CDATA[
.preheader24.i.i.i:18  %tmp_30_1_i_i = mul i32 111, %linebuf_1_load

]]></Node>
<StgValue><ssdm name="tmp_30_1_i_i"/></StgValue>
</operation>

<operation id="107" st_id="11" stage="2" lat="3">
<core>MulnS</core>
<MemPortIdVec></MemPortIdVec>
<condition id="0">
<or_exp><and_exp><literal name="exitcond_flatten" val="0"/>
</and_exp></or_exp>
</condition>

<Node id="63" bw="32" op_0_bw="32" op_1_bw="32">
<![CDATA[
.preheader24.i.i.i:22  %tmp_30_2_i_i = mul i32 266, %linebuf_2_load

]]></Node>
<StgValue><ssdm name="tmp_30_2_i_i"/></StgValue>
</operation>

<operation id="108" st_id="11" stage="2" lat="3">
<core>MulnS</core>
<MemPortIdVec></MemPortIdVec>
<condition id="0">
<or_exp><and_exp><literal name="exitcond_flatten" val="0"/>
</and_exp></or_exp>
</condition>

<Node id="67" bw="32" op_0_bw="32" op_1_bw="32">
<![CDATA[
.preheader24.i.i.i:26  %tmp_30_3_i_i = mul i32 498, %linebuf_3_load

]]></Node>
<StgValue><ssdm name="tmp_30_3_i_i"/></StgValue>
</operation>

<operation id="109" st_id="11" stage="1" lat="3">
<core>MulnS</core>
<MemPortIdVec></MemPortIdVec>
<condition id="0">
<or_exp><and_exp><literal name="exitcond_flatten" val="0"/>
</and_exp></or_exp>
</condition>

<Node id="71" bw="32" op_0_bw="32" op_1_bw="32">
<![CDATA[
.preheader24.i.i.i:30  %tmp_30_4_i_i = mul i32 724, %linebuf_4_load

]]></Node>
<StgValue><ssdm name="tmp_30_4_i_i"/></StgValue>
</operation>

<operation id="110" st_id="11" stage="1" lat="3">
<core>MulnS</core>
<MemPortIdVec></MemPortIdVec>
<condition id="0">
<or_exp><and_exp><literal name="exitcond_flatten" val="0"/>
</and_exp></or_exp>
</condition>

<Node id="75" bw="32" op_0_bw="32" op_1_bw="32">
<![CDATA[
.preheader24.i.i.i:34  %tmp_30_5_i_i = mul i32 821, %linebuf_5_load

]]></Node>
<StgValue><ssdm name="tmp_30_5_i_i"/></StgValue>
</operation>

<operation id="111" st_id="11" stage="1" lat="3">
<core>MulnS</core>
<MemPortIdVec></MemPortIdVec>
<condition id="0">
<or_exp><and_exp><literal name="exitcond_flatten" val="0"/>
</and_exp></or_exp>
</condition>

<Node id="79" bw="32" op_0_bw="32" op_1_bw="32">
<![CDATA[
.preheader24.i.i.i:38  %tmp_30_6_i_i = mul i32 724, %linebuf_6_load

]]></Node>
<StgValue><ssdm name="tmp_30_6_i_i"/></StgValue>
</operation>

<operation id="112" st_id="11" stage="1" lat="3">
<core>MulnS</core>
<MemPortIdVec></MemPortIdVec>
<condition id="0">
<or_exp><and_exp><literal name="exitcond_flatten" val="0"/>
</and_exp></or_exp>
</condition>

<Node id="83" bw="32" op_0_bw="32" op_1_bw="32">
<![CDATA[
.preheader24.i.i.i:42  %tmp_30_7_i_i = mul i32 498, %linebuf_7_load

]]></Node>
<StgValue><ssdm name="tmp_30_7_i_i"/></StgValue>
</operation>

<operation id="113" st_id="11" stage="1" lat="1">
<core>AddSub</core>
<MemPortIdVec></MemPortIdVec>
<condition id="0">
<or_exp><and_exp><literal name="exitcond_flatten" val="0"/>
</and_exp></or_exp>
</condition>

<Node id="103" bw="32" op_0_bw="32" op_1_bw="32">
<![CDATA[
.preheader24.i.i.i:62  %tmp11 = add i32 %tmp_30_8_i_i, %tmp_30_9_i_i

]]></Node>
<StgValue><ssdm name="tmp11"/></StgValue>
</operation>
</state>

<state id="12" st_id="12">

<operation id="114" st_id="12" stage="1" lat="1">
<core>FIFO</core>
<MemPortIdVec></MemPortIdVec>
<condition id="0">
<or_exp><and_exp><literal name="exitcond_flatten" val="0"/>
</and_exp></or_exp>
</condition>

<Node id="51" bw="32" op_0_bw="32" op_1_bw="32">
<![CDATA[
.preheader24.i.i.i:10  %tmp_12 = call i32 @_ssdm_op_Read.ap_fifo.volatile.i32P(i32* %hconv_V)

]]></Node>
<StgValue><ssdm name="tmp_12"/></StgValue>
</operation>

<operation id="115" st_id="12" stage="1" lat="3">
<core>MulnS</core>
<MemPortIdVec></MemPortIdVec>
<condition id="0">
<or_exp><and_exp><literal name="exitcond_flatten" val="0"/>
</and_exp></or_exp>
</condition>

<Node id="59" bw="32" op_0_bw="32" op_1_bw="32">
<![CDATA[
.preheader24.i.i.i:18  %tmp_30_1_i_i = mul i32 111, %linebuf_1_load

]]></Node>
<StgValue><ssdm name="tmp_30_1_i_i"/></StgValue>
</operation>

<operation id="116" st_id="12" stage="1" lat="3">
<core>MulnS</core>
<MemPortIdVec></MemPortIdVec>
<condition id="0">
<or_exp><and_exp><literal name="exitcond_flatten" val="0"/>
</and_exp></or_exp>
</condition>

<Node id="63" bw="32" op_0_bw="32" op_1_bw="32">
<![CDATA[
.preheader24.i.i.i:22  %tmp_30_2_i_i = mul i32 266, %linebuf_2_load

]]></Node>
<StgValue><ssdm name="tmp_30_2_i_i"/></StgValue>
</operation>

<operation id="117" st_id="12" stage="1" lat="3">
<core>MulnS</core>
<MemPortIdVec></MemPortIdVec>
<condition id="0">
<or_exp><and_exp><literal name="exitcond_flatten" val="0"/>
</and_exp></or_exp>
</condition>

<Node id="67" bw="32" op_0_bw="32" op_1_bw="32">
<![CDATA[
.preheader24.i.i.i:26  %tmp_30_3_i_i = mul i32 498, %linebuf_3_load

]]></Node>
<StgValue><ssdm name="tmp_30_3_i_i"/></StgValue>
</operation>

<operation id="118" st_id="12" stage="1" lat="1">
<core>AddSub</core>
<MemPortIdVec></MemPortIdVec>
<condition id="0">
<or_exp><and_exp><literal name="exitcond_flatten" val="0"/>
</and_exp></or_exp>
</condition>

<Node id="100" bw="32" op_0_bw="32" op_1_bw="32">
<![CDATA[
.preheader24.i.i.i:59  %tmp8 = add i32 %tmp_30_4_i_i, %tmp_30_5_i_i

]]></Node>
<StgValue><ssdm name="tmp8"/></StgValue>
</operation>

<operation id="119" st_id="12" stage="1" lat="1">
<core>TAddSub</core>
<MemPortIdVec></MemPortIdVec>
<condition id="0">
<or_exp><and_exp><literal name="exitcond_flatten" val="0"/>
</and_exp></or_exp>
</condition>

<Node id="102" bw="32" op_0_bw="32" op_1_bw="32">
<![CDATA[
.preheader24.i.i.i:61  %tmp10 = add i32 %tmp_30_6_i_i, %tmp_30_7_i_i

]]></Node>
<StgValue><ssdm name="tmp10"/></StgValue>
</operation>

<operation id="120" st_id="12" stage="1" lat="1">
<core>TAddSub</core>
<MemPortIdVec></MemPortIdVec>
<condition id="0">
<or_exp><and_exp><literal name="exitcond_flatten" val="0"/>
</and_exp></or_exp>
</condition>

<Node id="104" bw="32" op_0_bw="32" op_1_bw="32">
<![CDATA[
.preheader24.i.i.i:63  %tmp9 = add i32 %tmp11, %tmp10

]]></Node>
<StgValue><ssdm name="tmp9"/></StgValue>
</operation>
</state>

<state id="13" st_id="13">

<operation id="121" st_id="13" stage="1" lat="1">
<core>NULL</core>
<MemPortIdVec></MemPortIdVec>
<condition id="0">
<or_exp><and_exp><literal name="exitcond_flatten" val="0"/>
</and_exp></or_exp>
</condition>

<Node id="55" bw="32" op_0_bw="32" op_1_bw="32">
<![CDATA[
.preheader24.i.i.i:14  %tmp = shl i32 %linebuf_0_load, 5

]]></Node>
<StgValue><ssdm name="tmp"/></StgValue>
</operation>

<operation id="122" st_id="13" stage="1" lat="1">
<core>NULL</core>
<MemPortIdVec></MemPortIdVec>
<condition id="0">
<or_exp><and_exp><literal name="exitcond_flatten" val="0"/>
</and_exp></or_exp>
</condition>

<Node id="56" bw="32" op_0_bw="32" op_1_bw="32">
<![CDATA[
.preheader24.i.i.i:15  %tmp_1 = shl i32 %linebuf_0_load, 2

]]></Node>
<StgValue><ssdm name="tmp_1"/></StgValue>
</operation>

<operation id="123" st_id="13" stage="1" lat="1">
<core>NULL</core>
<MemPortIdVec></MemPortIdVec>
<condition id="0">
<or_exp><and_exp><literal name="exitcond_flatten" val="0"/>
</and_exp></or_exp>
</condition>

<Node id="93" bw="32" op_0_bw="32" op_1_bw="32">
<![CDATA[
.preheader24.i.i.i:52  %tmp_3 = shl i32 %tmp_12, 5

]]></Node>
<StgValue><ssdm name="tmp_3"/></StgValue>
</operation>

<operation id="124" st_id="13" stage="1" lat="1">
<core>NULL</core>
<MemPortIdVec></MemPortIdVec>
<condition id="0">
<or_exp><and_exp><literal name="exitcond_flatten" val="0"/>
</and_exp></or_exp>
</condition>

<Node id="94" bw="32" op_0_bw="32" op_1_bw="32">
<![CDATA[
.preheader24.i.i.i:53  %tmp_4 = shl i32 %tmp_12, 2

]]></Node>
<StgValue><ssdm name="tmp_4"/></StgValue>
</operation>

<operation id="125" st_id="13" stage="1" lat="1">
<core>TAddSub</core>
<MemPortIdVec></MemPortIdVec>
<condition id="0">
<or_exp><and_exp><literal name="exitcond_flatten" val="0"/>
</and_exp></or_exp>
</condition>

<Node id="95" bw="32" op_0_bw="32" op_1_bw="32">
<![CDATA[
.preheader24.i.i.i:54  %tmp3 = add i32 %tmp_3, %tmp

]]></Node>
<StgValue><ssdm name="tmp3"/></StgValue>
</operation>

<operation id="126" st_id="13" stage="1" lat="1">
<core>TAddSub</core>
<MemPortIdVec></MemPortIdVec>
<condition id="0">
<or_exp><and_exp><literal name="exitcond_flatten" val="0"/>
</and_exp></or_exp>
</condition>

<Node id="96" bw="32" op_0_bw="32" op_1_bw="32">
<![CDATA[
.preheader24.i.i.i:55  %tmp2 = add i32 %tmp3, %tmp_4

]]></Node>
<StgValue><ssdm name="tmp2"/></StgValue>
</operation>

<operation id="127" st_id="13" stage="1" lat="1">
<core>TAddSub</core>
<MemPortIdVec></MemPortIdVec>
<condition id="0">
<or_exp><and_exp><literal name="exitcond_flatten" val="0"/>
</and_exp></or_exp>
</condition>

<Node id="97" bw="32" op_0_bw="32" op_1_bw="32">
<![CDATA[
.preheader24.i.i.i:56  %tmp5 = add i32 %tmp_30_1_i_i, %tmp_30_2_i_i

]]></Node>
<StgValue><ssdm name="tmp5"/></StgValue>
</operation>

<operation id="128" st_id="13" stage="1" lat="1">
<core>TAddSub</core>
<MemPortIdVec></MemPortIdVec>
<condition id="0">
<or_exp><and_exp><literal name="exitcond_flatten" val="0"/>
</and_exp></or_exp>
</condition>

<Node id="98" bw="32" op_0_bw="32" op_1_bw="32">
<![CDATA[
.preheader24.i.i.i:57  %tmp4 = add i32 %tmp5, %tmp_1

]]></Node>
<StgValue><ssdm name="tmp4"/></StgValue>
</operation>

<operation id="129" st_id="13" stage="1" lat="1">
<core>TAddSub</core>
<MemPortIdVec></MemPortIdVec>
<condition id="0">
<or_exp><and_exp><literal name="exitcond_flatten" val="0"/>
</and_exp></or_exp>
</condition>

<Node id="101" bw="32" op_0_bw="32" op_1_bw="32">
<![CDATA[
.preheader24.i.i.i:60  %tmp7 = add i32 %tmp8, %tmp_30_3_i_i

]]></Node>
<StgValue><ssdm name="tmp7"/></StgValue>
</operation>

<operation id="130" st_id="13" stage="1" lat="1">
<core>TAddSub</core>
<MemPortIdVec></MemPortIdVec>
<condition id="0">
<or_exp><and_exp><literal name="exitcond_flatten" val="0"/>
</and_exp></or_exp>
</condition>

<Node id="105" bw="32" op_0_bw="32" op_1_bw="32">
<![CDATA[
.preheader24.i.i.i:64  %tmp6 = add i32 %tmp9, %tmp7

]]></Node>
<StgValue><ssdm name="tmp6"/></StgValue>
</operation>

<operation id="131" st_id="13" stage="1" lat="1">
<core>RAM</core>
<MemPortIdVec></MemPortIdVec>
<condition id="0">
<or_exp><and_exp><literal name="exitcond_flatten" val="0"/>
</and_exp></or_exp>
</condition>

<Node id="107" bw="0" op_0_bw="32" op_1_bw="11">
<![CDATA[
.preheader24.i.i.i:66  store i32 %tmp_12, i32* %linebuf_9_addr, align 4

]]></Node>
<StgValue><ssdm name=""/></StgValue>
</operation>
</state>

<state id="14" st_id="14">

<operation id="132" st_id="14" stage="1" lat="1">
<core>TAddSub</core>
<MemPortIdVec></MemPortIdVec>
<condition id="0">
<or_exp><and_exp><literal name="exitcond_flatten" val="0"/>
</and_exp></or_exp>
</condition>

<Node id="99" bw="32" op_0_bw="32" op_1_bw="32">
<![CDATA[
.preheader24.i.i.i:58  %tmp1 = add i32 %tmp4, %tmp2

]]></Node>
<StgValue><ssdm name="tmp1"/></StgValue>
</operation>

<operation id="133" st_id="14" stage="1" lat="1">
<core>TAddSub</core>
<MemPortIdVec></MemPortIdVec>
<condition id="0">
<or_exp><and_exp><literal name="exitcond_flatten" val="0"/>
</and_exp></or_exp>
</condition>

<Node id="106" bw="32" op_0_bw="32" op_1_bw="32">
<![CDATA[
.preheader24.i.i.i:65  %tmp_2 = add i32 %tmp6, %tmp1

]]></Node>
<StgValue><ssdm name="tmp_2"/></StgValue>
</operation>
</state>

<state id="15" st_id="15">

<operation id="134" st_id="15" stage="1" lat="1">
<core>NULL</core>
<MemPortIdVec></MemPortIdVec>
<condition id="0">
<or_exp><and_exp><literal name="exitcond_flatten" val="0"/>
</and_exp></or_exp>
</condition>

<Node id="41" bw="0" op_0_bw="0" op_1_bw="0">
<![CDATA[
.preheader24.i.i.i:0  call void (...)* @_ssdm_op_SpecLoopName([14 x i8]* @VConvH_VConvW_str)

]]></Node>
<StgValue><ssdm name=""/></StgValue>
</operation>

<operation id="135" st_id="15" stage="1" lat="1">
<core>NULL</core>
<MemPortIdVec></MemPortIdVec>
<condition id="0">
<or_exp><and_exp><literal name="exitcond_flatten" val="0"/>
</and_exp></or_exp>
</condition>

<Node id="48" bw="0" op_0_bw="0" op_1_bw="0">
<![CDATA[
.preheader24.i.i.i:7  call void (...)* @_ssdm_op_SpecLoopName([7 x i8]* @p_str18) nounwind

]]></Node>
<StgValue><ssdm name=""/></StgValue>
</operation>

<operation id="136" st_id="15" stage="1" lat="1">
<core>NULL</core>
<MemPortIdVec></MemPortIdVec>
<condition id="0">
<or_exp><and_exp><literal name="exitcond_flatten" val="0"/>
</and_exp></or_exp>
</condition>

<Node id="49" bw="32" op_0_bw="32" op_1_bw="0">
<![CDATA[
.preheader24.i.i.i:8  %tmp_18_i_i = call i32 (...)* @_ssdm_op_SpecRegionBegin([7 x i8]* @p_str18)

]]></Node>
<StgValue><ssdm name="tmp_18_i_i"/></StgValue>
</operation>

<operation id="137" st_id="15" stage="1" lat="1">
<core>NULL</core>
<MemPortIdVec></MemPortIdVec>
<condition id="0">
<or_exp><and_exp><literal name="exitcond_flatten" val="0"/>
</and_exp></or_exp>
</condition>

<Node id="50" bw="0" op_0_bw="0" op_1_bw="32" op_2_bw="32" op_3_bw="32" op_4_bw="32" op_5_bw="0">
<![CDATA[
.preheader24.i.i.i:9  call void (...)* @_ssdm_op_SpecPipeline(i32 -1, i32 1, i32 1, i32 0, [1 x i8]* @p_str1) nounwind

]]></Node>
<StgValue><ssdm name=""/></StgValue>
</operation>

<operation id="138" st_id="15" stage="1" lat="1">
<core>FIFO</core>
<MemPortIdVec></MemPortIdVec>
<condition id="30">
<or_exp><and_exp><literal name="tmp_8_i_i_mid2" val="1"/>
</and_exp></or_exp>
</condition>

<Node id="110" bw="0" op_0_bw="0" op_1_bw="32" op_2_bw="32">
<![CDATA[
:0  call void @_ssdm_op_Write.ap_fifo.volatile.i32P(i32* %vconv_V, i32 %tmp_2)

]]></Node>
<StgValue><ssdm name=""/></StgValue>
</operation>

<operation id="139" st_id="15" stage="1" lat="1">
<core>NULL</core>
<MemPortIdVec></MemPortIdVec>
<condition id="30">
<or_exp><and_exp><literal name="tmp_8_i_i_mid2" val="1"/>
</and_exp></or_exp>
</condition>

<Node id="111" bw="0" op_0_bw="0">
<![CDATA[
:1  br label %._crit_edge8.i.i.i

]]></Node>
<StgValue><ssdm name=""/></StgValue>
</operation>

<operation id="140" st_id="15" stage="1" lat="1">
<core>NULL</core>
<MemPortIdVec></MemPortIdVec>
<condition id="29">
<or_exp><and_exp><literal name="exitcond_flatten" val="0"/>
</and_exp></or_exp>
</condition>

<Node id="113" bw="32" op_0_bw="32" op_1_bw="0" op_2_bw="32">
<![CDATA[
._crit_edge8.i.i.i:0  %empty = call i32 (...)* @_ssdm_op_SpecRegionEnd([7 x i8]* @p_str18, i32 %tmp_18_i_i)

]]></Node>
<StgValue><ssdm name="empty"/></StgValue>
</operation>

<operation id="141" st_id="15" stage="1" lat="1">
<core>NULL</core>
<MemPortIdVec></MemPortIdVec>
<condition id="29">
<or_exp><and_exp><literal name="exitcond_flatten" val="0"/>
</and_exp></or_exp>
</condition>

<Node id="115" bw="0" op_0_bw="0">
<![CDATA[
._crit_edge8.i.i.i:2  br label %0

]]></Node>
<StgValue><ssdm name=""/></StgValue>
</operation>
</state>

<state id="16" st_id="16">

<operation id="142" st_id="16" stage="1" lat="1">
<core>NULL</core>
<MemPortIdVec></MemPortIdVec>
<condition id="33">
<or_exp><and_exp></and_exp></or_exp>
</condition>

<Node id="117" bw="0">
<![CDATA[
.exit:0  ret void

]]></Node>
<StgValue><ssdm name=""/></StgValue>
</operation>
</state>
</state_list>


<ports>
</ports>


<dataflows>
</dataflows>


</stg>
