<stg><name>Loop_HConvH_proc6</name>


<trans_list>

<trans id="123" from="1" to="2">
<condition id="31">
<or_exp><and_exp></and_exp></or_exp>
</condition>
</trans>

<trans id="124" from="2" to="3">
<condition id="32">
<or_exp><and_exp></and_exp></or_exp>
</condition>
</trans>

<trans id="125" from="3" to="4">
<condition id="33">
<or_exp><and_exp></and_exp></or_exp>
</condition>
</trans>

<trans id="126" from="4" to="5">
<condition id="35">
<or_exp><and_exp></and_exp></or_exp>
</condition>
</trans>

<trans id="148" from="5" to="6">
<condition id="58">
<or_exp><and_exp></and_exp></or_exp>
</condition>
</trans>

<trans id="156" from="6" to="14">
<condition id="59">
<or_exp><and_exp><literal name="exitcond_flatten" val="1"/>
</and_exp></or_exp>
</condition>
</trans>

<trans id="157" from="6" to="7">
<condition id="67">
<or_exp><and_exp><literal name="exitcond_flatten" val="0"/>
</and_exp></or_exp>
</condition>
</trans>

<trans id="149" from="7" to="8">
<condition id="60">
<or_exp><and_exp></and_exp></or_exp>
</condition>
</trans>

<trans id="150" from="8" to="9">
<condition id="61">
<or_exp><and_exp></and_exp></or_exp>
</condition>
</trans>

<trans id="151" from="9" to="10">
<condition id="62">
<or_exp><and_exp></and_exp></or_exp>
</condition>
</trans>

<trans id="152" from="10" to="11">
<condition id="63">
<or_exp><and_exp></and_exp></or_exp>
</condition>
</trans>

<trans id="153" from="11" to="12">
<condition id="64">
<or_exp><and_exp></and_exp></or_exp>
</condition>
</trans>

<trans id="154" from="12" to="13">
<condition id="65">
<or_exp><and_exp></and_exp></or_exp>
</condition>
</trans>

<trans id="155" from="13" to="5">
<condition id="66">
<or_exp><and_exp></and_exp></or_exp>
</condition>
</trans>
</trans_list>



<state_list>

<state id="1" st_id="1">

<operation id="15" st_id="1" stage="1" lat="1">
<core>NULL</core>
<MemPortIdVec></MemPortIdVec>
<condition id="22">
<or_exp><and_exp></and_exp></or_exp>
</condition>

<Node id="5" bw="32" op_0_bw="32">
<![CDATA[
entry:0  %hwin_1_1_i = alloca i32

]]></Node>
<StgValue><ssdm name="hwin_1_1_i"/></StgValue>
</operation>

<operation id="16" st_id="1" stage="1" lat="1">
<core>NULL</core>
<MemPortIdVec></MemPortIdVec>
<condition id="22">
<or_exp><and_exp></and_exp></or_exp>
</condition>

<Node id="6" bw="32" op_0_bw="32">
<![CDATA[
entry:1  %hwin_1 = alloca i32

]]></Node>
<StgValue><ssdm name="hwin_1"/></StgValue>
</operation>

<operation id="17" st_id="1" stage="1" lat="1">
<core>NULL</core>
<MemPortIdVec></MemPortIdVec>
<condition id="22">
<or_exp><and_exp></and_exp></or_exp>
</condition>

<Node id="7" bw="32" op_0_bw="32">
<![CDATA[
entry:2  %hwin_2 = alloca i32

]]></Node>
<StgValue><ssdm name="hwin_2"/></StgValue>
</operation>

<operation id="18" st_id="1" stage="1" lat="1">
<core>NULL</core>
<MemPortIdVec></MemPortIdVec>
<condition id="22">
<or_exp><and_exp></and_exp></or_exp>
</condition>

<Node id="8" bw="32" op_0_bw="32">
<![CDATA[
entry:3  %hwin_3 = alloca i32

]]></Node>
<StgValue><ssdm name="hwin_3"/></StgValue>
</operation>

<operation id="19" st_id="1" stage="1" lat="1">
<core>NULL</core>
<MemPortIdVec></MemPortIdVec>
<condition id="22">
<or_exp><and_exp></and_exp></or_exp>
</condition>

<Node id="9" bw="32" op_0_bw="32">
<![CDATA[
entry:4  %hwin_4 = alloca i32

]]></Node>
<StgValue><ssdm name="hwin_4"/></StgValue>
</operation>

<operation id="20" st_id="1" stage="1" lat="1">
<core>NULL</core>
<MemPortIdVec></MemPortIdVec>
<condition id="22">
<or_exp><and_exp></and_exp></or_exp>
</condition>

<Node id="10" bw="32" op_0_bw="32">
<![CDATA[
entry:5  %hwin_5 = alloca i32

]]></Node>
<StgValue><ssdm name="hwin_5"/></StgValue>
</operation>

<operation id="21" st_id="1" stage="1" lat="1">
<core>NULL</core>
<MemPortIdVec></MemPortIdVec>
<condition id="22">
<or_exp><and_exp></and_exp></or_exp>
</condition>

<Node id="11" bw="32" op_0_bw="32">
<![CDATA[
entry:6  %hwin_6 = alloca i32

]]></Node>
<StgValue><ssdm name="hwin_6"/></StgValue>
</operation>

<operation id="22" st_id="1" stage="1" lat="1">
<core>NULL</core>
<MemPortIdVec></MemPortIdVec>
<condition id="22">
<or_exp><and_exp></and_exp></or_exp>
</condition>

<Node id="12" bw="32" op_0_bw="32">
<![CDATA[
entry:7  %hwin_7 = alloca i32

]]></Node>
<StgValue><ssdm name="hwin_7"/></StgValue>
</operation>

<operation id="23" st_id="1" stage="1" lat="1">
<core>NULL</core>
<MemPortIdVec></MemPortIdVec>
<condition id="22">
<or_exp><and_exp></and_exp></or_exp>
</condition>

<Node id="13" bw="32" op_0_bw="32">
<![CDATA[
entry:8  %hwin_8 = alloca i32

]]></Node>
<StgValue><ssdm name="hwin_8"/></StgValue>
</operation>

<operation id="24" st_id="1" stage="1" lat="1">
<core>NULL</core>
<MemPortIdVec></MemPortIdVec>
<condition id="22">
<or_exp><and_exp></and_exp></or_exp>
</condition>

<Node id="14" bw="32" op_0_bw="32">
<![CDATA[
entry:9  %hwin_9 = alloca i32

]]></Node>
<StgValue><ssdm name="hwin_9"/></StgValue>
</operation>

<operation id="25" st_id="1" stage="1" lat="1">
<core>FIFO</core>
<MemPortIdVec></MemPortIdVec>
<condition id="22">
<or_exp><and_exp></and_exp></or_exp>
</condition>

<Node id="19" bw="32" op_0_bw="32" op_1_bw="32">
<![CDATA[
entry:14  %height_read = call i32 @_ssdm_op_Read.ap_fifo.i32P(i32* %height)

]]></Node>
<StgValue><ssdm name="height_read"/></StgValue>
</operation>

<operation id="26" st_id="1" stage="1" lat="1">
<core>FIFO</core>
<MemPortIdVec></MemPortIdVec>
<condition id="22">
<or_exp><and_exp></and_exp></or_exp>
</condition>

<Node id="20" bw="32" op_0_bw="32" op_1_bw="32">
<![CDATA[
entry:15  %width_read = call i32 @_ssdm_op_Read.ap_fifo.i32P(i32* %width)

]]></Node>
<StgValue><ssdm name="width_read"/></StgValue>
</operation>
</state>

<state id="2" st_id="2">

<operation id="27" st_id="2" stage="1" lat="1">
<core>NULL</core>
<MemPortIdVec></MemPortIdVec>
<condition id="23">
<or_exp><and_exp></and_exp></or_exp>
</condition>

<Node id="21" bw="64" op_0_bw="32">
<![CDATA[
entry:16  %cast = zext i32 %height_read to i64

]]></Node>
<StgValue><ssdm name="cast"/></StgValue>
</operation>

<operation id="28" st_id="2" stage="1" lat="1">
<core>NULL</core>
<MemPortIdVec></MemPortIdVec>
<condition id="23">
<or_exp><and_exp></and_exp></or_exp>
</condition>

<Node id="22" bw="64" op_0_bw="32">
<![CDATA[
entry:17  %cast1 = zext i32 %width_read to i64

]]></Node>
<StgValue><ssdm name="cast1"/></StgValue>
</operation>

<operation id="29" st_id="2" stage="3" lat="3">
<core>MulnS</core>
<MemPortIdVec></MemPortIdVec>
<condition id="23">
<or_exp><and_exp></and_exp></or_exp>
</condition>

<Node id="23" bw="64" op_0_bw="64" op_1_bw="64">
<![CDATA[
entry:18  %bound = mul i64 %cast1, %cast

]]></Node>
<StgValue><ssdm name="bound"/></StgValue>
</operation>
</state>

<state id="3" st_id="3">

<operation id="30" st_id="3" stage="2" lat="3">
<core>MulnS</core>
<MemPortIdVec></MemPortIdVec>
<condition id="24">
<or_exp><and_exp></and_exp></or_exp>
</condition>

<Node id="23" bw="64" op_0_bw="64" op_1_bw="64">
<![CDATA[
entry:18  %bound = mul i64 %cast1, %cast

]]></Node>
<StgValue><ssdm name="bound"/></StgValue>
</operation>
</state>

<state id="4" st_id="4">

<operation id="31" st_id="4" stage="1" lat="1">
<core>NULL</core>
<MemPortIdVec></MemPortIdVec>
<condition id="25">
<or_exp><and_exp></and_exp></or_exp>
</condition>

<Node id="15" bw="0" op_0_bw="0" op_1_bw="32" op_2_bw="0" op_3_bw="32" op_4_bw="32" op_5_bw="0" op_6_bw="32" op_7_bw="32" op_8_bw="0" op_9_bw="0" op_10_bw="0" op_11_bw="32" op_12_bw="32" op_13_bw="32" op_14_bw="32" op_15_bw="0" op_16_bw="0">
<![CDATA[
entry:10  call void (...)* @_ssdm_op_SpecInterface(i32* %src_V, [5 x i8]* @p_str5, i32 1, i32 1, [5 x i8]* @p_str6, i32 0, i32 0, [1 x i8]* @p_str1, [1 x i8]* @p_str1, [1 x i8]* @p_str1, i32 0, i32 0, i32 0, i32 0, [1 x i8]* @p_str1, [1 x i8]* @p_str1)

]]></Node>
<StgValue><ssdm name=""/></StgValue>
</operation>

<operation id="32" st_id="4" stage="1" lat="1">
<core>NULL</core>
<MemPortIdVec></MemPortIdVec>
<condition id="25">
<or_exp><and_exp></and_exp></or_exp>
</condition>

<Node id="16" bw="0" op_0_bw="0" op_1_bw="32" op_2_bw="0" op_3_bw="32" op_4_bw="32" op_5_bw="0" op_6_bw="32" op_7_bw="32" op_8_bw="0" op_9_bw="0" op_10_bw="0" op_11_bw="32" op_12_bw="32" op_13_bw="32" op_14_bw="32" op_15_bw="0" op_16_bw="0">
<![CDATA[
entry:11  call void (...)* @_ssdm_op_SpecInterface(i32* %hconv_V, [8 x i8]* @ap_fifo_str, i32 0, i32 0, [1 x i8]* @p_str, i32 0, i32 0, [1 x i8]* @p_str, [1 x i8]* @p_str, [1 x i8]* @p_str, i32 2, i32 2, i32 16, i32 16, [1 x i8]* @p_str, [1 x i8]* @p_str)

]]></Node>
<StgValue><ssdm name=""/></StgValue>
</operation>

<operation id="33" st_id="4" stage="1" lat="1">
<core>NULL</core>
<MemPortIdVec></MemPortIdVec>
<condition id="25">
<or_exp><and_exp></and_exp></or_exp>
</condition>

<Node id="17" bw="0" op_0_bw="0" op_1_bw="32" op_2_bw="0" op_3_bw="32" op_4_bw="32" op_5_bw="0" op_6_bw="32" op_7_bw="32" op_8_bw="0" op_9_bw="0" op_10_bw="0" op_11_bw="32" op_12_bw="32" op_13_bw="32" op_14_bw="32" op_15_bw="0" op_16_bw="0">
<![CDATA[
entry:12  call void (...)* @_ssdm_op_SpecInterface(i32* %width, [8 x i8]* @ap_fifo_str, i32 0, i32 0, [1 x i8]* @p_str, i32 0, i32 0, [1 x i8]* @p_str, [1 x i8]* @p_str, [1 x i8]* @p_str, i32 2, i32 2, i32 16, i32 16, [1 x i8]* @p_str, [1 x i8]* @p_str)

]]></Node>
<StgValue><ssdm name=""/></StgValue>
</operation>

<operation id="34" st_id="4" stage="1" lat="1">
<core>NULL</core>
<MemPortIdVec></MemPortIdVec>
<condition id="25">
<or_exp><and_exp></and_exp></or_exp>
</condition>

<Node id="18" bw="0" op_0_bw="0" op_1_bw="32" op_2_bw="0" op_3_bw="32" op_4_bw="32" op_5_bw="0" op_6_bw="32" op_7_bw="32" op_8_bw="0" op_9_bw="0" op_10_bw="0" op_11_bw="32" op_12_bw="32" op_13_bw="32" op_14_bw="32" op_15_bw="0" op_16_bw="0">
<![CDATA[
entry:13  call void (...)* @_ssdm_op_SpecInterface(i32* %height, [8 x i8]* @ap_fifo_str, i32 0, i32 0, [1 x i8]* @p_str, i32 0, i32 0, [1 x i8]* @p_str, [1 x i8]* @p_str, [1 x i8]* @p_str, i32 2, i32 2, i32 16, i32 16, [1 x i8]* @p_str, [1 x i8]* @p_str)

]]></Node>
<StgValue><ssdm name=""/></StgValue>
</operation>

<operation id="35" st_id="4" stage="1" lat="3">
<core>MulnS</core>
<MemPortIdVec></MemPortIdVec>
<condition id="25">
<or_exp><and_exp></and_exp></or_exp>
</condition>

<Node id="23" bw="64" op_0_bw="64" op_1_bw="64">
<![CDATA[
entry:18  %bound = mul i64 %cast1, %cast

]]></Node>
<StgValue><ssdm name="bound"/></StgValue>
</operation>

<operation id="36" st_id="4" stage="1" lat="1">
<core>NULL</core>
<MemPortIdVec></MemPortIdVec>
<condition id="25">
<or_exp><and_exp></and_exp></or_exp>
</condition>

<Node id="24" bw="0" op_0_bw="0">
<![CDATA[
entry:19  br label %0

]]></Node>
<StgValue><ssdm name=""/></StgValue>
</operation>
</state>

<state id="5" st_id="5">

<operation id="37" st_id="5" stage="1" lat="1">
<core>NULL</core>
<MemPortIdVec></MemPortIdVec>
<condition id="-1">
<or_exp><and_exp></and_exp></or_exp>
</condition>

<Node id="26" bw="64" op_0_bw="64" op_1_bw="0">
<![CDATA[
:0  %indvar_flatten = phi i64 [ 0, %entry ], [ %indvar_flatten_next, %._crit_edge5.i.i ]

]]></Node>
<StgValue><ssdm name="indvar_flatten"/></StgValue>
</operation>

<operation id="38" st_id="5" stage="1" lat="1">
<core>NULL</core>
<MemPortIdVec></MemPortIdVec>
<condition id="-1">
<or_exp><and_exp></and_exp></or_exp>
</condition>

<Node id="27" bw="31" op_0_bw="31" op_1_bw="0">
<![CDATA[
:1  %row_0_i_i = phi i31 [ 0, %entry ], [ %row, %._crit_edge5.i.i ]

]]></Node>
<StgValue><ssdm name="row_0_i_i"/></StgValue>
</operation>

<operation id="39" st_id="5" stage="1" lat="1">
<core>NULL</core>
<MemPortIdVec></MemPortIdVec>
<condition id="-1">
<or_exp><and_exp></and_exp></or_exp>
</condition>

<Node id="38" bw="32" op_0_bw="31">
<![CDATA[
:12  %row_0_i_cast_i = zext i31 %row_0_i_i to i32

]]></Node>
<StgValue><ssdm name="row_0_i_cast_i"/></StgValue>
</operation>

<operation id="40" st_id="5" stage="1" lat="1">
<core>Cmp</core>
<MemPortIdVec></MemPortIdVec>
<condition id="-1">
<or_exp><and_exp></and_exp></or_exp>
</condition>

<Node id="39" bw="1" op_0_bw="32" op_1_bw="32">
<![CDATA[
:13  %tmp_4_i = icmp slt i32 %row_0_i_cast_i, %width_read

]]></Node>
<StgValue><ssdm name="tmp_4_i"/></StgValue>
</operation>

<operation id="41" st_id="5" stage="1" lat="1">
<core>Cmp</core>
<MemPortIdVec></MemPortIdVec>
<condition id="-1">
<or_exp><and_exp></and_exp></or_exp>
</condition>

<Node id="40" bw="1" op_0_bw="64" op_1_bw="64">
<![CDATA[
:14  %exitcond_flatten = icmp eq i64 %indvar_flatten, %bound

]]></Node>
<StgValue><ssdm name="exitcond_flatten"/></StgValue>
</operation>

<operation id="42" st_id="5" stage="1" lat="1">
<core>AddSub</core>
<MemPortIdVec></MemPortIdVec>
<condition id="-1">
<or_exp><and_exp></and_exp></or_exp>
</condition>

<Node id="41" bw="64" op_0_bw="64" op_1_bw="64">
<![CDATA[
:15  %indvar_flatten_next = add i64 %indvar_flatten, 1

]]></Node>
<StgValue><ssdm name="indvar_flatten_next"/></StgValue>
</operation>

<operation id="43" st_id="5" stage="1" lat="1">
<core>Sel</core>
<MemPortIdVec></MemPortIdVec>
<condition id="0">
<or_exp><and_exp><literal name="exitcond_flatten" val="0"/>
</and_exp></or_exp>
</condition>

<Node id="55" bw="31" op_0_bw="1" op_1_bw="31" op_2_bw="31">
<![CDATA[
._crit_edge3.i.i:2  %row_0_i_i_mid2 = select i1 %tmp_4_i, i31 %row_0_i_i, i31 0

]]></Node>
<StgValue><ssdm name="row_0_i_i_mid2"/></StgValue>
</operation>

<operation id="44" st_id="5" stage="2" lat="2">
<core>AXI4Stream</core>
<MemPortIdVec></MemPortIdVec>
<condition id="0">
<or_exp><and_exp><literal name="exitcond_flatten" val="0"/>
</and_exp></or_exp>
</condition>

<Node id="59" bw="32" op_0_bw="32" op_1_bw="32">
<![CDATA[
._crit_edge3.i.i:6  %tmp_16 = call i32 @_ssdm_op_Read.axis.volatile.i32P(i32* %src_V)

]]></Node>
<StgValue><ssdm name="tmp_16"/></StgValue>
</operation>

<operation id="45" st_id="5" stage="1" lat="1">
<core>Cmp</core>
<MemPortIdVec></MemPortIdVec>
<condition id="0">
<or_exp><and_exp><literal name="exitcond_flatten" val="0"/>
</and_exp></or_exp>
</condition>

<Node id="85" bw="1" op_0_bw="31" op_1_bw="31">
<![CDATA[
._crit_edge3.i.i:32  %tmp_10_i = icmp ugt i31 %row_0_i_i_mid2, 9

]]></Node>
<StgValue><ssdm name="tmp_10_i"/></StgValue>
</operation>

<operation id="46" st_id="5" stage="1" lat="1">
<core>NULL</core>
<MemPortIdVec></MemPortIdVec>
<condition id="0">
<or_exp><and_exp><literal name="exitcond_flatten" val="0"/>
</and_exp></or_exp>
</condition>

<Node id="87" bw="0" op_0_bw="1" op_1_bw="0" op_2_bw="0">
<![CDATA[
._crit_edge3.i.i:34  br i1 %tmp_10_i, label %1, label %._crit_edge5.i.i

]]></Node>
<StgValue><ssdm name=""/></StgValue>
</operation>

<operation id="47" st_id="5" stage="1" lat="1">
<core>AddSub</core>
<MemPortIdVec></MemPortIdVec>
<condition id="26">
<or_exp><and_exp><literal name="exitcond_flatten" val="0"/>
</and_exp></or_exp>
</condition>

<Node id="93" bw="31" op_0_bw="31" op_1_bw="31">
<![CDATA[
._crit_edge5.i.i:1  %row = add i31 %row_0_i_i_mid2, 1

]]></Node>
<StgValue><ssdm name="row"/></StgValue>
</operation>
</state>

<state id="6" st_id="6">

<operation id="48" st_id="6" stage="1" lat="1">
<core>NULL</core>
<MemPortIdVec></MemPortIdVec>
<condition id="-1">
<or_exp><and_exp></and_exp></or_exp>
</condition>

<Node id="28" bw="32" op_0_bw="32">
<![CDATA[
:2  %hwin_1_1_i_load = load i32* %hwin_1_1_i

]]></Node>
<StgValue><ssdm name="hwin_1_1_i_load"/></StgValue>
</operation>

<operation id="49" st_id="6" stage="1" lat="1">
<core>NULL</core>
<MemPortIdVec></MemPortIdVec>
<condition id="-1">
<or_exp><and_exp></and_exp></or_exp>
</condition>

<Node id="29" bw="32" op_0_bw="32">
<![CDATA[
:3  %hwin_1_load = load i32* %hwin_1

]]></Node>
<StgValue><ssdm name="hwin_1_load"/></StgValue>
</operation>

<operation id="50" st_id="6" stage="1" lat="1">
<core>NULL</core>
<MemPortIdVec></MemPortIdVec>
<condition id="-1">
<or_exp><and_exp></and_exp></or_exp>
</condition>

<Node id="30" bw="32" op_0_bw="32">
<![CDATA[
:4  %hwin_2_load = load i32* %hwin_2

]]></Node>
<StgValue><ssdm name="hwin_2_load"/></StgValue>
</operation>

<operation id="51" st_id="6" stage="1" lat="1">
<core>NULL</core>
<MemPortIdVec></MemPortIdVec>
<condition id="-1">
<or_exp><and_exp></and_exp></or_exp>
</condition>

<Node id="31" bw="32" op_0_bw="32">
<![CDATA[
:5  %hwin_3_load = load i32* %hwin_3

]]></Node>
<StgValue><ssdm name="hwin_3_load"/></StgValue>
</operation>

<operation id="52" st_id="6" stage="1" lat="1">
<core>NULL</core>
<MemPortIdVec></MemPortIdVec>
<condition id="-1">
<or_exp><and_exp></and_exp></or_exp>
</condition>

<Node id="32" bw="32" op_0_bw="32">
<![CDATA[
:6  %hwin_4_load = load i32* %hwin_4

]]></Node>
<StgValue><ssdm name="hwin_4_load"/></StgValue>
</operation>

<operation id="53" st_id="6" stage="1" lat="1">
<core>NULL</core>
<MemPortIdVec></MemPortIdVec>
<condition id="-1">
<or_exp><and_exp></and_exp></or_exp>
</condition>

<Node id="33" bw="32" op_0_bw="32">
<![CDATA[
:7  %hwin_5_load = load i32* %hwin_5

]]></Node>
<StgValue><ssdm name="hwin_5_load"/></StgValue>
</operation>

<operation id="54" st_id="6" stage="1" lat="1">
<core>NULL</core>
<MemPortIdVec></MemPortIdVec>
<condition id="-1">
<or_exp><and_exp></and_exp></or_exp>
</condition>

<Node id="34" bw="32" op_0_bw="32">
<![CDATA[
:8  %hwin_6_load = load i32* %hwin_6

]]></Node>
<StgValue><ssdm name="hwin_6_load"/></StgValue>
</operation>

<operation id="55" st_id="6" stage="1" lat="1">
<core>NULL</core>
<MemPortIdVec></MemPortIdVec>
<condition id="-1">
<or_exp><and_exp></and_exp></or_exp>
</condition>

<Node id="35" bw="32" op_0_bw="32">
<![CDATA[
:9  %hwin_7_load = load i32* %hwin_7

]]></Node>
<StgValue><ssdm name="hwin_7_load"/></StgValue>
</operation>

<operation id="56" st_id="6" stage="1" lat="1">
<core>NULL</core>
<MemPortIdVec></MemPortIdVec>
<condition id="-1">
<or_exp><and_exp></and_exp></or_exp>
</condition>

<Node id="36" bw="32" op_0_bw="32">
<![CDATA[
:10  %hwin_8_load = load i32* %hwin_8

]]></Node>
<StgValue><ssdm name="hwin_8_load"/></StgValue>
</operation>

<operation id="57" st_id="6" stage="1" lat="1">
<core>NULL</core>
<MemPortIdVec></MemPortIdVec>
<condition id="-1">
<or_exp><and_exp></and_exp></or_exp>
</condition>

<Node id="37" bw="32" op_0_bw="32">
<![CDATA[
:11  %hwin_9_load_1 = load i32* %hwin_9

]]></Node>
<StgValue><ssdm name="hwin_9_load_1"/></StgValue>
</operation>

<operation id="58" st_id="6" stage="1" lat="1">
<core>NULL</core>
<MemPortIdVec></MemPortIdVec>
<condition id="-1">
<or_exp><and_exp></and_exp></or_exp>
</condition>

<Node id="42" bw="0" op_0_bw="32" op_1_bw="32">
<![CDATA[
:16  store i32 %hwin_9_load_1, i32* %hwin_8

]]></Node>
<StgValue><ssdm name=""/></StgValue>
</operation>

<operation id="59" st_id="6" stage="1" lat="1">
<core>NULL</core>
<MemPortIdVec></MemPortIdVec>
<condition id="-1">
<or_exp><and_exp></and_exp></or_exp>
</condition>

<Node id="43" bw="0" op_0_bw="32" op_1_bw="32">
<![CDATA[
:17  store i32 %hwin_8_load, i32* %hwin_7

]]></Node>
<StgValue><ssdm name=""/></StgValue>
</operation>

<operation id="60" st_id="6" stage="1" lat="1">
<core>NULL</core>
<MemPortIdVec></MemPortIdVec>
<condition id="-1">
<or_exp><and_exp></and_exp></or_exp>
</condition>

<Node id="44" bw="0" op_0_bw="32" op_1_bw="32">
<![CDATA[
:18  store i32 %hwin_7_load, i32* %hwin_6

]]></Node>
<StgValue><ssdm name=""/></StgValue>
</operation>

<operation id="61" st_id="6" stage="1" lat="1">
<core>NULL</core>
<MemPortIdVec></MemPortIdVec>
<condition id="-1">
<or_exp><and_exp></and_exp></or_exp>
</condition>

<Node id="45" bw="0" op_0_bw="32" op_1_bw="32">
<![CDATA[
:19  store i32 %hwin_6_load, i32* %hwin_5

]]></Node>
<StgValue><ssdm name=""/></StgValue>
</operation>

<operation id="62" st_id="6" stage="1" lat="1">
<core>NULL</core>
<MemPortIdVec></MemPortIdVec>
<condition id="-1">
<or_exp><and_exp></and_exp></or_exp>
</condition>

<Node id="46" bw="0" op_0_bw="32" op_1_bw="32">
<![CDATA[
:20  store i32 %hwin_5_load, i32* %hwin_4

]]></Node>
<StgValue><ssdm name=""/></StgValue>
</operation>

<operation id="63" st_id="6" stage="1" lat="1">
<core>NULL</core>
<MemPortIdVec></MemPortIdVec>
<condition id="-1">
<or_exp><and_exp></and_exp></or_exp>
</condition>

<Node id="47" bw="0" op_0_bw="32" op_1_bw="32">
<![CDATA[
:21  store i32 %hwin_4_load, i32* %hwin_3

]]></Node>
<StgValue><ssdm name=""/></StgValue>
</operation>

<operation id="64" st_id="6" stage="1" lat="1">
<core>NULL</core>
<MemPortIdVec></MemPortIdVec>
<condition id="-1">
<or_exp><and_exp></and_exp></or_exp>
</condition>

<Node id="48" bw="0" op_0_bw="32" op_1_bw="32">
<![CDATA[
:22  store i32 %hwin_3_load, i32* %hwin_2

]]></Node>
<StgValue><ssdm name=""/></StgValue>
</operation>

<operation id="65" st_id="6" stage="1" lat="1">
<core>NULL</core>
<MemPortIdVec></MemPortIdVec>
<condition id="-1">
<or_exp><and_exp></and_exp></or_exp>
</condition>

<Node id="49" bw="0" op_0_bw="32" op_1_bw="32">
<![CDATA[
:23  store i32 %hwin_2_load, i32* %hwin_1

]]></Node>
<StgValue><ssdm name=""/></StgValue>
</operation>

<operation id="66" st_id="6" stage="1" lat="1">
<core>NULL</core>
<MemPortIdVec></MemPortIdVec>
<condition id="-1">
<or_exp><and_exp></and_exp></or_exp>
</condition>

<Node id="50" bw="0" op_0_bw="32" op_1_bw="32">
<![CDATA[
:24  store i32 %hwin_1_load, i32* %hwin_1_1_i

]]></Node>
<StgValue><ssdm name=""/></StgValue>
</operation>

<operation id="67" st_id="6" stage="1" lat="1">
<core>NULL</core>
<MemPortIdVec></MemPortIdVec>
<condition id="-1">
<or_exp><and_exp></and_exp></or_exp>
</condition>

<Node id="51" bw="0" op_0_bw="1" op_1_bw="0" op_2_bw="0">
<![CDATA[
:25  br i1 %exitcond_flatten, label %.exit, label %._crit_edge3.i.i

]]></Node>
<StgValue><ssdm name=""/></StgValue>
</operation>

<operation id="68" st_id="6" stage="1" lat="1">
<core>NULL</core>
<MemPortIdVec></MemPortIdVec>
<condition id="0">
<or_exp><and_exp><literal name="exitcond_flatten" val="0"/>
</and_exp></or_exp>
</condition>

<Node id="53" bw="32" op_0_bw="32">
<![CDATA[
._crit_edge3.i.i:0  %hwin_9_load = load i32* %hwin_9

]]></Node>
<StgValue><ssdm name="hwin_9_load"/></StgValue>
</operation>

<operation id="69" st_id="6" stage="1" lat="2">
<core>AXI4Stream</core>
<MemPortIdVec></MemPortIdVec>
<condition id="0">
<or_exp><and_exp><literal name="exitcond_flatten" val="0"/>
</and_exp></or_exp>
</condition>

<Node id="59" bw="32" op_0_bw="32" op_1_bw="32">
<![CDATA[
._crit_edge3.i.i:6  %tmp_16 = call i32 @_ssdm_op_Read.axis.volatile.i32P(i32* %src_V)

]]></Node>
<StgValue><ssdm name="tmp_16"/></StgValue>
</operation>

<operation id="70" st_id="6" stage="3" lat="3">
<core>MulnS</core>
<MemPortIdVec></MemPortIdVec>
<condition id="0">
<or_exp><and_exp><literal name="exitcond_flatten" val="0"/>
</and_exp></or_exp>
</condition>

<Node id="62" bw="32" op_0_bw="32" op_1_bw="32">
<![CDATA[
._crit_edge3.i.i:9  %tmp_23_1_i = mul i32 111, %hwin_1_load

]]></Node>
<StgValue><ssdm name="tmp_23_1_i"/></StgValue>
</operation>

<operation id="71" st_id="6" stage="3" lat="3">
<core>MulnS</core>
<MemPortIdVec></MemPortIdVec>
<condition id="0">
<or_exp><and_exp><literal name="exitcond_flatten" val="0"/>
</and_exp></or_exp>
</condition>

<Node id="63" bw="32" op_0_bw="32" op_1_bw="32">
<![CDATA[
._crit_edge3.i.i:10  %tmp_23_2_i = mul i32 266, %hwin_2_load

]]></Node>
<StgValue><ssdm name="tmp_23_2_i"/></StgValue>
</operation>

<operation id="72" st_id="6" stage="3" lat="3">
<core>MulnS</core>
<MemPortIdVec></MemPortIdVec>
<condition id="0">
<or_exp><and_exp><literal name="exitcond_flatten" val="0"/>
</and_exp></or_exp>
</condition>

<Node id="65" bw="32" op_0_bw="32" op_1_bw="32">
<![CDATA[
._crit_edge3.i.i:12  %tmp_23_4_i = mul i32 724, %hwin_4_load

]]></Node>
<StgValue><ssdm name="tmp_23_4_i"/></StgValue>
</operation>

<operation id="73" st_id="6" stage="3" lat="3">
<core>MulnS</core>
<MemPortIdVec></MemPortIdVec>
<condition id="0">
<or_exp><and_exp><literal name="exitcond_flatten" val="0"/>
</and_exp></or_exp>
</condition>

<Node id="66" bw="32" op_0_bw="32" op_1_bw="32">
<![CDATA[
._crit_edge3.i.i:13  %tmp_23_5_i = mul i32 821, %hwin_5_load

]]></Node>
<StgValue><ssdm name="tmp_23_5_i"/></StgValue>
</operation>

<operation id="74" st_id="6" stage="3" lat="3">
<core>MulnS</core>
<MemPortIdVec></MemPortIdVec>
<condition id="0">
<or_exp><and_exp><literal name="exitcond_flatten" val="0"/>
</and_exp></or_exp>
</condition>

<Node id="69" bw="32" op_0_bw="32" op_1_bw="32">
<![CDATA[
._crit_edge3.i.i:16  %tmp_23_8_i = mul i32 266, %hwin_8_load

]]></Node>
<StgValue><ssdm name="tmp_23_8_i"/></StgValue>
</operation>

<operation id="75" st_id="6" stage="3" lat="3">
<core>MulnS</core>
<MemPortIdVec></MemPortIdVec>
<condition id="0">
<or_exp><and_exp><literal name="exitcond_flatten" val="0"/>
</and_exp></or_exp>
</condition>

<Node id="70" bw="32" op_0_bw="32" op_1_bw="32">
<![CDATA[
._crit_edge3.i.i:17  %tmp_23_9_i = mul i32 111, %hwin_9_load

]]></Node>
<StgValue><ssdm name="tmp_23_9_i"/></StgValue>
</operation>

<operation id="76" st_id="6" stage="1" lat="1">
<core>NULL</core>
<MemPortIdVec></MemPortIdVec>
<condition id="0">
<or_exp><and_exp><literal name="exitcond_flatten" val="0"/>
</and_exp></or_exp>
</condition>

<Node id="86" bw="0" op_0_bw="32" op_1_bw="32">
<![CDATA[
._crit_edge3.i.i:33  store i32 %tmp_16, i32* %hwin_9

]]></Node>
<StgValue><ssdm name=""/></StgValue>
</operation>
</state>

<state id="7" st_id="7">

<operation id="77" st_id="7" stage="2" lat="3">
<core>MulnS</core>
<MemPortIdVec></MemPortIdVec>
<condition id="0">
<or_exp><and_exp><literal name="exitcond_flatten" val="0"/>
</and_exp></or_exp>
</condition>

<Node id="62" bw="32" op_0_bw="32" op_1_bw="32">
<![CDATA[
._crit_edge3.i.i:9  %tmp_23_1_i = mul i32 111, %hwin_1_load

]]></Node>
<StgValue><ssdm name="tmp_23_1_i"/></StgValue>
</operation>

<operation id="78" st_id="7" stage="2" lat="3">
<core>MulnS</core>
<MemPortIdVec></MemPortIdVec>
<condition id="0">
<or_exp><and_exp><literal name="exitcond_flatten" val="0"/>
</and_exp></or_exp>
</condition>

<Node id="63" bw="32" op_0_bw="32" op_1_bw="32">
<![CDATA[
._crit_edge3.i.i:10  %tmp_23_2_i = mul i32 266, %hwin_2_load

]]></Node>
<StgValue><ssdm name="tmp_23_2_i"/></StgValue>
</operation>

<operation id="79" st_id="7" stage="2" lat="3">
<core>MulnS</core>
<MemPortIdVec></MemPortIdVec>
<condition id="0">
<or_exp><and_exp><literal name="exitcond_flatten" val="0"/>
</and_exp></or_exp>
</condition>

<Node id="65" bw="32" op_0_bw="32" op_1_bw="32">
<![CDATA[
._crit_edge3.i.i:12  %tmp_23_4_i = mul i32 724, %hwin_4_load

]]></Node>
<StgValue><ssdm name="tmp_23_4_i"/></StgValue>
</operation>

<operation id="80" st_id="7" stage="2" lat="3">
<core>MulnS</core>
<MemPortIdVec></MemPortIdVec>
<condition id="0">
<or_exp><and_exp><literal name="exitcond_flatten" val="0"/>
</and_exp></or_exp>
</condition>

<Node id="66" bw="32" op_0_bw="32" op_1_bw="32">
<![CDATA[
._crit_edge3.i.i:13  %tmp_23_5_i = mul i32 821, %hwin_5_load

]]></Node>
<StgValue><ssdm name="tmp_23_5_i"/></StgValue>
</operation>

<operation id="81" st_id="7" stage="3" lat="3">
<core>MulnS</core>
<MemPortIdVec></MemPortIdVec>
<condition id="0">
<or_exp><and_exp><literal name="exitcond_flatten" val="0"/>
</and_exp></or_exp>
</condition>

<Node id="67" bw="32" op_0_bw="32" op_1_bw="32">
<![CDATA[
._crit_edge3.i.i:14  %tmp_23_6_i = mul i32 724, %hwin_6_load

]]></Node>
<StgValue><ssdm name="tmp_23_6_i"/></StgValue>
</operation>

<operation id="82" st_id="7" stage="3" lat="3">
<core>MulnS</core>
<MemPortIdVec></MemPortIdVec>
<condition id="0">
<or_exp><and_exp><literal name="exitcond_flatten" val="0"/>
</and_exp></or_exp>
</condition>

<Node id="68" bw="32" op_0_bw="32" op_1_bw="32">
<![CDATA[
._crit_edge3.i.i:15  %tmp_23_7_i = mul i32 498, %hwin_7_load

]]></Node>
<StgValue><ssdm name="tmp_23_7_i"/></StgValue>
</operation>

<operation id="83" st_id="7" stage="2" lat="3">
<core>MulnS</core>
<MemPortIdVec></MemPortIdVec>
<condition id="0">
<or_exp><and_exp><literal name="exitcond_flatten" val="0"/>
</and_exp></or_exp>
</condition>

<Node id="69" bw="32" op_0_bw="32" op_1_bw="32">
<![CDATA[
._crit_edge3.i.i:16  %tmp_23_8_i = mul i32 266, %hwin_8_load

]]></Node>
<StgValue><ssdm name="tmp_23_8_i"/></StgValue>
</operation>

<operation id="84" st_id="7" stage="2" lat="3">
<core>MulnS</core>
<MemPortIdVec></MemPortIdVec>
<condition id="0">
<or_exp><and_exp><literal name="exitcond_flatten" val="0"/>
</and_exp></or_exp>
</condition>

<Node id="70" bw="32" op_0_bw="32" op_1_bw="32">
<![CDATA[
._crit_edge3.i.i:17  %tmp_23_9_i = mul i32 111, %hwin_9_load

]]></Node>
<StgValue><ssdm name="tmp_23_9_i"/></StgValue>
</operation>
</state>

<state id="8" st_id="8">

<operation id="85" st_id="8" stage="1" lat="3">
<core>MulnS</core>
<MemPortIdVec></MemPortIdVec>
<condition id="0">
<or_exp><and_exp><literal name="exitcond_flatten" val="0"/>
</and_exp></or_exp>
</condition>

<Node id="62" bw="32" op_0_bw="32" op_1_bw="32">
<![CDATA[
._crit_edge3.i.i:9  %tmp_23_1_i = mul i32 111, %hwin_1_load

]]></Node>
<StgValue><ssdm name="tmp_23_1_i"/></StgValue>
</operation>

<operation id="86" st_id="8" stage="1" lat="3">
<core>MulnS</core>
<MemPortIdVec></MemPortIdVec>
<condition id="0">
<or_exp><and_exp><literal name="exitcond_flatten" val="0"/>
</and_exp></or_exp>
</condition>

<Node id="63" bw="32" op_0_bw="32" op_1_bw="32">
<![CDATA[
._crit_edge3.i.i:10  %tmp_23_2_i = mul i32 266, %hwin_2_load

]]></Node>
<StgValue><ssdm name="tmp_23_2_i"/></StgValue>
</operation>

<operation id="87" st_id="8" stage="3" lat="3">
<core>MulnS</core>
<MemPortIdVec></MemPortIdVec>
<condition id="0">
<or_exp><and_exp><literal name="exitcond_flatten" val="0"/>
</and_exp></or_exp>
</condition>

<Node id="64" bw="32" op_0_bw="32" op_1_bw="32">
<![CDATA[
._crit_edge3.i.i:11  %tmp_23_3_i = mul i32 498, %hwin_3_load

]]></Node>
<StgValue><ssdm name="tmp_23_3_i"/></StgValue>
</operation>

<operation id="88" st_id="8" stage="1" lat="3">
<core>MulnS</core>
<MemPortIdVec></MemPortIdVec>
<condition id="0">
<or_exp><and_exp><literal name="exitcond_flatten" val="0"/>
</and_exp></or_exp>
</condition>

<Node id="65" bw="32" op_0_bw="32" op_1_bw="32">
<![CDATA[
._crit_edge3.i.i:12  %tmp_23_4_i = mul i32 724, %hwin_4_load

]]></Node>
<StgValue><ssdm name="tmp_23_4_i"/></StgValue>
</operation>

<operation id="89" st_id="8" stage="1" lat="3">
<core>MulnS</core>
<MemPortIdVec></MemPortIdVec>
<condition id="0">
<or_exp><and_exp><literal name="exitcond_flatten" val="0"/>
</and_exp></or_exp>
</condition>

<Node id="66" bw="32" op_0_bw="32" op_1_bw="32">
<![CDATA[
._crit_edge3.i.i:13  %tmp_23_5_i = mul i32 821, %hwin_5_load

]]></Node>
<StgValue><ssdm name="tmp_23_5_i"/></StgValue>
</operation>

<operation id="90" st_id="8" stage="2" lat="3">
<core>MulnS</core>
<MemPortIdVec></MemPortIdVec>
<condition id="0">
<or_exp><and_exp><literal name="exitcond_flatten" val="0"/>
</and_exp></or_exp>
</condition>

<Node id="67" bw="32" op_0_bw="32" op_1_bw="32">
<![CDATA[
._crit_edge3.i.i:14  %tmp_23_6_i = mul i32 724, %hwin_6_load

]]></Node>
<StgValue><ssdm name="tmp_23_6_i"/></StgValue>
</operation>

<operation id="91" st_id="8" stage="2" lat="3">
<core>MulnS</core>
<MemPortIdVec></MemPortIdVec>
<condition id="0">
<or_exp><and_exp><literal name="exitcond_flatten" val="0"/>
</and_exp></or_exp>
</condition>

<Node id="68" bw="32" op_0_bw="32" op_1_bw="32">
<![CDATA[
._crit_edge3.i.i:15  %tmp_23_7_i = mul i32 498, %hwin_7_load

]]></Node>
<StgValue><ssdm name="tmp_23_7_i"/></StgValue>
</operation>

<operation id="92" st_id="8" stage="1" lat="3">
<core>MulnS</core>
<MemPortIdVec></MemPortIdVec>
<condition id="0">
<or_exp><and_exp><literal name="exitcond_flatten" val="0"/>
</and_exp></or_exp>
</condition>

<Node id="69" bw="32" op_0_bw="32" op_1_bw="32">
<![CDATA[
._crit_edge3.i.i:16  %tmp_23_8_i = mul i32 266, %hwin_8_load

]]></Node>
<StgValue><ssdm name="tmp_23_8_i"/></StgValue>
</operation>

<operation id="93" st_id="8" stage="1" lat="3">
<core>MulnS</core>
<MemPortIdVec></MemPortIdVec>
<condition id="0">
<or_exp><and_exp><literal name="exitcond_flatten" val="0"/>
</and_exp></or_exp>
</condition>

<Node id="70" bw="32" op_0_bw="32" op_1_bw="32">
<![CDATA[
._crit_edge3.i.i:17  %tmp_23_9_i = mul i32 111, %hwin_9_load

]]></Node>
<StgValue><ssdm name="tmp_23_9_i"/></StgValue>
</operation>
</state>

<state id="9" st_id="9">

<operation id="94" st_id="9" stage="1" lat="1">
<core>NULL</core>
<MemPortIdVec></MemPortIdVec>
<condition id="0">
<or_exp><and_exp><literal name="exitcond_flatten" val="0"/>
</and_exp></or_exp>
</condition>

<Node id="60" bw="32" op_0_bw="32" op_1_bw="32">
<![CDATA[
._crit_edge3.i.i:7  %tmp = shl i32 %hwin_1_1_i_load, 5

]]></Node>
<StgValue><ssdm name="tmp"/></StgValue>
</operation>

<operation id="95" st_id="9" stage="1" lat="1">
<core>NULL</core>
<MemPortIdVec></MemPortIdVec>
<condition id="0">
<or_exp><and_exp><literal name="exitcond_flatten" val="0"/>
</and_exp></or_exp>
</condition>

<Node id="61" bw="32" op_0_bw="32" op_1_bw="32">
<![CDATA[
._crit_edge3.i.i:8  %tmp_13 = shl i32 %hwin_1_1_i_load, 2

]]></Node>
<StgValue><ssdm name="tmp_13"/></StgValue>
</operation>

<operation id="96" st_id="9" stage="2" lat="3">
<core>MulnS</core>
<MemPortIdVec></MemPortIdVec>
<condition id="0">
<or_exp><and_exp><literal name="exitcond_flatten" val="0"/>
</and_exp></or_exp>
</condition>

<Node id="64" bw="32" op_0_bw="32" op_1_bw="32">
<![CDATA[
._crit_edge3.i.i:11  %tmp_23_3_i = mul i32 498, %hwin_3_load

]]></Node>
<StgValue><ssdm name="tmp_23_3_i"/></StgValue>
</operation>

<operation id="97" st_id="9" stage="1" lat="3">
<core>MulnS</core>
<MemPortIdVec></MemPortIdVec>
<condition id="0">
<or_exp><and_exp><literal name="exitcond_flatten" val="0"/>
</and_exp></or_exp>
</condition>

<Node id="67" bw="32" op_0_bw="32" op_1_bw="32">
<![CDATA[
._crit_edge3.i.i:14  %tmp_23_6_i = mul i32 724, %hwin_6_load

]]></Node>
<StgValue><ssdm name="tmp_23_6_i"/></StgValue>
</operation>

<operation id="98" st_id="9" stage="1" lat="3">
<core>MulnS</core>
<MemPortIdVec></MemPortIdVec>
<condition id="0">
<or_exp><and_exp><literal name="exitcond_flatten" val="0"/>
</and_exp></or_exp>
</condition>

<Node id="68" bw="32" op_0_bw="32" op_1_bw="32">
<![CDATA[
._crit_edge3.i.i:15  %tmp_23_7_i = mul i32 498, %hwin_7_load

]]></Node>
<StgValue><ssdm name="tmp_23_7_i"/></StgValue>
</operation>

<operation id="99" st_id="9" stage="1" lat="1">
<core>NULL</core>
<MemPortIdVec></MemPortIdVec>
<condition id="0">
<or_exp><and_exp><literal name="exitcond_flatten" val="0"/>
</and_exp></or_exp>
</condition>

<Node id="71" bw="32" op_0_bw="32" op_1_bw="32">
<![CDATA[
._crit_edge3.i.i:18  %tmp_14 = shl i32 %tmp_16, 5

]]></Node>
<StgValue><ssdm name="tmp_14"/></StgValue>
</operation>

<operation id="100" st_id="9" stage="1" lat="1">
<core>NULL</core>
<MemPortIdVec></MemPortIdVec>
<condition id="0">
<or_exp><and_exp><literal name="exitcond_flatten" val="0"/>
</and_exp></or_exp>
</condition>

<Node id="72" bw="32" op_0_bw="32" op_1_bw="32">
<![CDATA[
._crit_edge3.i.i:19  %tmp_15 = shl i32 %tmp_16, 2

]]></Node>
<StgValue><ssdm name="tmp_15"/></StgValue>
</operation>

<operation id="101" st_id="9" stage="1" lat="1">
<core>TAddSub</core>
<MemPortIdVec></MemPortIdVec>
<condition id="0">
<or_exp><and_exp><literal name="exitcond_flatten" val="0"/>
</and_exp></or_exp>
</condition>

<Node id="73" bw="32" op_0_bw="32" op_1_bw="32">
<![CDATA[
._crit_edge3.i.i:20  %tmp3 = add i32 %tmp_14, %tmp

]]></Node>
<StgValue><ssdm name="tmp3"/></StgValue>
</operation>

<operation id="102" st_id="9" stage="1" lat="1">
<core>TAddSub</core>
<MemPortIdVec></MemPortIdVec>
<condition id="0">
<or_exp><and_exp><literal name="exitcond_flatten" val="0"/>
</and_exp></or_exp>
</condition>

<Node id="74" bw="32" op_0_bw="32" op_1_bw="32">
<![CDATA[
._crit_edge3.i.i:21  %tmp2 = add i32 %tmp3, %tmp_15

]]></Node>
<StgValue><ssdm name="tmp2"/></StgValue>
</operation>

<operation id="103" st_id="9" stage="1" lat="1">
<core>TAddSub</core>
<MemPortIdVec></MemPortIdVec>
<condition id="0">
<or_exp><and_exp><literal name="exitcond_flatten" val="0"/>
</and_exp></or_exp>
</condition>

<Node id="75" bw="32" op_0_bw="32" op_1_bw="32">
<![CDATA[
._crit_edge3.i.i:22  %tmp5 = add i32 %tmp_23_1_i, %tmp_23_2_i

]]></Node>
<StgValue><ssdm name="tmp5"/></StgValue>
</operation>

<operation id="104" st_id="9" stage="1" lat="1">
<core>TAddSub</core>
<MemPortIdVec></MemPortIdVec>
<condition id="0">
<or_exp><and_exp><literal name="exitcond_flatten" val="0"/>
</and_exp></or_exp>
</condition>

<Node id="76" bw="32" op_0_bw="32" op_1_bw="32">
<![CDATA[
._crit_edge3.i.i:23  %tmp4 = add i32 %tmp5, %tmp_13

]]></Node>
<StgValue><ssdm name="tmp4"/></StgValue>
</operation>

<operation id="105" st_id="9" stage="1" lat="1">
<core>AddSub</core>
<MemPortIdVec></MemPortIdVec>
<condition id="0">
<or_exp><and_exp><literal name="exitcond_flatten" val="0"/>
</and_exp></or_exp>
</condition>

<Node id="78" bw="32" op_0_bw="32" op_1_bw="32">
<![CDATA[
._crit_edge3.i.i:25  %tmp8 = add i32 %tmp_23_4_i, %tmp_23_5_i

]]></Node>
<StgValue><ssdm name="tmp8"/></StgValue>
</operation>

<operation id="106" st_id="9" stage="1" lat="1">
<core>AddSub</core>
<MemPortIdVec></MemPortIdVec>
<condition id="0">
<or_exp><and_exp><literal name="exitcond_flatten" val="0"/>
</and_exp></or_exp>
</condition>

<Node id="81" bw="32" op_0_bw="32" op_1_bw="32">
<![CDATA[
._crit_edge3.i.i:28  %tmp11 = add i32 %tmp_23_8_i, %tmp_23_9_i

]]></Node>
<StgValue><ssdm name="tmp11"/></StgValue>
</operation>
</state>

<state id="10" st_id="10">

<operation id="107" st_id="10" stage="1" lat="3">
<core>MulnS</core>
<MemPortIdVec></MemPortIdVec>
<condition id="0">
<or_exp><and_exp><literal name="exitcond_flatten" val="0"/>
</and_exp></or_exp>
</condition>

<Node id="64" bw="32" op_0_bw="32" op_1_bw="32">
<![CDATA[
._crit_edge3.i.i:11  %tmp_23_3_i = mul i32 498, %hwin_3_load

]]></Node>
<StgValue><ssdm name="tmp_23_3_i"/></StgValue>
</operation>

<operation id="108" st_id="10" stage="1" lat="1">
<core>TAddSub</core>
<MemPortIdVec></MemPortIdVec>
<condition id="0">
<or_exp><and_exp><literal name="exitcond_flatten" val="0"/>
</and_exp></or_exp>
</condition>

<Node id="80" bw="32" op_0_bw="32" op_1_bw="32">
<![CDATA[
._crit_edge3.i.i:27  %tmp10 = add i32 %tmp_23_6_i, %tmp_23_7_i

]]></Node>
<StgValue><ssdm name="tmp10"/></StgValue>
</operation>

<operation id="109" st_id="10" stage="1" lat="1">
<core>TAddSub</core>
<MemPortIdVec></MemPortIdVec>
<condition id="0">
<or_exp><and_exp><literal name="exitcond_flatten" val="0"/>
</and_exp></or_exp>
</condition>

<Node id="82" bw="32" op_0_bw="32" op_1_bw="32">
<![CDATA[
._crit_edge3.i.i:29  %tmp9 = add i32 %tmp11, %tmp10

]]></Node>
<StgValue><ssdm name="tmp9"/></StgValue>
</operation>
</state>

<state id="11" st_id="11">

<operation id="110" st_id="11" stage="1" lat="1">
<core>TAddSub</core>
<MemPortIdVec></MemPortIdVec>
<condition id="0">
<or_exp><and_exp><literal name="exitcond_flatten" val="0"/>
</and_exp></or_exp>
</condition>

<Node id="79" bw="32" op_0_bw="32" op_1_bw="32">
<![CDATA[
._crit_edge3.i.i:26  %tmp7 = add i32 %tmp8, %tmp_23_3_i

]]></Node>
<StgValue><ssdm name="tmp7"/></StgValue>
</operation>

<operation id="111" st_id="11" stage="1" lat="1">
<core>TAddSub</core>
<MemPortIdVec></MemPortIdVec>
<condition id="0">
<or_exp><and_exp><literal name="exitcond_flatten" val="0"/>
</and_exp></or_exp>
</condition>

<Node id="83" bw="32" op_0_bw="32" op_1_bw="32">
<![CDATA[
._crit_edge3.i.i:30  %tmp6 = add i32 %tmp9, %tmp7

]]></Node>
<StgValue><ssdm name="tmp6"/></StgValue>
</operation>
</state>

<state id="12" st_id="12">

<operation id="112" st_id="12" stage="1" lat="1">
<core>TAddSub</core>
<MemPortIdVec></MemPortIdVec>
<condition id="0">
<or_exp><and_exp><literal name="exitcond_flatten" val="0"/>
</and_exp></or_exp>
</condition>

<Node id="77" bw="32" op_0_bw="32" op_1_bw="32">
<![CDATA[
._crit_edge3.i.i:24  %tmp1 = add i32 %tmp4, %tmp2

]]></Node>
<StgValue><ssdm name="tmp1"/></StgValue>
</operation>

<operation id="113" st_id="12" stage="1" lat="1">
<core>TAddSub</core>
<MemPortIdVec></MemPortIdVec>
<condition id="0">
<or_exp><and_exp><literal name="exitcond_flatten" val="0"/>
</and_exp></or_exp>
</condition>

<Node id="84" bw="32" op_0_bw="32" op_1_bw="32">
<![CDATA[
._crit_edge3.i.i:31  %tmp_4 = add i32 %tmp6, %tmp1

]]></Node>
<StgValue><ssdm name="tmp_4"/></StgValue>
</operation>
</state>

<state id="13" st_id="13">

<operation id="114" st_id="13" stage="1" lat="1">
<core>NULL</core>
<MemPortIdVec></MemPortIdVec>
<condition id="0">
<or_exp><and_exp><literal name="exitcond_flatten" val="0"/>
</and_exp></or_exp>
</condition>

<Node id="54" bw="0" op_0_bw="0" op_1_bw="0">
<![CDATA[
._crit_edge3.i.i:1  call void (...)* @_ssdm_op_SpecLoopName([14 x i8]* @HConvH_HConvW_str)

]]></Node>
<StgValue><ssdm name=""/></StgValue>
</operation>

<operation id="115" st_id="13" stage="1" lat="1">
<core>NULL</core>
<MemPortIdVec></MemPortIdVec>
<condition id="0">
<or_exp><and_exp><literal name="exitcond_flatten" val="0"/>
</and_exp></or_exp>
</condition>

<Node id="56" bw="0" op_0_bw="0" op_1_bw="0">
<![CDATA[
._crit_edge3.i.i:3  call void (...)* @_ssdm_op_SpecLoopName([7 x i8]* @p_str15) nounwind

]]></Node>
<StgValue><ssdm name=""/></StgValue>
</operation>

<operation id="116" st_id="13" stage="1" lat="1">
<core>NULL</core>
<MemPortIdVec></MemPortIdVec>
<condition id="0">
<or_exp><and_exp><literal name="exitcond_flatten" val="0"/>
</and_exp></or_exp>
</condition>

<Node id="57" bw="32" op_0_bw="32" op_1_bw="0">
<![CDATA[
._crit_edge3.i.i:4  %tmp_2_i = call i32 (...)* @_ssdm_op_SpecRegionBegin([7 x i8]* @p_str15)

]]></Node>
<StgValue><ssdm name="tmp_2_i"/></StgValue>
</operation>

<operation id="117" st_id="13" stage="1" lat="1">
<core>NULL</core>
<MemPortIdVec></MemPortIdVec>
<condition id="0">
<or_exp><and_exp><literal name="exitcond_flatten" val="0"/>
</and_exp></or_exp>
</condition>

<Node id="58" bw="0" op_0_bw="0" op_1_bw="32" op_2_bw="32" op_3_bw="32" op_4_bw="32" op_5_bw="0">
<![CDATA[
._crit_edge3.i.i:5  call void (...)* @_ssdm_op_SpecPipeline(i32 -1, i32 1, i32 1, i32 0, [1 x i8]* @p_str1) nounwind

]]></Node>
<StgValue><ssdm name=""/></StgValue>
</operation>

<operation id="118" st_id="13" stage="1" lat="1">
<core>FIFO</core>
<MemPortIdVec></MemPortIdVec>
<condition id="27">
<or_exp><and_exp><literal name="tmp_10_i" val="1"/>
</and_exp></or_exp>
</condition>

<Node id="89" bw="0" op_0_bw="0" op_1_bw="32" op_2_bw="32">
<![CDATA[
:0  call void @_ssdm_op_Write.ap_fifo.volatile.i32P(i32* %hconv_V, i32 %tmp_4)

]]></Node>
<StgValue><ssdm name=""/></StgValue>
</operation>

<operation id="119" st_id="13" stage="1" lat="1">
<core>NULL</core>
<MemPortIdVec></MemPortIdVec>
<condition id="27">
<or_exp><and_exp><literal name="tmp_10_i" val="1"/>
</and_exp></or_exp>
</condition>

<Node id="90" bw="0" op_0_bw="0">
<![CDATA[
:1  br label %._crit_edge5.i.i

]]></Node>
<StgValue><ssdm name=""/></StgValue>
</operation>

<operation id="120" st_id="13" stage="1" lat="1">
<core>NULL</core>
<MemPortIdVec></MemPortIdVec>
<condition id="26">
<or_exp><and_exp><literal name="exitcond_flatten" val="0"/>
</and_exp></or_exp>
</condition>

<Node id="92" bw="32" op_0_bw="32" op_1_bw="0" op_2_bw="32">
<![CDATA[
._crit_edge5.i.i:0  %empty = call i32 (...)* @_ssdm_op_SpecRegionEnd([7 x i8]* @p_str15, i32 %tmp_2_i)

]]></Node>
<StgValue><ssdm name="empty"/></StgValue>
</operation>

<operation id="121" st_id="13" stage="1" lat="1">
<core>NULL</core>
<MemPortIdVec></MemPortIdVec>
<condition id="26">
<or_exp><and_exp><literal name="exitcond_flatten" val="0"/>
</and_exp></or_exp>
</condition>

<Node id="94" bw="0" op_0_bw="0">
<![CDATA[
._crit_edge5.i.i:2  br label %0

]]></Node>
<StgValue><ssdm name=""/></StgValue>
</operation>
</state>

<state id="14" st_id="14">

<operation id="122" st_id="14" stage="1" lat="1">
<core>NULL</core>
<MemPortIdVec></MemPortIdVec>
<condition id="30">
<or_exp><and_exp></and_exp></or_exp>
</condition>

<Node id="96" bw="0">
<![CDATA[
.exit:0  ret void

]]></Node>
<StgValue><ssdm name=""/></StgValue>
</operation>
</state>
</state_list>


<ports>
<port id="158" name="height" dir="0" iftype="3">
<core>FIFO</core><StgValue><ssdm name="height"/></StgValue>
</port>
<port id="159" name="width" dir="0" iftype="3">
<core>FIFO</core><StgValue><ssdm name="width"/></StgValue>
</port>
<port id="160" name="src_V" dir="0" iftype="0">
<core>NULL</core><StgValue><ssdm name="src_V"/></StgValue>
</port>
<port id="161" name="hconv_V" dir="1" iftype="3">
<core>FIFO</core><StgValue><ssdm name="hconv_V"/></StgValue>
</port>
</ports>


<dataflows>
<dataflow id="163" from="StgValue_162" to="hwin_1_1_i" fromId="162" toId="15">
</dataflow>
<dataflow id="164" from="StgValue_162" to="hwin_1" fromId="162" toId="16">
</dataflow>
<dataflow id="165" from="StgValue_162" to="hwin_2" fromId="162" toId="17">
</dataflow>
<dataflow id="166" from="StgValue_162" to="hwin_3" fromId="162" toId="18">
</dataflow>
<dataflow id="167" from="StgValue_162" to="hwin_4" fromId="162" toId="19">
</dataflow>
<dataflow id="168" from="StgValue_162" to="hwin_5" fromId="162" toId="20">
</dataflow>
<dataflow id="169" from="StgValue_162" to="hwin_6" fromId="162" toId="21">
</dataflow>
<dataflow id="170" from="StgValue_162" to="hwin_7" fromId="162" toId="22">
</dataflow>
<dataflow id="171" from="StgValue_162" to="hwin_8" fromId="162" toId="23">
</dataflow>
<dataflow id="172" from="StgValue_162" to="hwin_9" fromId="162" toId="24">
</dataflow>
<dataflow id="174" from="_ssdm_op_Read.ap_fifo.i32P" to="height_read" fromId="173" toId="25">
</dataflow>
<dataflow id="175" from="height" to="height_read" fromId="158" toId="25">
</dataflow>
<dataflow id="176" from="_ssdm_op_Read.ap_fifo.i32P" to="width_read" fromId="173" toId="26">
</dataflow>
<dataflow id="177" from="width" to="width_read" fromId="159" toId="26">
</dataflow>
<dataflow id="178" from="height_read" to="cast" fromId="25" toId="27">
</dataflow>
<dataflow id="179" from="width_read" to="cast1" fromId="26" toId="28">
</dataflow>
<dataflow id="180" from="cast1" to="bound" fromId="28" toId="29">
</dataflow>
<dataflow id="181" from="cast" to="bound" fromId="27" toId="29">
</dataflow>
<dataflow id="182" from="cast1" to="bound" fromId="28" toId="30">
</dataflow>
<dataflow id="183" from="cast" to="bound" fromId="27" toId="30">
</dataflow>
<dataflow id="185" from="_ssdm_op_SpecInterface" to="StgValue_31" fromId="184" toId="31">
</dataflow>
<dataflow id="186" from="src_V" to="StgValue_31" fromId="160" toId="31">
</dataflow>
<dataflow id="188" from="p_str5" to="StgValue_31" fromId="187" toId="31">
</dataflow>
<dataflow id="189" from="StgValue_162" to="StgValue_31" fromId="162" toId="31">
</dataflow>
<dataflow id="190" from="StgValue_162" to="StgValue_31" fromId="162" toId="31">
</dataflow>
<dataflow id="192" from="p_str6" to="StgValue_31" fromId="191" toId="31">
</dataflow>
<dataflow id="194" from="StgValue_193" to="StgValue_31" fromId="193" toId="31">
</dataflow>
<dataflow id="195" from="StgValue_193" to="StgValue_31" fromId="193" toId="31">
</dataflow>
<dataflow id="197" from="p_str1" to="StgValue_31" fromId="196" toId="31">
</dataflow>
<dataflow id="198" from="p_str1" to="StgValue_31" fromId="196" toId="31">
</dataflow>
<dataflow id="199" from="p_str1" to="StgValue_31" fromId="196" toId="31">
</dataflow>
<dataflow id="200" from="StgValue_193" to="StgValue_31" fromId="193" toId="31">
</dataflow>
<dataflow id="201" from="StgValue_193" to="StgValue_31" fromId="193" toId="31">
</dataflow>
<dataflow id="202" from="StgValue_193" to="StgValue_31" fromId="193" toId="31">
</dataflow>
<dataflow id="203" from="StgValue_193" to="StgValue_31" fromId="193" toId="31">
</dataflow>
<dataflow id="204" from="p_str1" to="StgValue_31" fromId="196" toId="31">
</dataflow>
<dataflow id="205" from="p_str1" to="StgValue_31" fromId="196" toId="31">
</dataflow>
<dataflow id="206" from="_ssdm_op_SpecInterface" to="StgValue_32" fromId="184" toId="32">
</dataflow>
<dataflow id="207" from="hconv_V" to="StgValue_32" fromId="161" toId="32">
</dataflow>
<dataflow id="209" from="ap_fifo_str" to="StgValue_32" fromId="208" toId="32">
</dataflow>
<dataflow id="210" from="StgValue_193" to="StgValue_32" fromId="193" toId="32">
</dataflow>
<dataflow id="211" from="StgValue_193" to="StgValue_32" fromId="193" toId="32">
</dataflow>
<dataflow id="213" from="p_str" to="StgValue_32" fromId="212" toId="32">
</dataflow>
<dataflow id="214" from="StgValue_193" to="StgValue_32" fromId="193" toId="32">
</dataflow>
<dataflow id="215" from="StgValue_193" to="StgValue_32" fromId="193" toId="32">
</dataflow>
<dataflow id="216" from="p_str" to="StgValue_32" fromId="212" toId="32">
</dataflow>
<dataflow id="217" from="p_str" to="StgValue_32" fromId="212" toId="32">
</dataflow>
<dataflow id="218" from="p_str" to="StgValue_32" fromId="212" toId="32">
</dataflow>
<dataflow id="220" from="StgValue_219" to="StgValue_32" fromId="219" toId="32">
</dataflow>
<dataflow id="221" from="StgValue_219" to="StgValue_32" fromId="219" toId="32">
</dataflow>
<dataflow id="223" from="StgValue_222" to="StgValue_32" fromId="222" toId="32">
</dataflow>
<dataflow id="224" from="StgValue_222" to="StgValue_32" fromId="222" toId="32">
</dataflow>
<dataflow id="225" from="p_str" to="StgValue_32" fromId="212" toId="32">
</dataflow>
<dataflow id="226" from="p_str" to="StgValue_32" fromId="212" toId="32">
</dataflow>
<dataflow id="227" from="_ssdm_op_SpecInterface" to="StgValue_33" fromId="184" toId="33">
</dataflow>
<dataflow id="228" from="width" to="StgValue_33" fromId="159" toId="33">
</dataflow>
<dataflow id="229" from="ap_fifo_str" to="StgValue_33" fromId="208" toId="33">
</dataflow>
<dataflow id="230" from="StgValue_193" to="StgValue_33" fromId="193" toId="33">
</dataflow>
<dataflow id="231" from="StgValue_193" to="StgValue_33" fromId="193" toId="33">
</dataflow>
<dataflow id="232" from="p_str" to="StgValue_33" fromId="212" toId="33">
</dataflow>
<dataflow id="233" from="StgValue_193" to="StgValue_33" fromId="193" toId="33">
</dataflow>
<dataflow id="234" from="StgValue_193" to="StgValue_33" fromId="193" toId="33">
</dataflow>
<dataflow id="235" from="p_str" to="StgValue_33" fromId="212" toId="33">
</dataflow>
<dataflow id="236" from="p_str" to="StgValue_33" fromId="212" toId="33">
</dataflow>
<dataflow id="237" from="p_str" to="StgValue_33" fromId="212" toId="33">
</dataflow>
<dataflow id="238" from="StgValue_219" to="StgValue_33" fromId="219" toId="33">
</dataflow>
<dataflow id="239" from="StgValue_219" to="StgValue_33" fromId="219" toId="33">
</dataflow>
<dataflow id="240" from="StgValue_222" to="StgValue_33" fromId="222" toId="33">
</dataflow>
<dataflow id="241" from="StgValue_222" to="StgValue_33" fromId="222" toId="33">
</dataflow>
<dataflow id="242" from="p_str" to="StgValue_33" fromId="212" toId="33">
</dataflow>
<dataflow id="243" from="p_str" to="StgValue_33" fromId="212" toId="33">
</dataflow>
<dataflow id="244" from="_ssdm_op_SpecInterface" to="StgValue_34" fromId="184" toId="34">
</dataflow>
<dataflow id="245" from="height" to="StgValue_34" fromId="158" toId="34">
</dataflow>
<dataflow id="246" from="ap_fifo_str" to="StgValue_34" fromId="208" toId="34">
</dataflow>
<dataflow id="247" from="StgValue_193" to="StgValue_34" fromId="193" toId="34">
</dataflow>
<dataflow id="248" from="StgValue_193" to="StgValue_34" fromId="193" toId="34">
</dataflow>
<dataflow id="249" from="p_str" to="StgValue_34" fromId="212" toId="34">
</dataflow>
<dataflow id="250" from="StgValue_193" to="StgValue_34" fromId="193" toId="34">
</dataflow>
<dataflow id="251" from="StgValue_193" to="StgValue_34" fromId="193" toId="34">
</dataflow>
<dataflow id="252" from="p_str" to="StgValue_34" fromId="212" toId="34">
</dataflow>
<dataflow id="253" from="p_str" to="StgValue_34" fromId="212" toId="34">
</dataflow>
<dataflow id="254" from="p_str" to="StgValue_34" fromId="212" toId="34">
</dataflow>
<dataflow id="255" from="StgValue_219" to="StgValue_34" fromId="219" toId="34">
</dataflow>
<dataflow id="256" from="StgValue_219" to="StgValue_34" fromId="219" toId="34">
</dataflow>
<dataflow id="257" from="StgValue_222" to="StgValue_34" fromId="222" toId="34">
</dataflow>
<dataflow id="258" from="StgValue_222" to="StgValue_34" fromId="222" toId="34">
</dataflow>
<dataflow id="259" from="p_str" to="StgValue_34" fromId="212" toId="34">
</dataflow>
<dataflow id="260" from="p_str" to="StgValue_34" fromId="212" toId="34">
</dataflow>
<dataflow id="261" from="cast1" to="bound" fromId="28" toId="35">
</dataflow>
<dataflow id="262" from="cast" to="bound" fromId="27" toId="35">
</dataflow>
<dataflow id="264" from="StgValue_263" to="indvar_flatten" fromId="263" toId="37">
<condition id="86">
<or_exp><and_exp></and_exp></or_exp>
</condition>
</dataflow>
<dataflow id="265" from="StgValue_36" to="indvar_flatten" fromId="36" toId="37">
</dataflow>
<dataflow id="266" from="indvar_flatten_next" to="indvar_flatten" fromId="42" toId="37">
<BackEdge/>
<condition id="87">
<or_exp><and_exp><literal name="exitcond_flatten" val="0"/>
</and_exp></or_exp>
</condition>
</dataflow>
<dataflow id="267" from="StgValue_121" to="indvar_flatten" fromId="121" toId="37">
<BackEdge/>
</dataflow>
<dataflow id="269" from="StgValue_268" to="row_0_i_i" fromId="268" toId="38">
<condition id="88">
<or_exp><and_exp></and_exp></or_exp>
</condition>
</dataflow>
<dataflow id="270" from="StgValue_36" to="row_0_i_i" fromId="36" toId="38">
</dataflow>
<dataflow id="271" from="row" to="row_0_i_i" fromId="47" toId="38">
<BackEdge/>
<condition id="89">
<or_exp><and_exp><literal name="exitcond_flatten" val="0"/>
</and_exp></or_exp>
</condition>
</dataflow>
<dataflow id="272" from="StgValue_121" to="row_0_i_i" fromId="121" toId="38">
<BackEdge/>
</dataflow>
<dataflow id="273" from="row_0_i_i" to="row_0_i_cast_i" fromId="38" toId="39">
</dataflow>
<dataflow id="274" from="row_0_i_cast_i" to="tmp_4_i" fromId="39" toId="40">
</dataflow>
<dataflow id="275" from="width_read" to="tmp_4_i" fromId="26" toId="40">
</dataflow>
<dataflow id="276" from="indvar_flatten" to="exitcond_flatten" fromId="37" toId="41">
</dataflow>
<dataflow id="277" from="bound" to="exitcond_flatten" fromId="35" toId="41">
</dataflow>
<dataflow id="278" from="indvar_flatten" to="indvar_flatten_next" fromId="37" toId="42">
</dataflow>
<dataflow id="280" from="StgValue_279" to="indvar_flatten_next" fromId="279" toId="42">
</dataflow>
<dataflow id="281" from="tmp_4_i" to="row_0_i_i_mid2" fromId="40" toId="43">
</dataflow>
<dataflow id="282" from="row_0_i_i" to="row_0_i_i_mid2" fromId="38" toId="43">
</dataflow>
<dataflow id="283" from="StgValue_268" to="row_0_i_i_mid2" fromId="268" toId="43">
</dataflow>
<dataflow id="285" from="_ssdm_op_Read.axis.volatile.i32P" to="tmp_16" fromId="284" toId="44">
</dataflow>
<dataflow id="286" from="src_V" to="tmp_16" fromId="160" toId="44">
</dataflow>
<dataflow id="287" from="row_0_i_i_mid2" to="tmp_10_i" fromId="43" toId="45">
</dataflow>
<dataflow id="289" from="StgValue_288" to="tmp_10_i" fromId="288" toId="45">
</dataflow>
<dataflow id="290" from="tmp_10_i" to="StgValue_46" fromId="45" toId="46">
</dataflow>
<dataflow id="291" from="row_0_i_i_mid2" to="row" fromId="43" toId="47">
</dataflow>
<dataflow id="293" from="StgValue_292" to="row" fromId="292" toId="47">
</dataflow>
<dataflow id="294" from="hwin_1_1_i" to="hwin_1_1_i_load" fromId="15" toId="48">
</dataflow>
<dataflow id="295" from="hwin_1" to="hwin_1_load" fromId="16" toId="49">
</dataflow>
<dataflow id="296" from="hwin_2" to="hwin_2_load" fromId="17" toId="50">
</dataflow>
<dataflow id="297" from="hwin_3" to="hwin_3_load" fromId="18" toId="51">
</dataflow>
<dataflow id="298" from="hwin_4" to="hwin_4_load" fromId="19" toId="52">
</dataflow>
<dataflow id="299" from="hwin_5" to="hwin_5_load" fromId="20" toId="53">
</dataflow>
<dataflow id="300" from="hwin_6" to="hwin_6_load" fromId="21" toId="54">
</dataflow>
<dataflow id="301" from="hwin_7" to="hwin_7_load" fromId="22" toId="55">
</dataflow>
<dataflow id="302" from="hwin_8" to="hwin_8_load" fromId="23" toId="56">
</dataflow>
<dataflow id="303" from="hwin_9" to="hwin_9_load_1" fromId="24" toId="57">
</dataflow>
<dataflow id="304" from="hwin_9_load_1" to="StgValue_58" fromId="57" toId="58">
</dataflow>
<dataflow id="305" from="hwin_8" to="StgValue_58" fromId="23" toId="58">
</dataflow>
<dataflow id="306" from="hwin_8_load" to="StgValue_59" fromId="56" toId="59">
</dataflow>
<dataflow id="307" from="hwin_7" to="StgValue_59" fromId="22" toId="59">
</dataflow>
<dataflow id="308" from="hwin_7_load" to="StgValue_60" fromId="55" toId="60">
</dataflow>
<dataflow id="309" from="hwin_6" to="StgValue_60" fromId="21" toId="60">
</dataflow>
<dataflow id="310" from="hwin_6_load" to="StgValue_61" fromId="54" toId="61">
</dataflow>
<dataflow id="311" from="hwin_5" to="StgValue_61" fromId="20" toId="61">
</dataflow>
<dataflow id="312" from="hwin_5_load" to="StgValue_62" fromId="53" toId="62">
</dataflow>
<dataflow id="313" from="hwin_4" to="StgValue_62" fromId="19" toId="62">
</dataflow>
<dataflow id="314" from="hwin_4_load" to="StgValue_63" fromId="52" toId="63">
</dataflow>
<dataflow id="315" from="hwin_3" to="StgValue_63" fromId="18" toId="63">
</dataflow>
<dataflow id="316" from="hwin_3_load" to="StgValue_64" fromId="51" toId="64">
</dataflow>
<dataflow id="317" from="hwin_2" to="StgValue_64" fromId="17" toId="64">
</dataflow>
<dataflow id="318" from="hwin_2_load" to="StgValue_65" fromId="50" toId="65">
</dataflow>
<dataflow id="319" from="hwin_1" to="StgValue_65" fromId="16" toId="65">
</dataflow>
<dataflow id="320" from="hwin_1_load" to="StgValue_66" fromId="49" toId="66">
</dataflow>
<dataflow id="321" from="hwin_1_1_i" to="StgValue_66" fromId="15" toId="66">
</dataflow>
<dataflow id="322" from="exitcond_flatten" to="StgValue_67" fromId="41" toId="67">
</dataflow>
<dataflow id="323" from="hwin_9" to="hwin_9_load" fromId="24" toId="68">
</dataflow>
<dataflow id="324" from="_ssdm_op_Read.axis.volatile.i32P" to="tmp_16" fromId="284" toId="69">
</dataflow>
<dataflow id="325" from="src_V" to="tmp_16" fromId="160" toId="69">
</dataflow>
<dataflow id="327" from="StgValue_326" to="tmp_23_1_i" fromId="326" toId="70">
</dataflow>
<dataflow id="328" from="hwin_1_load" to="tmp_23_1_i" fromId="49" toId="70">
</dataflow>
<dataflow id="330" from="StgValue_329" to="tmp_23_2_i" fromId="329" toId="71">
</dataflow>
<dataflow id="331" from="hwin_2_load" to="tmp_23_2_i" fromId="50" toId="71">
</dataflow>
<dataflow id="333" from="StgValue_332" to="tmp_23_4_i" fromId="332" toId="72">
</dataflow>
<dataflow id="334" from="hwin_4_load" to="tmp_23_4_i" fromId="52" toId="72">
</dataflow>
<dataflow id="336" from="StgValue_335" to="tmp_23_5_i" fromId="335" toId="73">
</dataflow>
<dataflow id="337" from="hwin_5_load" to="tmp_23_5_i" fromId="53" toId="73">
</dataflow>
<dataflow id="338" from="StgValue_329" to="tmp_23_8_i" fromId="329" toId="74">
</dataflow>
<dataflow id="339" from="hwin_8_load" to="tmp_23_8_i" fromId="56" toId="74">
</dataflow>
<dataflow id="340" from="StgValue_326" to="tmp_23_9_i" fromId="326" toId="75">
</dataflow>
<dataflow id="341" from="hwin_9_load" to="tmp_23_9_i" fromId="68" toId="75">
</dataflow>
<dataflow id="342" from="tmp_16" to="StgValue_76" fromId="69" toId="76">
</dataflow>
<dataflow id="343" from="hwin_9" to="StgValue_76" fromId="24" toId="76">
</dataflow>
<dataflow id="344" from="StgValue_326" to="tmp_23_1_i" fromId="326" toId="77">
</dataflow>
<dataflow id="345" from="hwin_1_load" to="tmp_23_1_i" fromId="49" toId="77">
</dataflow>
<dataflow id="346" from="StgValue_329" to="tmp_23_2_i" fromId="329" toId="78">
</dataflow>
<dataflow id="347" from="hwin_2_load" to="tmp_23_2_i" fromId="50" toId="78">
</dataflow>
<dataflow id="348" from="StgValue_332" to="tmp_23_4_i" fromId="332" toId="79">
</dataflow>
<dataflow id="349" from="hwin_4_load" to="tmp_23_4_i" fromId="52" toId="79">
</dataflow>
<dataflow id="350" from="StgValue_335" to="tmp_23_5_i" fromId="335" toId="80">
</dataflow>
<dataflow id="351" from="hwin_5_load" to="tmp_23_5_i" fromId="53" toId="80">
</dataflow>
<dataflow id="352" from="StgValue_332" to="tmp_23_6_i" fromId="332" toId="81">
</dataflow>
<dataflow id="353" from="hwin_6_load" to="tmp_23_6_i" fromId="54" toId="81">
</dataflow>
<dataflow id="355" from="StgValue_354" to="tmp_23_7_i" fromId="354" toId="82">
</dataflow>
<dataflow id="356" from="hwin_7_load" to="tmp_23_7_i" fromId="55" toId="82">
</dataflow>
<dataflow id="357" from="StgValue_329" to="tmp_23_8_i" fromId="329" toId="83">
</dataflow>
<dataflow id="358" from="hwin_8_load" to="tmp_23_8_i" fromId="56" toId="83">
</dataflow>
<dataflow id="359" from="StgValue_326" to="tmp_23_9_i" fromId="326" toId="84">
</dataflow>
<dataflow id="360" from="hwin_9_load" to="tmp_23_9_i" fromId="68" toId="84">
</dataflow>
<dataflow id="361" from="StgValue_326" to="tmp_23_1_i" fromId="326" toId="85">
</dataflow>
<dataflow id="362" from="hwin_1_load" to="tmp_23_1_i" fromId="49" toId="85">
</dataflow>
<dataflow id="363" from="StgValue_329" to="tmp_23_2_i" fromId="329" toId="86">
</dataflow>
<dataflow id="364" from="hwin_2_load" to="tmp_23_2_i" fromId="50" toId="86">
</dataflow>
<dataflow id="365" from="StgValue_354" to="tmp_23_3_i" fromId="354" toId="87">
</dataflow>
<dataflow id="366" from="hwin_3_load" to="tmp_23_3_i" fromId="51" toId="87">
</dataflow>
<dataflow id="367" from="StgValue_332" to="tmp_23_4_i" fromId="332" toId="88">
</dataflow>
<dataflow id="368" from="hwin_4_load" to="tmp_23_4_i" fromId="52" toId="88">
</dataflow>
<dataflow id="369" from="StgValue_335" to="tmp_23_5_i" fromId="335" toId="89">
</dataflow>
<dataflow id="370" from="hwin_5_load" to="tmp_23_5_i" fromId="53" toId="89">
</dataflow>
<dataflow id="371" from="StgValue_332" to="tmp_23_6_i" fromId="332" toId="90">
</dataflow>
<dataflow id="372" from="hwin_6_load" to="tmp_23_6_i" fromId="54" toId="90">
</dataflow>
<dataflow id="373" from="StgValue_354" to="tmp_23_7_i" fromId="354" toId="91">
</dataflow>
<dataflow id="374" from="hwin_7_load" to="tmp_23_7_i" fromId="55" toId="91">
</dataflow>
<dataflow id="375" from="StgValue_329" to="tmp_23_8_i" fromId="329" toId="92">
</dataflow>
<dataflow id="376" from="hwin_8_load" to="tmp_23_8_i" fromId="56" toId="92">
</dataflow>
<dataflow id="377" from="StgValue_326" to="tmp_23_9_i" fromId="326" toId="93">
</dataflow>
<dataflow id="378" from="hwin_9_load" to="tmp_23_9_i" fromId="68" toId="93">
</dataflow>
<dataflow id="379" from="hwin_1_1_i_load" to="tmp" fromId="48" toId="94">
</dataflow>
<dataflow id="381" from="StgValue_380" to="tmp" fromId="380" toId="94">
</dataflow>
<dataflow id="382" from="hwin_1_1_i_load" to="tmp_13" fromId="48" toId="95">
</dataflow>
<dataflow id="383" from="StgValue_219" to="tmp_13" fromId="219" toId="95">
</dataflow>
<dataflow id="384" from="StgValue_354" to="tmp_23_3_i" fromId="354" toId="96">
</dataflow>
<dataflow id="385" from="hwin_3_load" to="tmp_23_3_i" fromId="51" toId="96">
</dataflow>
<dataflow id="386" from="StgValue_332" to="tmp_23_6_i" fromId="332" toId="97">
</dataflow>
<dataflow id="387" from="hwin_6_load" to="tmp_23_6_i" fromId="54" toId="97">
</dataflow>
<dataflow id="388" from="StgValue_354" to="tmp_23_7_i" fromId="354" toId="98">
</dataflow>
<dataflow id="389" from="hwin_7_load" to="tmp_23_7_i" fromId="55" toId="98">
</dataflow>
<dataflow id="390" from="tmp_16" to="tmp_14" fromId="69" toId="99">
</dataflow>
<dataflow id="391" from="StgValue_380" to="tmp_14" fromId="380" toId="99">
</dataflow>
<dataflow id="392" from="tmp_16" to="tmp_15" fromId="69" toId="100">
</dataflow>
<dataflow id="393" from="StgValue_219" to="tmp_15" fromId="219" toId="100">
</dataflow>
<dataflow id="394" from="tmp_14" to="tmp3" fromId="99" toId="101">
</dataflow>
<dataflow id="395" from="tmp" to="tmp3" fromId="94" toId="101">
</dataflow>
<dataflow id="396" from="tmp3" to="tmp2" fromId="101" toId="102">
</dataflow>
<dataflow id="397" from="tmp_15" to="tmp2" fromId="100" toId="102">
</dataflow>
<dataflow id="398" from="tmp_23_1_i" to="tmp5" fromId="85" toId="103">
</dataflow>
<dataflow id="399" from="tmp_23_2_i" to="tmp5" fromId="86" toId="103">
</dataflow>
<dataflow id="400" from="tmp5" to="tmp4" fromId="103" toId="104">
</dataflow>
<dataflow id="401" from="tmp_13" to="tmp4" fromId="95" toId="104">
</dataflow>
<dataflow id="402" from="tmp_23_4_i" to="tmp8" fromId="88" toId="105">
</dataflow>
<dataflow id="403" from="tmp_23_5_i" to="tmp8" fromId="89" toId="105">
</dataflow>
<dataflow id="404" from="tmp_23_8_i" to="tmp11" fromId="92" toId="106">
</dataflow>
<dataflow id="405" from="tmp_23_9_i" to="tmp11" fromId="93" toId="106">
</dataflow>
<dataflow id="406" from="StgValue_354" to="tmp_23_3_i" fromId="354" toId="107">
</dataflow>
<dataflow id="407" from="hwin_3_load" to="tmp_23_3_i" fromId="51" toId="107">
</dataflow>
<dataflow id="408" from="tmp_23_6_i" to="tmp10" fromId="97" toId="108">
</dataflow>
<dataflow id="409" from="tmp_23_7_i" to="tmp10" fromId="98" toId="108">
</dataflow>
<dataflow id="410" from="tmp11" to="tmp9" fromId="106" toId="109">
</dataflow>
<dataflow id="411" from="tmp10" to="tmp9" fromId="108" toId="109">
</dataflow>
<dataflow id="412" from="tmp8" to="tmp7" fromId="105" toId="110">
</dataflow>
<dataflow id="413" from="tmp_23_3_i" to="tmp7" fromId="107" toId="110">
</dataflow>
<dataflow id="414" from="tmp9" to="tmp6" fromId="109" toId="111">
</dataflow>
<dataflow id="415" from="tmp7" to="tmp6" fromId="110" toId="111">
</dataflow>
<dataflow id="416" from="tmp4" to="tmp1" fromId="104" toId="112">
</dataflow>
<dataflow id="417" from="tmp2" to="tmp1" fromId="102" toId="112">
</dataflow>
<dataflow id="418" from="tmp6" to="tmp_4" fromId="111" toId="113">
</dataflow>
<dataflow id="419" from="tmp1" to="tmp_4" fromId="112" toId="113">
</dataflow>
<dataflow id="421" from="_ssdm_op_SpecLoopName" to="StgValue_114" fromId="420" toId="114">
</dataflow>
<dataflow id="423" from="HConvH_HConvW_str" to="StgValue_114" fromId="422" toId="114">
</dataflow>
<dataflow id="424" from="_ssdm_op_SpecLoopName" to="StgValue_115" fromId="420" toId="115">
</dataflow>
<dataflow id="426" from="p_str15" to="StgValue_115" fromId="425" toId="115">
</dataflow>
<dataflow id="428" from="_ssdm_op_SpecRegionBegin" to="tmp_2_i" fromId="427" toId="116">
</dataflow>
<dataflow id="429" from="p_str15" to="tmp_2_i" fromId="425" toId="116">
</dataflow>
<dataflow id="431" from="_ssdm_op_SpecPipeline" to="StgValue_117" fromId="430" toId="117">
</dataflow>
<dataflow id="433" from="StgValue_432" to="StgValue_117" fromId="432" toId="117">
</dataflow>
<dataflow id="434" from="StgValue_162" to="StgValue_117" fromId="162" toId="117">
</dataflow>
<dataflow id="435" from="StgValue_162" to="StgValue_117" fromId="162" toId="117">
</dataflow>
<dataflow id="436" from="StgValue_193" to="StgValue_117" fromId="193" toId="117">
</dataflow>
<dataflow id="437" from="p_str1" to="StgValue_117" fromId="196" toId="117">
</dataflow>
<dataflow id="439" from="_ssdm_op_Write.ap_fifo.volatile.i32P" to="StgValue_118" fromId="438" toId="118">
</dataflow>
<dataflow id="440" from="hconv_V" to="StgValue_118" fromId="161" toId="118">
</dataflow>
<dataflow id="441" from="tmp_4" to="StgValue_118" fromId="113" toId="118">
</dataflow>
<dataflow id="443" from="_ssdm_op_SpecRegionEnd" to="empty" fromId="442" toId="120">
</dataflow>
<dataflow id="444" from="p_str15" to="empty" fromId="425" toId="120">
</dataflow>
<dataflow id="445" from="tmp_2_i" to="empty" fromId="116" toId="120">
</dataflow>
<dataflow id="446" from="exitcond_flatten" to="StgValue_5" fromId="41" toId="5">
</dataflow>
<dataflow id="447" from="exitcond_flatten" to="StgValue_6" fromId="41" toId="6">
</dataflow>
<dataflow id="448" from="exitcond_flatten" to="StgValue_7" fromId="41" toId="7">
</dataflow>
<dataflow id="449" from="exitcond_flatten" to="StgValue_8" fromId="41" toId="8">
</dataflow>
<dataflow id="450" from="exitcond_flatten" to="StgValue_9" fromId="41" toId="9">
</dataflow>
<dataflow id="451" from="exitcond_flatten" to="StgValue_10" fromId="41" toId="10">
</dataflow>
<dataflow id="452" from="exitcond_flatten" to="StgValue_11" fromId="41" toId="11">
</dataflow>
<dataflow id="453" from="exitcond_flatten" to="StgValue_12" fromId="41" toId="12">
</dataflow>
<dataflow id="454" from="exitcond_flatten" to="StgValue_13" fromId="41" toId="13">
</dataflow>
<dataflow id="455" from="tmp_10_i" to="StgValue_13" fromId="45" toId="13">
</dataflow>
</dataflows>


</stg>
