<stg><name>Loop_VConvH_proc</name>


<trans_list>

<trans id="143" from="1" to="2">
<condition id="34">
<or_exp><and_exp></and_exp></or_exp>
</condition>
</trans>

<trans id="144" from="2" to="3">
<condition id="35">
<or_exp><and_exp></and_exp></or_exp>
</condition>
</trans>

<trans id="145" from="3" to="4">
<condition id="36">
<or_exp><and_exp></and_exp></or_exp>
</condition>
</trans>

<trans id="146" from="4" to="5">
<condition id="38">
<or_exp><and_exp></and_exp></or_exp>
</condition>
</trans>

<trans id="181" from="5" to="16">
<condition id="64">
<or_exp><and_exp><literal name="exitcond_flatten" val="1"/>
</and_exp></or_exp>
</condition>
</trans>

<trans id="182" from="5" to="6">
<condition id="75">
<or_exp><and_exp><literal name="exitcond_flatten" val="0"/>
</and_exp></or_exp>
</condition>
</trans>

<trans id="171" from="6" to="7">
<condition id="65">
<or_exp><and_exp></and_exp></or_exp>
</condition>
</trans>

<trans id="172" from="7" to="8">
<condition id="66">
<or_exp><and_exp></and_exp></or_exp>
</condition>
</trans>

<trans id="173" from="8" to="9">
<condition id="67">
<or_exp><and_exp></and_exp></or_exp>
</condition>
</trans>

<trans id="174" from="9" to="10">
<condition id="68">
<or_exp><and_exp></and_exp></or_exp>
</condition>
</trans>

<trans id="175" from="10" to="11">
<condition id="69">
<or_exp><and_exp></and_exp></or_exp>
</condition>
</trans>

<trans id="176" from="11" to="12">
<condition id="70">
<or_exp><and_exp></and_exp></or_exp>
</condition>
</trans>

<trans id="177" from="12" to="13">
<condition id="71">
<or_exp><and_exp></and_exp></or_exp>
</condition>
</trans>

<trans id="178" from="13" to="14">
<condition id="72">
<or_exp><and_exp></and_exp></or_exp>
</condition>
</trans>

<trans id="179" from="14" to="15">
<condition id="73">
<or_exp><and_exp></and_exp></or_exp>
</condition>
</trans>

<trans id="180" from="15" to="5">
<condition id="74">
<or_exp><and_exp></and_exp></or_exp>
</condition>
</trans>
</trans_list>



<state_list>

<state id="1" st_id="1">

<operation id="17" st_id="1" stage="1" lat="1">
<core>FIFO</core>
<MemPortIdVec></MemPortIdVec>
<condition id="25">
<or_exp><and_exp></and_exp></or_exp>
</condition>

<Node id="21" bw="32" op_0_bw="32" op_1_bw="32">
<![CDATA[
entry:4  %height_read = call i32 @_ssdm_op_Read.ap_fifo.i32P(i32* %height)

]]></Node>
<StgValue><ssdm name="height_read"/></StgValue>
</operation>

<operation id="18" st_id="1" stage="1" lat="1">
<core>FIFO</core>
<MemPortIdVec></MemPortIdVec>
<condition id="25">
<or_exp><and_exp></and_exp></or_exp>
</condition>

<Node id="22" bw="32" op_0_bw="32" op_1_bw="32">
<![CDATA[
entry:5  %vconv_xlim_loc_read = call i32 @_ssdm_op_Read.ap_fifo.i32P(i32* %vconv_xlim_loc)

]]></Node>
<StgValue><ssdm name="vconv_xlim_loc_read"/></StgValue>
</operation>

<operation id="19" st_id="1" stage="1" lat="1">
<core>FIFO</core>
<MemPortIdVec></MemPortIdVec>
<condition id="25">
<or_exp><and_exp></and_exp></or_exp>
</condition>

<Node id="24" bw="0" op_0_bw="0" op_1_bw="32" op_2_bw="32">
<![CDATA[
entry:7  call void @_ssdm_op_Write.ap_fifo.i32P(i32* %height_out, i32 %height_read)

]]></Node>
<StgValue><ssdm name=""/></StgValue>
</operation>

<operation id="20" st_id="1" stage="1" lat="1">
<core>FIFO</core>
<MemPortIdVec></MemPortIdVec>
<condition id="25">
<or_exp><and_exp></and_exp></or_exp>
</condition>

<Node id="26" bw="0" op_0_bw="0" op_1_bw="32" op_2_bw="32">
<![CDATA[
entry:9  call void @_ssdm_op_Write.ap_fifo.i32P(i32* %vconv_xlim_loc_out, i32 %vconv_xlim_loc_read)

]]></Node>
<StgValue><ssdm name=""/></StgValue>
</operation>
</state>

<state id="2" st_id="2">

<operation id="21" st_id="2" stage="1" lat="1">
<core>NULL</core>
<MemPortIdVec></MemPortIdVec>
<condition id="26">
<or_exp><and_exp></and_exp></or_exp>
</condition>

<Node id="27" bw="64" op_0_bw="32">
<![CDATA[
entry:10  %cast = zext i32 %height_read to i64

]]></Node>
<StgValue><ssdm name="cast"/></StgValue>
</operation>

<operation id="22" st_id="2" stage="1" lat="1">
<core>NULL</core>
<MemPortIdVec></MemPortIdVec>
<condition id="26">
<or_exp><and_exp></and_exp></or_exp>
</condition>

<Node id="28" bw="64" op_0_bw="32">
<![CDATA[
entry:11  %cast1 = zext i32 %vconv_xlim_loc_read to i64

]]></Node>
<StgValue><ssdm name="cast1"/></StgValue>
</operation>

<operation id="23" st_id="2" stage="3" lat="3">
<core>MulnS</core>
<MemPortIdVec></MemPortIdVec>
<condition id="26">
<or_exp><and_exp></and_exp></or_exp>
</condition>

<Node id="29" bw="64" op_0_bw="64" op_1_bw="64">
<![CDATA[
entry:12  %bound = mul i64 %cast1, %cast

]]></Node>
<StgValue><ssdm name="bound"/></StgValue>
</operation>
</state>

<state id="3" st_id="3">

<operation id="24" st_id="3" stage="2" lat="3">
<core>MulnS</core>
<MemPortIdVec></MemPortIdVec>
<condition id="27">
<or_exp><and_exp></and_exp></or_exp>
</condition>

<Node id="29" bw="64" op_0_bw="64" op_1_bw="64">
<![CDATA[
entry:12  %bound = mul i64 %cast1, %cast

]]></Node>
<StgValue><ssdm name="bound"/></StgValue>
</operation>
</state>

<state id="4" st_id="4">

<operation id="25" st_id="4" stage="1" lat="1">
<core>NULL</core>
<MemPortIdVec></MemPortIdVec>
<condition id="28">
<or_exp><and_exp></and_exp></or_exp>
</condition>

<Node id="17" bw="0" op_0_bw="0" op_1_bw="32" op_2_bw="0" op_3_bw="32" op_4_bw="32" op_5_bw="0" op_6_bw="32" op_7_bw="32" op_8_bw="0" op_9_bw="0" op_10_bw="0" op_11_bw="32" op_12_bw="32" op_13_bw="32" op_14_bw="32" op_15_bw="0" op_16_bw="0">
<![CDATA[
entry:0  call void (...)* @_ssdm_op_SpecInterface(i32* %vconv_V, [8 x i8]* @ap_fifo_str, i32 0, i32 0, [1 x i8]* @p_str, i32 0, i32 0, [1 x i8]* @p_str, [1 x i8]* @p_str, [1 x i8]* @p_str, i32 2, i32 2, i32 16, i32 16, [1 x i8]* @p_str, [1 x i8]* @p_str)

]]></Node>
<StgValue><ssdm name=""/></StgValue>
</operation>

<operation id="26" st_id="4" stage="1" lat="1">
<core>NULL</core>
<MemPortIdVec></MemPortIdVec>
<condition id="28">
<or_exp><and_exp></and_exp></or_exp>
</condition>

<Node id="18" bw="0" op_0_bw="0" op_1_bw="32" op_2_bw="0" op_3_bw="32" op_4_bw="32" op_5_bw="0" op_6_bw="32" op_7_bw="32" op_8_bw="0" op_9_bw="0" op_10_bw="0" op_11_bw="32" op_12_bw="32" op_13_bw="32" op_14_bw="32" op_15_bw="0" op_16_bw="0">
<![CDATA[
entry:1  call void (...)* @_ssdm_op_SpecInterface(i32* %hconv_V, [8 x i8]* @ap_fifo_str, i32 0, i32 0, [1 x i8]* @p_str, i32 0, i32 0, [1 x i8]* @p_str, [1 x i8]* @p_str, [1 x i8]* @p_str, i32 2, i32 2, i32 16, i32 16, [1 x i8]* @p_str, [1 x i8]* @p_str)

]]></Node>
<StgValue><ssdm name=""/></StgValue>
</operation>

<operation id="27" st_id="4" stage="1" lat="1">
<core>NULL</core>
<MemPortIdVec></MemPortIdVec>
<condition id="28">
<or_exp><and_exp></and_exp></or_exp>
</condition>

<Node id="19" bw="0" op_0_bw="0" op_1_bw="32" op_2_bw="0" op_3_bw="32" op_4_bw="32" op_5_bw="0" op_6_bw="32" op_7_bw="32" op_8_bw="0" op_9_bw="0" op_10_bw="0" op_11_bw="32" op_12_bw="32" op_13_bw="32" op_14_bw="32" op_15_bw="0" op_16_bw="0">
<![CDATA[
entry:2  call void (...)* @_ssdm_op_SpecInterface(i32* %vconv_xlim_loc, [8 x i8]* @ap_fifo_str, i32 0, i32 0, [1 x i8]* @p_str, i32 0, i32 0, [1 x i8]* @p_str, [1 x i8]* @p_str, [1 x i8]* @p_str, i32 2, i32 2, i32 16, i32 16, [1 x i8]* @p_str, [1 x i8]* @p_str)

]]></Node>
<StgValue><ssdm name=""/></StgValue>
</operation>

<operation id="28" st_id="4" stage="1" lat="1">
<core>NULL</core>
<MemPortIdVec></MemPortIdVec>
<condition id="28">
<or_exp><and_exp></and_exp></or_exp>
</condition>

<Node id="20" bw="0" op_0_bw="0" op_1_bw="32" op_2_bw="0" op_3_bw="32" op_4_bw="32" op_5_bw="0" op_6_bw="32" op_7_bw="32" op_8_bw="0" op_9_bw="0" op_10_bw="0" op_11_bw="32" op_12_bw="32" op_13_bw="32" op_14_bw="32" op_15_bw="0" op_16_bw="0">
<![CDATA[
entry:3  call void (...)* @_ssdm_op_SpecInterface(i32* %height, [8 x i8]* @ap_fifo_str, i32 0, i32 0, [1 x i8]* @p_str, i32 0, i32 0, [1 x i8]* @p_str, [1 x i8]* @p_str, [1 x i8]* @p_str, i32 2, i32 2, i32 16, i32 16, [1 x i8]* @p_str, [1 x i8]* @p_str)

]]></Node>
<StgValue><ssdm name=""/></StgValue>
</operation>

<operation id="29" st_id="4" stage="1" lat="1">
<core>NULL</core>
<MemPortIdVec></MemPortIdVec>
<condition id="28">
<or_exp><and_exp></and_exp></or_exp>
</condition>

<Node id="23" bw="0" op_0_bw="0" op_1_bw="32" op_2_bw="0" op_3_bw="32" op_4_bw="32" op_5_bw="0" op_6_bw="32" op_7_bw="32" op_8_bw="0" op_9_bw="0" op_10_bw="0" op_11_bw="32" op_12_bw="32" op_13_bw="32" op_14_bw="32" op_15_bw="0" op_16_bw="0">
<![CDATA[
entry:6  call void (...)* @_ssdm_op_SpecInterface(i32* %height_out, [8 x i8]* @ap_fifo_str, i32 0, i32 0, [1 x i8]* @p_str, i32 0, i32 0, [1 x i8]* @p_str, [1 x i8]* @p_str, [1 x i8]* @p_str, i32 2, i32 2, i32 16, i32 16, [1 x i8]* @p_str, [1 x i8]* @p_str)

]]></Node>
<StgValue><ssdm name=""/></StgValue>
</operation>

<operation id="30" st_id="4" stage="1" lat="1">
<core>NULL</core>
<MemPortIdVec></MemPortIdVec>
<condition id="28">
<or_exp><and_exp></and_exp></or_exp>
</condition>

<Node id="25" bw="0" op_0_bw="0" op_1_bw="32" op_2_bw="0" op_3_bw="32" op_4_bw="32" op_5_bw="0" op_6_bw="32" op_7_bw="32" op_8_bw="0" op_9_bw="0" op_10_bw="0" op_11_bw="32" op_12_bw="32" op_13_bw="32" op_14_bw="32" op_15_bw="0" op_16_bw="0">
<![CDATA[
entry:8  call void (...)* @_ssdm_op_SpecInterface(i32* %vconv_xlim_loc_out, [8 x i8]* @ap_fifo_str, i32 0, i32 0, [1 x i8]* @p_str, i32 0, i32 0, [1 x i8]* @p_str, [1 x i8]* @p_str, [1 x i8]* @p_str, i32 2, i32 2, i32 16, i32 16, [1 x i8]* @p_str, [1 x i8]* @p_str)

]]></Node>
<StgValue><ssdm name=""/></StgValue>
</operation>

<operation id="31" st_id="4" stage="1" lat="3">
<core>MulnS</core>
<MemPortIdVec></MemPortIdVec>
<condition id="28">
<or_exp><and_exp></and_exp></or_exp>
</condition>

<Node id="29" bw="64" op_0_bw="64" op_1_bw="64">
<![CDATA[
entry:12  %bound = mul i64 %cast1, %cast

]]></Node>
<StgValue><ssdm name="bound"/></StgValue>
</operation>

<operation id="32" st_id="4" stage="1" lat="1">
<core>NULL</core>
<MemPortIdVec></MemPortIdVec>
<condition id="28">
<or_exp><and_exp></and_exp></or_exp>
</condition>

<Node id="30" bw="0" op_0_bw="0">
<![CDATA[
entry:13  br label %0

]]></Node>
<StgValue><ssdm name=""/></StgValue>
</operation>
</state>

<state id="5" st_id="5">

<operation id="33" st_id="5" stage="1" lat="1">
<core>NULL</core>
<MemPortIdVec></MemPortIdVec>
<condition id="-1">
<or_exp><and_exp></and_exp></or_exp>
</condition>

<Node id="32" bw="64" op_0_bw="64" op_1_bw="0">
<![CDATA[
:0  %indvar_flatten = phi i64 [ 0, %entry ], [ %indvar_flatten_next, %._crit_edge8.i.i.i ]

]]></Node>
<StgValue><ssdm name="indvar_flatten"/></StgValue>
</operation>

<operation id="34" st_id="5" stage="1" lat="1">
<core>NULL</core>
<MemPortIdVec></MemPortIdVec>
<condition id="-1">
<or_exp><and_exp></and_exp></or_exp>
</condition>

<Node id="33" bw="31" op_0_bw="31" op_1_bw="0">
<![CDATA[
:1  %col1_0_i_i_i = phi i31 [ 0, %entry ], [ %col1_0_i_i_i_mid2, %._crit_edge8.i.i.i ]

]]></Node>
<StgValue><ssdm name="col1_0_i_i_i"/></StgValue>
</operation>

<operation id="35" st_id="5" stage="1" lat="1">
<core>NULL</core>
<MemPortIdVec></MemPortIdVec>
<condition id="-1">
<or_exp><and_exp></and_exp></or_exp>
</condition>

<Node id="34" bw="31" op_0_bw="31" op_1_bw="0">
<![CDATA[
:2  %row2_0_i_i_i = phi i31 [ 0, %entry ], [ %row, %._crit_edge8.i.i.i ]

]]></Node>
<StgValue><ssdm name="row2_0_i_i_i"/></StgValue>
</operation>

<operation id="36" st_id="5" stage="1" lat="1">
<core>NULL</core>
<MemPortIdVec></MemPortIdVec>
<condition id="-1">
<or_exp><and_exp></and_exp></or_exp>
</condition>

<Node id="35" bw="32" op_0_bw="31">
<![CDATA[
:3  %row2_0_i_cast_i_i = zext i31 %row2_0_i_i_i to i32

]]></Node>
<StgValue><ssdm name="row2_0_i_cast_i_i"/></StgValue>
</operation>

<operation id="37" st_id="5" stage="1" lat="1">
<core>Cmp</core>
<MemPortIdVec></MemPortIdVec>
<condition id="-1">
<or_exp><and_exp></and_exp></or_exp>
</condition>

<Node id="36" bw="1" op_0_bw="32" op_1_bw="32">
<![CDATA[
:4  %tmp_11_i_i = icmp slt i32 %row2_0_i_cast_i_i, %vconv_xlim_loc_read

]]></Node>
<StgValue><ssdm name="tmp_11_i_i"/></StgValue>
</operation>

<operation id="38" st_id="5" stage="1" lat="1">
<core>Cmp</core>
<MemPortIdVec></MemPortIdVec>
<condition id="-1">
<or_exp><and_exp></and_exp></or_exp>
</condition>

<Node id="37" bw="1" op_0_bw="64" op_1_bw="64">
<![CDATA[
:5  %exitcond_flatten = icmp eq i64 %indvar_flatten, %bound

]]></Node>
<StgValue><ssdm name="exitcond_flatten"/></StgValue>
</operation>

<operation id="39" st_id="5" stage="1" lat="1">
<core>AddSub</core>
<MemPortIdVec></MemPortIdVec>
<condition id="-1">
<or_exp><and_exp></and_exp></or_exp>
</condition>

<Node id="38" bw="64" op_0_bw="64" op_1_bw="64">
<![CDATA[
:6  %indvar_flatten_next = add i64 %indvar_flatten, 1

]]></Node>
<StgValue><ssdm name="indvar_flatten_next"/></StgValue>
</operation>

<operation id="40" st_id="5" stage="1" lat="1">
<core>NULL</core>
<MemPortIdVec></MemPortIdVec>
<condition id="-1">
<or_exp><and_exp></and_exp></or_exp>
</condition>

<Node id="39" bw="0" op_0_bw="1" op_1_bw="0" op_2_bw="0">
<![CDATA[
:7  br i1 %exitcond_flatten, label %.exit, label %.preheader24.i.i.i

]]></Node>
<StgValue><ssdm name=""/></StgValue>
</operation>

<operation id="41" st_id="5" stage="1" lat="1">
<core>Sel</core>
<MemPortIdVec></MemPortIdVec>
<condition id="0">
<or_exp><and_exp><literal name="exitcond_flatten" val="0"/>
</and_exp></or_exp>
</condition>

<Node id="42" bw="31" op_0_bw="1" op_1_bw="31" op_2_bw="31">
<![CDATA[
.preheader24.i.i.i:1  %row2_0_i_i_i_mid2 = select i1 %tmp_11_i_i, i31 %row2_0_i_i_i, i31 0

]]></Node>
<StgValue><ssdm name="row2_0_i_i_i_mid2"/></StgValue>
</operation>

<operation id="42" st_id="5" stage="1" lat="1">
<core>AddSub</core>
<MemPortIdVec></MemPortIdVec>
<condition id="0">
<or_exp><and_exp><literal name="exitcond_flatten" val="0"/>
</and_exp></or_exp>
</condition>

<Node id="43" bw="31" op_0_bw="31" op_1_bw="31">
<![CDATA[
.preheader24.i.i.i:2  %col = add i31 1, %col1_0_i_i_i

]]></Node>
<StgValue><ssdm name="col"/></StgValue>
</operation>

<operation id="43" st_id="5" stage="1" lat="1">
<core>Cmp</core>
<MemPortIdVec></MemPortIdVec>
<condition id="0">
<or_exp><and_exp><literal name="exitcond_flatten" val="0"/>
</and_exp></or_exp>
</condition>

<Node id="44" bw="1" op_0_bw="31" op_1_bw="31">
<![CDATA[
.preheader24.i.i.i:3  %tmp_8_i_i_mid1 = icmp ugt i31 %col, 9

]]></Node>
<StgValue><ssdm name="tmp_8_i_i_mid1"/></StgValue>
</operation>

<operation id="44" st_id="5" stage="1" lat="1">
<core>Cmp</core>
<MemPortIdVec></MemPortIdVec>
<condition id="0">
<or_exp><and_exp><literal name="exitcond_flatten" val="0"/>
</and_exp></or_exp>
</condition>

<Node id="45" bw="1" op_0_bw="31" op_1_bw="31">
<![CDATA[
.preheader24.i.i.i:4  %tmp_8_i_i = icmp ugt i31 %col1_0_i_i_i, 9

]]></Node>
<StgValue><ssdm name="tmp_8_i_i"/></StgValue>
</operation>

<operation id="45" st_id="5" stage="1" lat="1">
<core>Sel</core>
<MemPortIdVec></MemPortIdVec>
<condition id="0">
<or_exp><and_exp><literal name="exitcond_flatten" val="0"/>
</and_exp></or_exp>
</condition>

<Node id="47" bw="31" op_0_bw="1" op_1_bw="31" op_2_bw="31">
<![CDATA[
.preheader24.i.i.i:6  %col1_0_i_i_i_mid2 = select i1 %tmp_11_i_i, i31 %col1_0_i_i_i, i31 %col

]]></Node>
<StgValue><ssdm name="col1_0_i_i_i_mid2"/></StgValue>
</operation>

<operation id="46" st_id="5" stage="1" lat="1">
<core>AddSub</core>
<MemPortIdVec></MemPortIdVec>
<condition id="29">
<or_exp><and_exp><literal name="exitcond_flatten" val="0"/>
</and_exp></or_exp>
</condition>

<Node id="114" bw="31" op_0_bw="31" op_1_bw="31">
<![CDATA[
._crit_edge8.i.i.i:1  %row = add i31 %row2_0_i_i_i_mid2, 1

]]></Node>
<StgValue><ssdm name="row"/></StgValue>
</operation>
</state>

<state id="6" st_id="6">

<operation id="47" st_id="6" stage="1" lat="1">
<core>Sel</core>
<MemPortIdVec></MemPortIdVec>
<condition id="0">
<or_exp><and_exp><literal name="exitcond_flatten" val="0"/>
</and_exp></or_exp>
</condition>

<Node id="46" bw="1" op_0_bw="1" op_1_bw="1" op_2_bw="1">
<![CDATA[
.preheader24.i.i.i:5  %tmp_8_i_i_mid2 = select i1 %tmp_11_i_i, i1 %tmp_8_i_i, i1 %tmp_8_i_i_mid1

]]></Node>
<StgValue><ssdm name="tmp_8_i_i_mid2"/></StgValue>
</operation>

<operation id="48" st_id="6" stage="1" lat="1">
<core>NULL</core>
<MemPortIdVec></MemPortIdVec>
<condition id="0">
<or_exp><and_exp><literal name="exitcond_flatten" val="0"/>
</and_exp></or_exp>
</condition>

<Node id="52" bw="64" op_0_bw="31">
<![CDATA[
.preheader24.i.i.i:11  %tmp_16_i_i = zext i31 %row2_0_i_i_i_mid2 to i64

]]></Node>
<StgValue><ssdm name="tmp_16_i_i"/></StgValue>
</operation>

<operation id="49" st_id="6" stage="1" lat="1">
<core>NULL</core>
<MemPortIdVec></MemPortIdVec>
<condition id="0">
<or_exp><and_exp><literal name="exitcond_flatten" val="0"/>
</and_exp></or_exp>
</condition>

<Node id="85" bw="11" op_0_bw="32" op_1_bw="64" op_2_bw="64">
<![CDATA[
.preheader24.i.i.i:44  %linebuf_8_addr = getelementptr [1920 x i32]* @linebuf_8, i64 0, i64 %tmp_16_i_i

]]></Node>
<StgValue><ssdm name="linebuf_8_addr"/></StgValue>
</operation>

<operation id="50" st_id="6" stage="2" lat="2">
<core>RAM</core>
<MemPortIdVec>0 </MemPortIdVec>
<condition id="0">
<or_exp><and_exp><literal name="exitcond_flatten" val="0"/>
</and_exp></or_exp>
</condition>

<Node id="86" bw="32" op_0_bw="11">
<![CDATA[
.preheader24.i.i.i:45  %linebuf_8_load = load i32* %linebuf_8_addr, align 4

]]></Node>
<StgValue><ssdm name="linebuf_8_load"/></StgValue>
</operation>

<operation id="51" st_id="6" stage="1" lat="1">
<core>NULL</core>
<MemPortIdVec></MemPortIdVec>
<condition id="0">
<or_exp><and_exp><literal name="exitcond_flatten" val="0"/>
</and_exp></or_exp>
</condition>

<Node id="89" bw="11" op_0_bw="32" op_1_bw="64" op_2_bw="64">
<![CDATA[
.preheader24.i.i.i:48  %linebuf_9_addr = getelementptr [1920 x i32]* @linebuf_9, i64 0, i64 %tmp_16_i_i

]]></Node>
<StgValue><ssdm name="linebuf_9_addr"/></StgValue>
</operation>

<operation id="52" st_id="6" stage="2" lat="2">
<core>RAM</core>
<MemPortIdVec>0 </MemPortIdVec>
<condition id="0">
<or_exp><and_exp><literal name="exitcond_flatten" val="0"/>
</and_exp></or_exp>
</condition>

<Node id="90" bw="32" op_0_bw="11">
<![CDATA[
.preheader24.i.i.i:49  %linebuf_9_load = load i32* %linebuf_9_addr, align 4

]]></Node>
<StgValue><ssdm name="linebuf_9_load"/></StgValue>
</operation>

<operation id="53" st_id="6" stage="1" lat="1">
<core>NULL</core>
<MemPortIdVec></MemPortIdVec>
<condition id="0">
<or_exp><and_exp><literal name="exitcond_flatten" val="0"/>
</and_exp></or_exp>
</condition>

<Node id="108" bw="0" op_0_bw="1" op_1_bw="0" op_2_bw="0">
<![CDATA[
.preheader24.i.i.i:67  br i1 %tmp_8_i_i_mid2, label %1, label %._crit_edge8.i.i.i

]]></Node>
<StgValue><ssdm name=""/></StgValue>
</operation>
</state>

<state id="7" st_id="7">

<operation id="54" st_id="7" stage="1" lat="1">
<core>NULL</core>
<MemPortIdVec></MemPortIdVec>
<condition id="0">
<or_exp><and_exp><literal name="exitcond_flatten" val="0"/>
</and_exp></or_exp>
</condition>

<Node id="53" bw="11" op_0_bw="32" op_1_bw="64" op_2_bw="64">
<![CDATA[
.preheader24.i.i.i:12  %linebuf_0_addr = getelementptr [1920 x i32]* @linebuf_0, i64 0, i64 %tmp_16_i_i

]]></Node>
<StgValue><ssdm name="linebuf_0_addr"/></StgValue>
</operation>

<operation id="55" st_id="7" stage="1" lat="1">
<core>NULL</core>
<MemPortIdVec></MemPortIdVec>
<condition id="0">
<or_exp><and_exp><literal name="exitcond_flatten" val="0"/>
</and_exp></or_exp>
</condition>

<Node id="57" bw="11" op_0_bw="32" op_1_bw="64" op_2_bw="64">
<![CDATA[
.preheader24.i.i.i:16  %linebuf_1_addr = getelementptr [1920 x i32]* @linebuf_1, i64 0, i64 %tmp_16_i_i

]]></Node>
<StgValue><ssdm name="linebuf_1_addr"/></StgValue>
</operation>

<operation id="56" st_id="7" stage="1" lat="1">
<core>NULL</core>
<MemPortIdVec></MemPortIdVec>
<condition id="0">
<or_exp><and_exp><literal name="exitcond_flatten" val="0"/>
</and_exp></or_exp>
</condition>

<Node id="61" bw="11" op_0_bw="32" op_1_bw="64" op_2_bw="64">
<![CDATA[
.preheader24.i.i.i:20  %linebuf_2_addr = getelementptr [1920 x i32]* @linebuf_2, i64 0, i64 %tmp_16_i_i

]]></Node>
<StgValue><ssdm name="linebuf_2_addr"/></StgValue>
</operation>

<operation id="57" st_id="7" stage="1" lat="1">
<core>NULL</core>
<MemPortIdVec></MemPortIdVec>
<condition id="0">
<or_exp><and_exp><literal name="exitcond_flatten" val="0"/>
</and_exp></or_exp>
</condition>

<Node id="65" bw="11" op_0_bw="32" op_1_bw="64" op_2_bw="64">
<![CDATA[
.preheader24.i.i.i:24  %linebuf_3_addr = getelementptr [1920 x i32]* @linebuf_3, i64 0, i64 %tmp_16_i_i

]]></Node>
<StgValue><ssdm name="linebuf_3_addr"/></StgValue>
</operation>

<operation id="58" st_id="7" stage="1" lat="1">
<core>NULL</core>
<MemPortIdVec></MemPortIdVec>
<condition id="0">
<or_exp><and_exp><literal name="exitcond_flatten" val="0"/>
</and_exp></or_exp>
</condition>

<Node id="69" bw="11" op_0_bw="32" op_1_bw="64" op_2_bw="64">
<![CDATA[
.preheader24.i.i.i:28  %linebuf_4_addr = getelementptr [1920 x i32]* @linebuf_4, i64 0, i64 %tmp_16_i_i

]]></Node>
<StgValue><ssdm name="linebuf_4_addr"/></StgValue>
</operation>

<operation id="59" st_id="7" stage="2" lat="2">
<core>RAM</core>
<MemPortIdVec>0 </MemPortIdVec>
<condition id="0">
<or_exp><and_exp><literal name="exitcond_flatten" val="0"/>
</and_exp></or_exp>
</condition>

<Node id="70" bw="32" op_0_bw="11">
<![CDATA[
.preheader24.i.i.i:29  %linebuf_4_load = load i32* %linebuf_4_addr, align 4

]]></Node>
<StgValue><ssdm name="linebuf_4_load"/></StgValue>
</operation>

<operation id="60" st_id="7" stage="1" lat="1">
<core>NULL</core>
<MemPortIdVec></MemPortIdVec>
<condition id="0">
<or_exp><and_exp><literal name="exitcond_flatten" val="0"/>
</and_exp></or_exp>
</condition>

<Node id="73" bw="11" op_0_bw="32" op_1_bw="64" op_2_bw="64">
<![CDATA[
.preheader24.i.i.i:32  %linebuf_5_addr = getelementptr [1920 x i32]* @linebuf_5, i64 0, i64 %tmp_16_i_i

]]></Node>
<StgValue><ssdm name="linebuf_5_addr"/></StgValue>
</operation>

<operation id="61" st_id="7" stage="2" lat="2">
<core>RAM</core>
<MemPortIdVec>0 </MemPortIdVec>
<condition id="0">
<or_exp><and_exp><literal name="exitcond_flatten" val="0"/>
</and_exp></or_exp>
</condition>

<Node id="74" bw="32" op_0_bw="11">
<![CDATA[
.preheader24.i.i.i:33  %linebuf_5_load = load i32* %linebuf_5_addr, align 4

]]></Node>
<StgValue><ssdm name="linebuf_5_load"/></StgValue>
</operation>

<operation id="62" st_id="7" stage="1" lat="1">
<core>NULL</core>
<MemPortIdVec></MemPortIdVec>
<condition id="0">
<or_exp><and_exp><literal name="exitcond_flatten" val="0"/>
</and_exp></or_exp>
</condition>

<Node id="77" bw="11" op_0_bw="32" op_1_bw="64" op_2_bw="64">
<![CDATA[
.preheader24.i.i.i:36  %linebuf_6_addr = getelementptr [1920 x i32]* @linebuf_6, i64 0, i64 %tmp_16_i_i

]]></Node>
<StgValue><ssdm name="linebuf_6_addr"/></StgValue>
</operation>

<operation id="63" st_id="7" stage="2" lat="2">
<core>RAM</core>
<MemPortIdVec>0 </MemPortIdVec>
<condition id="0">
<or_exp><and_exp><literal name="exitcond_flatten" val="0"/>
</and_exp></or_exp>
</condition>

<Node id="78" bw="32" op_0_bw="11">
<![CDATA[
.preheader24.i.i.i:37  %linebuf_6_load = load i32* %linebuf_6_addr, align 4

]]></Node>
<StgValue><ssdm name="linebuf_6_load"/></StgValue>
</operation>

<operation id="64" st_id="7" stage="1" lat="1">
<core>NULL</core>
<MemPortIdVec></MemPortIdVec>
<condition id="0">
<or_exp><and_exp><literal name="exitcond_flatten" val="0"/>
</and_exp></or_exp>
</condition>

<Node id="81" bw="11" op_0_bw="32" op_1_bw="64" op_2_bw="64">
<![CDATA[
.preheader24.i.i.i:40  %linebuf_7_addr = getelementptr [1920 x i32]* @linebuf_7, i64 0, i64 %tmp_16_i_i

]]></Node>
<StgValue><ssdm name="linebuf_7_addr"/></StgValue>
</operation>

<operation id="65" st_id="7" stage="2" lat="2">
<core>RAM</core>
<MemPortIdVec>0 </MemPortIdVec>
<condition id="0">
<or_exp><and_exp><literal name="exitcond_flatten" val="0"/>
</and_exp></or_exp>
</condition>

<Node id="82" bw="32" op_0_bw="11">
<![CDATA[
.preheader24.i.i.i:41  %linebuf_7_load = load i32* %linebuf_7_addr, align 4

]]></Node>
<StgValue><ssdm name="linebuf_7_load"/></StgValue>
</operation>

<operation id="66" st_id="7" stage="1" lat="2">
<core>RAM</core>
<MemPortIdVec>0 </MemPortIdVec>
<condition id="0">
<or_exp><and_exp><literal name="exitcond_flatten" val="0"/>
</and_exp></or_exp>
</condition>

<Node id="86" bw="32" op_0_bw="11">
<![CDATA[
.preheader24.i.i.i:45  %linebuf_8_load = load i32* %linebuf_8_addr, align 4

]]></Node>
<StgValue><ssdm name="linebuf_8_load"/></StgValue>
</operation>

<operation id="67" st_id="7" stage="1" lat="2">
<core>RAM</core>
<MemPortIdVec>0 </MemPortIdVec>
<condition id="0">
<or_exp><and_exp><literal name="exitcond_flatten" val="0"/>
</and_exp></or_exp>
</condition>

<Node id="90" bw="32" op_0_bw="11">
<![CDATA[
.preheader24.i.i.i:49  %linebuf_9_load = load i32* %linebuf_9_addr, align 4

]]></Node>
<StgValue><ssdm name="linebuf_9_load"/></StgValue>
</operation>
</state>

<state id="8" st_id="8">

<operation id="68" st_id="8" stage="2" lat="2">
<core>RAM</core>
<MemPortIdVec>0 </MemPortIdVec>
<condition id="0">
<or_exp><and_exp><literal name="exitcond_flatten" val="0"/>
</and_exp></or_exp>
</condition>

<Node id="58" bw="32" op_0_bw="11">
<![CDATA[
.preheader24.i.i.i:17  %linebuf_1_load = load i32* %linebuf_1_addr, align 4

]]></Node>
<StgValue><ssdm name="linebuf_1_load"/></StgValue>
</operation>

<operation id="69" st_id="8" stage="2" lat="2">
<core>RAM</core>
<MemPortIdVec>0 </MemPortIdVec>
<condition id="0">
<or_exp><and_exp><literal name="exitcond_flatten" val="0"/>
</and_exp></or_exp>
</condition>

<Node id="62" bw="32" op_0_bw="11">
<![CDATA[
.preheader24.i.i.i:21  %linebuf_2_load = load i32* %linebuf_2_addr, align 4

]]></Node>
<StgValue><ssdm name="linebuf_2_load"/></StgValue>
</operation>

<operation id="70" st_id="8" stage="2" lat="2">
<core>RAM</core>
<MemPortIdVec>0 </MemPortIdVec>
<condition id="0">
<or_exp><and_exp><literal name="exitcond_flatten" val="0"/>
</and_exp></or_exp>
</condition>

<Node id="66" bw="32" op_0_bw="11">
<![CDATA[
.preheader24.i.i.i:25  %linebuf_3_load = load i32* %linebuf_3_addr, align 4

]]></Node>
<StgValue><ssdm name="linebuf_3_load"/></StgValue>
</operation>

<operation id="71" st_id="8" stage="1" lat="2">
<core>RAM</core>
<MemPortIdVec>0 </MemPortIdVec>
<condition id="0">
<or_exp><and_exp><literal name="exitcond_flatten" val="0"/>
</and_exp></or_exp>
</condition>

<Node id="70" bw="32" op_0_bw="11">
<![CDATA[
.preheader24.i.i.i:29  %linebuf_4_load = load i32* %linebuf_4_addr, align 4

]]></Node>
<StgValue><ssdm name="linebuf_4_load"/></StgValue>
</operation>

<operation id="72" st_id="8" stage="1" lat="2">
<core>RAM</core>
<MemPortIdVec>0 </MemPortIdVec>
<condition id="0">
<or_exp><and_exp><literal name="exitcond_flatten" val="0"/>
</and_exp></or_exp>
</condition>

<Node id="74" bw="32" op_0_bw="11">
<![CDATA[
.preheader24.i.i.i:33  %linebuf_5_load = load i32* %linebuf_5_addr, align 4

]]></Node>
<StgValue><ssdm name="linebuf_5_load"/></StgValue>
</operation>

<operation id="73" st_id="8" stage="1" lat="2">
<core>RAM</core>
<MemPortIdVec>0 </MemPortIdVec>
<condition id="0">
<or_exp><and_exp><literal name="exitcond_flatten" val="0"/>
</and_exp></or_exp>
</condition>

<Node id="78" bw="32" op_0_bw="11">
<![CDATA[
.preheader24.i.i.i:37  %linebuf_6_load = load i32* %linebuf_6_addr, align 4

]]></Node>
<StgValue><ssdm name="linebuf_6_load"/></StgValue>
</operation>

<operation id="74" st_id="8" stage="1" lat="2">
<core>RAM</core>
<MemPortIdVec>0 </MemPortIdVec>
<condition id="0">
<or_exp><and_exp><literal name="exitcond_flatten" val="0"/>
</and_exp></or_exp>
</condition>

<Node id="82" bw="32" op_0_bw="11">
<![CDATA[
.preheader24.i.i.i:41  %linebuf_7_load = load i32* %linebuf_7_addr, align 4

]]></Node>
<StgValue><ssdm name="linebuf_7_load"/></StgValue>
</operation>

<operation id="75" st_id="8" stage="3" lat="3">
<core>MulnS</core>
<MemPortIdVec></MemPortIdVec>
<condition id="0">
<or_exp><and_exp><literal name="exitcond_flatten" val="0"/>
</and_exp></or_exp>
</condition>

<Node id="87" bw="32" op_0_bw="32" op_1_bw="32">
<![CDATA[
.preheader24.i.i.i:46  %tmp_30_8_i_i = mul i32 266, %linebuf_8_load

]]></Node>
<StgValue><ssdm name="tmp_30_8_i_i"/></StgValue>
</operation>

<operation id="76" st_id="8" stage="1" lat="1">
<core>RAM</core>
<MemPortIdVec>1 </MemPortIdVec>
<condition id="0">
<or_exp><and_exp><literal name="exitcond_flatten" val="0"/>
</and_exp></or_exp>
</condition>

<Node id="88" bw="0" op_0_bw="32" op_1_bw="11">
<![CDATA[
.preheader24.i.i.i:47  store i32 %linebuf_8_load, i32* %linebuf_7_addr, align 4

]]></Node>
<StgValue><ssdm name=""/></StgValue>
</operation>

<operation id="77" st_id="8" stage="3" lat="3">
<core>MulnS</core>
<MemPortIdVec></MemPortIdVec>
<condition id="0">
<or_exp><and_exp><literal name="exitcond_flatten" val="0"/>
</and_exp></or_exp>
</condition>

<Node id="91" bw="32" op_0_bw="32" op_1_bw="32">
<![CDATA[
.preheader24.i.i.i:50  %tmp_30_9_i_i = mul i32 111, %linebuf_9_load

]]></Node>
<StgValue><ssdm name="tmp_30_9_i_i"/></StgValue>
</operation>

<operation id="78" st_id="8" stage="1" lat="1">
<core>RAM</core>
<MemPortIdVec>1 </MemPortIdVec>
<condition id="0">
<or_exp><and_exp><literal name="exitcond_flatten" val="0"/>
</and_exp></or_exp>
</condition>

<Node id="92" bw="0" op_0_bw="32" op_1_bw="11">
<![CDATA[
.preheader24.i.i.i:51  store i32 %linebuf_9_load, i32* %linebuf_8_addr, align 4

]]></Node>
<StgValue><ssdm name=""/></StgValue>
</operation>
</state>

<state id="9" st_id="9">

<operation id="79" st_id="9" stage="2" lat="2">
<core>RAM</core>
<MemPortIdVec>0 </MemPortIdVec>
<condition id="0">
<or_exp><and_exp><literal name="exitcond_flatten" val="0"/>
</and_exp></or_exp>
</condition>

<Node id="54" bw="32" op_0_bw="11">
<![CDATA[
.preheader24.i.i.i:13  %linebuf_0_load = load i32* %linebuf_0_addr, align 4

]]></Node>
<StgValue><ssdm name="linebuf_0_load"/></StgValue>
</operation>

<operation id="80" st_id="9" stage="1" lat="2">
<core>RAM</core>
<MemPortIdVec>0 </MemPortIdVec>
<condition id="0">
<or_exp><and_exp><literal name="exitcond_flatten" val="0"/>
</and_exp></or_exp>
</condition>

<Node id="58" bw="32" op_0_bw="11">
<![CDATA[
.preheader24.i.i.i:17  %linebuf_1_load = load i32* %linebuf_1_addr, align 4

]]></Node>
<StgValue><ssdm name="linebuf_1_load"/></StgValue>
</operation>

<operation id="81" st_id="9" stage="1" lat="2">
<core>RAM</core>
<MemPortIdVec>0 </MemPortIdVec>
<condition id="0">
<or_exp><and_exp><literal name="exitcond_flatten" val="0"/>
</and_exp></or_exp>
</condition>

<Node id="62" bw="32" op_0_bw="11">
<![CDATA[
.preheader24.i.i.i:21  %linebuf_2_load = load i32* %linebuf_2_addr, align 4

]]></Node>
<StgValue><ssdm name="linebuf_2_load"/></StgValue>
</operation>

<operation id="82" st_id="9" stage="1" lat="2">
<core>RAM</core>
<MemPortIdVec>0 </MemPortIdVec>
<condition id="0">
<or_exp><and_exp><literal name="exitcond_flatten" val="0"/>
</and_exp></or_exp>
</condition>

<Node id="66" bw="32" op_0_bw="11">
<![CDATA[
.preheader24.i.i.i:25  %linebuf_3_load = load i32* %linebuf_3_addr, align 4

]]></Node>
<StgValue><ssdm name="linebuf_3_load"/></StgValue>
</operation>

<operation id="83" st_id="9" stage="3" lat="3">
<core>MulnS</core>
<MemPortIdVec></MemPortIdVec>
<condition id="0">
<or_exp><and_exp><literal name="exitcond_flatten" val="0"/>
</and_exp></or_exp>
</condition>

<Node id="71" bw="32" op_0_bw="32" op_1_bw="32">
<![CDATA[
.preheader24.i.i.i:30  %tmp_30_4_i_i = mul i32 724, %linebuf_4_load

]]></Node>
<StgValue><ssdm name="tmp_30_4_i_i"/></StgValue>
</operation>

<operation id="84" st_id="9" stage="1" lat="1">
<core>RAM</core>
<MemPortIdVec>1 </MemPortIdVec>
<condition id="0">
<or_exp><and_exp><literal name="exitcond_flatten" val="0"/>
</and_exp></or_exp>
</condition>

<Node id="72" bw="0" op_0_bw="32" op_1_bw="11">
<![CDATA[
.preheader24.i.i.i:31  store i32 %linebuf_4_load, i32* %linebuf_3_addr, align 4

]]></Node>
<StgValue><ssdm name=""/></StgValue>
</operation>

<operation id="85" st_id="9" stage="3" lat="3">
<core>MulnS</core>
<MemPortIdVec></MemPortIdVec>
<condition id="0">
<or_exp><and_exp><literal name="exitcond_flatten" val="0"/>
</and_exp></or_exp>
</condition>

<Node id="75" bw="32" op_0_bw="32" op_1_bw="32">
<![CDATA[
.preheader24.i.i.i:34  %tmp_30_5_i_i = mul i32 821, %linebuf_5_load

]]></Node>
<StgValue><ssdm name="tmp_30_5_i_i"/></StgValue>
</operation>

<operation id="86" st_id="9" stage="1" lat="1">
<core>RAM</core>
<MemPortIdVec>1 </MemPortIdVec>
<condition id="0">
<or_exp><and_exp><literal name="exitcond_flatten" val="0"/>
</and_exp></or_exp>
</condition>

<Node id="76" bw="0" op_0_bw="32" op_1_bw="11">
<![CDATA[
.preheader24.i.i.i:35  store i32 %linebuf_5_load, i32* %linebuf_4_addr, align 4

]]></Node>
<StgValue><ssdm name=""/></StgValue>
</operation>

<operation id="87" st_id="9" stage="3" lat="3">
<core>MulnS</core>
<MemPortIdVec></MemPortIdVec>
<condition id="0">
<or_exp><and_exp><literal name="exitcond_flatten" val="0"/>
</and_exp></or_exp>
</condition>

<Node id="79" bw="32" op_0_bw="32" op_1_bw="32">
<![CDATA[
.preheader24.i.i.i:38  %tmp_30_6_i_i = mul i32 724, %linebuf_6_load

]]></Node>
<StgValue><ssdm name="tmp_30_6_i_i"/></StgValue>
</operation>

<operation id="88" st_id="9" stage="1" lat="1">
<core>RAM</core>
<MemPortIdVec>1 </MemPortIdVec>
<condition id="0">
<or_exp><and_exp><literal name="exitcond_flatten" val="0"/>
</and_exp></or_exp>
</condition>

<Node id="80" bw="0" op_0_bw="32" op_1_bw="11">
<![CDATA[
.preheader24.i.i.i:39  store i32 %linebuf_6_load, i32* %linebuf_5_addr, align 4

]]></Node>
<StgValue><ssdm name=""/></StgValue>
</operation>

<operation id="89" st_id="9" stage="3" lat="3">
<core>MulnS</core>
<MemPortIdVec></MemPortIdVec>
<condition id="0">
<or_exp><and_exp><literal name="exitcond_flatten" val="0"/>
</and_exp></or_exp>
</condition>

<Node id="83" bw="32" op_0_bw="32" op_1_bw="32">
<![CDATA[
.preheader24.i.i.i:42  %tmp_30_7_i_i = mul i32 498, %linebuf_7_load

]]></Node>
<StgValue><ssdm name="tmp_30_7_i_i"/></StgValue>
</operation>

<operation id="90" st_id="9" stage="1" lat="1">
<core>RAM</core>
<MemPortIdVec>1 </MemPortIdVec>
<condition id="0">
<or_exp><and_exp><literal name="exitcond_flatten" val="0"/>
</and_exp></or_exp>
</condition>

<Node id="84" bw="0" op_0_bw="32" op_1_bw="11">
<![CDATA[
.preheader24.i.i.i:43  store i32 %linebuf_7_load, i32* %linebuf_6_addr, align 4

]]></Node>
<StgValue><ssdm name=""/></StgValue>
</operation>

<operation id="91" st_id="9" stage="2" lat="3">
<core>MulnS</core>
<MemPortIdVec></MemPortIdVec>
<condition id="0">
<or_exp><and_exp><literal name="exitcond_flatten" val="0"/>
</and_exp></or_exp>
</condition>

<Node id="87" bw="32" op_0_bw="32" op_1_bw="32">
<![CDATA[
.preheader24.i.i.i:46  %tmp_30_8_i_i = mul i32 266, %linebuf_8_load

]]></Node>
<StgValue><ssdm name="tmp_30_8_i_i"/></StgValue>
</operation>

<operation id="92" st_id="9" stage="2" lat="3">
<core>MulnS</core>
<MemPortIdVec></MemPortIdVec>
<condition id="0">
<or_exp><and_exp><literal name="exitcond_flatten" val="0"/>
</and_exp></or_exp>
</condition>

<Node id="91" bw="32" op_0_bw="32" op_1_bw="32">
<![CDATA[
.preheader24.i.i.i:50  %tmp_30_9_i_i = mul i32 111, %linebuf_9_load

]]></Node>
<StgValue><ssdm name="tmp_30_9_i_i"/></StgValue>
</operation>
</state>

<state id="10" st_id="10">

<operation id="93" st_id="10" stage="1" lat="2">
<core>RAM</core>
<MemPortIdVec>0 </MemPortIdVec>
<condition id="0">
<or_exp><and_exp><literal name="exitcond_flatten" val="0"/>
</and_exp></or_exp>
</condition>

<Node id="54" bw="32" op_0_bw="11">
<![CDATA[
.preheader24.i.i.i:13  %linebuf_0_load = load i32* %linebuf_0_addr, align 4

]]></Node>
<StgValue><ssdm name="linebuf_0_load"/></StgValue>
</operation>

<operation id="94" st_id="10" stage="3" lat="3">
<core>MulnS</core>
<MemPortIdVec></MemPortIdVec>
<condition id="0">
<or_exp><and_exp><literal name="exitcond_flatten" val="0"/>
</and_exp></or_exp>
</condition>

<Node id="59" bw="32" op_0_bw="32" op_1_bw="32">
<![CDATA[
.preheader24.i.i.i:18  %tmp_30_1_i_i = mul i32 111, %linebuf_1_load

]]></Node>
<StgValue><ssdm name="tmp_30_1_i_i"/></StgValue>
</operation>

<operation id="95" st_id="10" stage="1" lat="1">
<core>RAM</core>
<MemPortIdVec>1 </MemPortIdVec>
<condition id="0">
<or_exp><and_exp><literal name="exitcond_flatten" val="0"/>
</and_exp></or_exp>
</condition>

<Node id="60" bw="0" op_0_bw="32" op_1_bw="11">
<![CDATA[
.preheader24.i.i.i:19  store i32 %linebuf_1_load, i32* %linebuf_0_addr, align 4

]]></Node>
<StgValue><ssdm name=""/></StgValue>
</operation>

<operation id="96" st_id="10" stage="3" lat="3">
<core>MulnS</core>
<MemPortIdVec></MemPortIdVec>
<condition id="0">
<or_exp><and_exp><literal name="exitcond_flatten" val="0"/>
</and_exp></or_exp>
</condition>

<Node id="63" bw="32" op_0_bw="32" op_1_bw="32">
<![CDATA[
.preheader24.i.i.i:22  %tmp_30_2_i_i = mul i32 266, %linebuf_2_load

]]></Node>
<StgValue><ssdm name="tmp_30_2_i_i"/></StgValue>
</operation>

<operation id="97" st_id="10" stage="1" lat="1">
<core>RAM</core>
<MemPortIdVec>1 </MemPortIdVec>
<condition id="0">
<or_exp><and_exp><literal name="exitcond_flatten" val="0"/>
</and_exp></or_exp>
</condition>

<Node id="64" bw="0" op_0_bw="32" op_1_bw="11">
<![CDATA[
.preheader24.i.i.i:23  store i32 %linebuf_2_load, i32* %linebuf_1_addr, align 4

]]></Node>
<StgValue><ssdm name=""/></StgValue>
</operation>

<operation id="98" st_id="10" stage="3" lat="3">
<core>MulnS</core>
<MemPortIdVec></MemPortIdVec>
<condition id="0">
<or_exp><and_exp><literal name="exitcond_flatten" val="0"/>
</and_exp></or_exp>
</condition>

<Node id="67" bw="32" op_0_bw="32" op_1_bw="32">
<![CDATA[
.preheader24.i.i.i:26  %tmp_30_3_i_i = mul i32 498, %linebuf_3_load

]]></Node>
<StgValue><ssdm name="tmp_30_3_i_i"/></StgValue>
</operation>

<operation id="99" st_id="10" stage="1" lat="1">
<core>RAM</core>
<MemPortIdVec>1 </MemPortIdVec>
<condition id="0">
<or_exp><and_exp><literal name="exitcond_flatten" val="0"/>
</and_exp></or_exp>
</condition>

<Node id="68" bw="0" op_0_bw="32" op_1_bw="11">
<![CDATA[
.preheader24.i.i.i:27  store i32 %linebuf_3_load, i32* %linebuf_2_addr, align 4

]]></Node>
<StgValue><ssdm name=""/></StgValue>
</operation>

<operation id="100" st_id="10" stage="2" lat="3">
<core>MulnS</core>
<MemPortIdVec></MemPortIdVec>
<condition id="0">
<or_exp><and_exp><literal name="exitcond_flatten" val="0"/>
</and_exp></or_exp>
</condition>

<Node id="71" bw="32" op_0_bw="32" op_1_bw="32">
<![CDATA[
.preheader24.i.i.i:30  %tmp_30_4_i_i = mul i32 724, %linebuf_4_load

]]></Node>
<StgValue><ssdm name="tmp_30_4_i_i"/></StgValue>
</operation>

<operation id="101" st_id="10" stage="2" lat="3">
<core>MulnS</core>
<MemPortIdVec></MemPortIdVec>
<condition id="0">
<or_exp><and_exp><literal name="exitcond_flatten" val="0"/>
</and_exp></or_exp>
</condition>

<Node id="75" bw="32" op_0_bw="32" op_1_bw="32">
<![CDATA[
.preheader24.i.i.i:34  %tmp_30_5_i_i = mul i32 821, %linebuf_5_load

]]></Node>
<StgValue><ssdm name="tmp_30_5_i_i"/></StgValue>
</operation>

<operation id="102" st_id="10" stage="2" lat="3">
<core>MulnS</core>
<MemPortIdVec></MemPortIdVec>
<condition id="0">
<or_exp><and_exp><literal name="exitcond_flatten" val="0"/>
</and_exp></or_exp>
</condition>

<Node id="79" bw="32" op_0_bw="32" op_1_bw="32">
<![CDATA[
.preheader24.i.i.i:38  %tmp_30_6_i_i = mul i32 724, %linebuf_6_load

]]></Node>
<StgValue><ssdm name="tmp_30_6_i_i"/></StgValue>
</operation>

<operation id="103" st_id="10" stage="2" lat="3">
<core>MulnS</core>
<MemPortIdVec></MemPortIdVec>
<condition id="0">
<or_exp><and_exp><literal name="exitcond_flatten" val="0"/>
</and_exp></or_exp>
</condition>

<Node id="83" bw="32" op_0_bw="32" op_1_bw="32">
<![CDATA[
.preheader24.i.i.i:42  %tmp_30_7_i_i = mul i32 498, %linebuf_7_load

]]></Node>
<StgValue><ssdm name="tmp_30_7_i_i"/></StgValue>
</operation>

<operation id="104" st_id="10" stage="1" lat="3">
<core>MulnS</core>
<MemPortIdVec></MemPortIdVec>
<condition id="0">
<or_exp><and_exp><literal name="exitcond_flatten" val="0"/>
</and_exp></or_exp>
</condition>

<Node id="87" bw="32" op_0_bw="32" op_1_bw="32">
<![CDATA[
.preheader24.i.i.i:46  %tmp_30_8_i_i = mul i32 266, %linebuf_8_load

]]></Node>
<StgValue><ssdm name="tmp_30_8_i_i"/></StgValue>
</operation>

<operation id="105" st_id="10" stage="1" lat="3">
<core>MulnS</core>
<MemPortIdVec></MemPortIdVec>
<condition id="0">
<or_exp><and_exp><literal name="exitcond_flatten" val="0"/>
</and_exp></or_exp>
</condition>

<Node id="91" bw="32" op_0_bw="32" op_1_bw="32">
<![CDATA[
.preheader24.i.i.i:50  %tmp_30_9_i_i = mul i32 111, %linebuf_9_load

]]></Node>
<StgValue><ssdm name="tmp_30_9_i_i"/></StgValue>
</operation>
</state>

<state id="11" st_id="11">

<operation id="106" st_id="11" stage="2" lat="3">
<core>MulnS</core>
<MemPortIdVec></MemPortIdVec>
<condition id="0">
<or_exp><and_exp><literal name="exitcond_flatten" val="0"/>
</and_exp></or_exp>
</condition>

<Node id="59" bw="32" op_0_bw="32" op_1_bw="32">
<![CDATA[
.preheader24.i.i.i:18  %tmp_30_1_i_i = mul i32 111, %linebuf_1_load

]]></Node>
<StgValue><ssdm name="tmp_30_1_i_i"/></StgValue>
</operation>

<operation id="107" st_id="11" stage="2" lat="3">
<core>MulnS</core>
<MemPortIdVec></MemPortIdVec>
<condition id="0">
<or_exp><and_exp><literal name="exitcond_flatten" val="0"/>
</and_exp></or_exp>
</condition>

<Node id="63" bw="32" op_0_bw="32" op_1_bw="32">
<![CDATA[
.preheader24.i.i.i:22  %tmp_30_2_i_i = mul i32 266, %linebuf_2_load

]]></Node>
<StgValue><ssdm name="tmp_30_2_i_i"/></StgValue>
</operation>

<operation id="108" st_id="11" stage="2" lat="3">
<core>MulnS</core>
<MemPortIdVec></MemPortIdVec>
<condition id="0">
<or_exp><and_exp><literal name="exitcond_flatten" val="0"/>
</and_exp></or_exp>
</condition>

<Node id="67" bw="32" op_0_bw="32" op_1_bw="32">
<![CDATA[
.preheader24.i.i.i:26  %tmp_30_3_i_i = mul i32 498, %linebuf_3_load

]]></Node>
<StgValue><ssdm name="tmp_30_3_i_i"/></StgValue>
</operation>

<operation id="109" st_id="11" stage="1" lat="3">
<core>MulnS</core>
<MemPortIdVec></MemPortIdVec>
<condition id="0">
<or_exp><and_exp><literal name="exitcond_flatten" val="0"/>
</and_exp></or_exp>
</condition>

<Node id="71" bw="32" op_0_bw="32" op_1_bw="32">
<![CDATA[
.preheader24.i.i.i:30  %tmp_30_4_i_i = mul i32 724, %linebuf_4_load

]]></Node>
<StgValue><ssdm name="tmp_30_4_i_i"/></StgValue>
</operation>

<operation id="110" st_id="11" stage="1" lat="3">
<core>MulnS</core>
<MemPortIdVec></MemPortIdVec>
<condition id="0">
<or_exp><and_exp><literal name="exitcond_flatten" val="0"/>
</and_exp></or_exp>
</condition>

<Node id="75" bw="32" op_0_bw="32" op_1_bw="32">
<![CDATA[
.preheader24.i.i.i:34  %tmp_30_5_i_i = mul i32 821, %linebuf_5_load

]]></Node>
<StgValue><ssdm name="tmp_30_5_i_i"/></StgValue>
</operation>

<operation id="111" st_id="11" stage="1" lat="3">
<core>MulnS</core>
<MemPortIdVec></MemPortIdVec>
<condition id="0">
<or_exp><and_exp><literal name="exitcond_flatten" val="0"/>
</and_exp></or_exp>
</condition>

<Node id="79" bw="32" op_0_bw="32" op_1_bw="32">
<![CDATA[
.preheader24.i.i.i:38  %tmp_30_6_i_i = mul i32 724, %linebuf_6_load

]]></Node>
<StgValue><ssdm name="tmp_30_6_i_i"/></StgValue>
</operation>

<operation id="112" st_id="11" stage="1" lat="3">
<core>MulnS</core>
<MemPortIdVec></MemPortIdVec>
<condition id="0">
<or_exp><and_exp><literal name="exitcond_flatten" val="0"/>
</and_exp></or_exp>
</condition>

<Node id="83" bw="32" op_0_bw="32" op_1_bw="32">
<![CDATA[
.preheader24.i.i.i:42  %tmp_30_7_i_i = mul i32 498, %linebuf_7_load

]]></Node>
<StgValue><ssdm name="tmp_30_7_i_i"/></StgValue>
</operation>

<operation id="113" st_id="11" stage="1" lat="1">
<core>AddSub</core>
<MemPortIdVec></MemPortIdVec>
<condition id="0">
<or_exp><and_exp><literal name="exitcond_flatten" val="0"/>
</and_exp></or_exp>
</condition>

<Node id="103" bw="32" op_0_bw="32" op_1_bw="32">
<![CDATA[
.preheader24.i.i.i:62  %tmp11 = add i32 %tmp_30_8_i_i, %tmp_30_9_i_i

]]></Node>
<StgValue><ssdm name="tmp11"/></StgValue>
</operation>
</state>

<state id="12" st_id="12">

<operation id="114" st_id="12" stage="1" lat="1">
<core>FIFO</core>
<MemPortIdVec></MemPortIdVec>
<condition id="0">
<or_exp><and_exp><literal name="exitcond_flatten" val="0"/>
</and_exp></or_exp>
</condition>

<Node id="51" bw="32" op_0_bw="32" op_1_bw="32">
<![CDATA[
.preheader24.i.i.i:10  %tmp_12 = call i32 @_ssdm_op_Read.ap_fifo.volatile.i32P(i32* %hconv_V)

]]></Node>
<StgValue><ssdm name="tmp_12"/></StgValue>
</operation>

<operation id="115" st_id="12" stage="1" lat="3">
<core>MulnS</core>
<MemPortIdVec></MemPortIdVec>
<condition id="0">
<or_exp><and_exp><literal name="exitcond_flatten" val="0"/>
</and_exp></or_exp>
</condition>

<Node id="59" bw="32" op_0_bw="32" op_1_bw="32">
<![CDATA[
.preheader24.i.i.i:18  %tmp_30_1_i_i = mul i32 111, %linebuf_1_load

]]></Node>
<StgValue><ssdm name="tmp_30_1_i_i"/></StgValue>
</operation>

<operation id="116" st_id="12" stage="1" lat="3">
<core>MulnS</core>
<MemPortIdVec></MemPortIdVec>
<condition id="0">
<or_exp><and_exp><literal name="exitcond_flatten" val="0"/>
</and_exp></or_exp>
</condition>

<Node id="63" bw="32" op_0_bw="32" op_1_bw="32">
<![CDATA[
.preheader24.i.i.i:22  %tmp_30_2_i_i = mul i32 266, %linebuf_2_load

]]></Node>
<StgValue><ssdm name="tmp_30_2_i_i"/></StgValue>
</operation>

<operation id="117" st_id="12" stage="1" lat="3">
<core>MulnS</core>
<MemPortIdVec></MemPortIdVec>
<condition id="0">
<or_exp><and_exp><literal name="exitcond_flatten" val="0"/>
</and_exp></or_exp>
</condition>

<Node id="67" bw="32" op_0_bw="32" op_1_bw="32">
<![CDATA[
.preheader24.i.i.i:26  %tmp_30_3_i_i = mul i32 498, %linebuf_3_load

]]></Node>
<StgValue><ssdm name="tmp_30_3_i_i"/></StgValue>
</operation>

<operation id="118" st_id="12" stage="1" lat="1">
<core>AddSub</core>
<MemPortIdVec></MemPortIdVec>
<condition id="0">
<or_exp><and_exp><literal name="exitcond_flatten" val="0"/>
</and_exp></or_exp>
</condition>

<Node id="100" bw="32" op_0_bw="32" op_1_bw="32">
<![CDATA[
.preheader24.i.i.i:59  %tmp8 = add i32 %tmp_30_4_i_i, %tmp_30_5_i_i

]]></Node>
<StgValue><ssdm name="tmp8"/></StgValue>
</operation>

<operation id="119" st_id="12" stage="1" lat="1">
<core>TAddSub</core>
<MemPortIdVec></MemPortIdVec>
<condition id="0">
<or_exp><and_exp><literal name="exitcond_flatten" val="0"/>
</and_exp></or_exp>
</condition>

<Node id="102" bw="32" op_0_bw="32" op_1_bw="32">
<![CDATA[
.preheader24.i.i.i:61  %tmp10 = add i32 %tmp_30_6_i_i, %tmp_30_7_i_i

]]></Node>
<StgValue><ssdm name="tmp10"/></StgValue>
</operation>

<operation id="120" st_id="12" stage="1" lat="1">
<core>TAddSub</core>
<MemPortIdVec></MemPortIdVec>
<condition id="0">
<or_exp><and_exp><literal name="exitcond_flatten" val="0"/>
</and_exp></or_exp>
</condition>

<Node id="104" bw="32" op_0_bw="32" op_1_bw="32">
<![CDATA[
.preheader24.i.i.i:63  %tmp9 = add i32 %tmp11, %tmp10

]]></Node>
<StgValue><ssdm name="tmp9"/></StgValue>
</operation>
</state>

<state id="13" st_id="13">

<operation id="121" st_id="13" stage="1" lat="1">
<core>NULL</core>
<MemPortIdVec></MemPortIdVec>
<condition id="0">
<or_exp><and_exp><literal name="exitcond_flatten" val="0"/>
</and_exp></or_exp>
</condition>

<Node id="55" bw="32" op_0_bw="32" op_1_bw="32">
<![CDATA[
.preheader24.i.i.i:14  %tmp = shl i32 %linebuf_0_load, 5

]]></Node>
<StgValue><ssdm name="tmp"/></StgValue>
</operation>

<operation id="122" st_id="13" stage="1" lat="1">
<core>NULL</core>
<MemPortIdVec></MemPortIdVec>
<condition id="0">
<or_exp><and_exp><literal name="exitcond_flatten" val="0"/>
</and_exp></or_exp>
</condition>

<Node id="56" bw="32" op_0_bw="32" op_1_bw="32">
<![CDATA[
.preheader24.i.i.i:15  %tmp_1 = shl i32 %linebuf_0_load, 2

]]></Node>
<StgValue><ssdm name="tmp_1"/></StgValue>
</operation>

<operation id="123" st_id="13" stage="1" lat="1">
<core>NULL</core>
<MemPortIdVec></MemPortIdVec>
<condition id="0">
<or_exp><and_exp><literal name="exitcond_flatten" val="0"/>
</and_exp></or_exp>
</condition>

<Node id="93" bw="32" op_0_bw="32" op_1_bw="32">
<![CDATA[
.preheader24.i.i.i:52  %tmp_3 = shl i32 %tmp_12, 5

]]></Node>
<StgValue><ssdm name="tmp_3"/></StgValue>
</operation>

<operation id="124" st_id="13" stage="1" lat="1">
<core>NULL</core>
<MemPortIdVec></MemPortIdVec>
<condition id="0">
<or_exp><and_exp><literal name="exitcond_flatten" val="0"/>
</and_exp></or_exp>
</condition>

<Node id="94" bw="32" op_0_bw="32" op_1_bw="32">
<![CDATA[
.preheader24.i.i.i:53  %tmp_4 = shl i32 %tmp_12, 2

]]></Node>
<StgValue><ssdm name="tmp_4"/></StgValue>
</operation>

<operation id="125" st_id="13" stage="1" lat="1">
<core>TAddSub</core>
<MemPortIdVec></MemPortIdVec>
<condition id="0">
<or_exp><and_exp><literal name="exitcond_flatten" val="0"/>
</and_exp></or_exp>
</condition>

<Node id="95" bw="32" op_0_bw="32" op_1_bw="32">
<![CDATA[
.preheader24.i.i.i:54  %tmp3 = add i32 %tmp_3, %tmp

]]></Node>
<StgValue><ssdm name="tmp3"/></StgValue>
</operation>

<operation id="126" st_id="13" stage="1" lat="1">
<core>TAddSub</core>
<MemPortIdVec></MemPortIdVec>
<condition id="0">
<or_exp><and_exp><literal name="exitcond_flatten" val="0"/>
</and_exp></or_exp>
</condition>

<Node id="96" bw="32" op_0_bw="32" op_1_bw="32">
<![CDATA[
.preheader24.i.i.i:55  %tmp2 = add i32 %tmp3, %tmp_4

]]></Node>
<StgValue><ssdm name="tmp2"/></StgValue>
</operation>

<operation id="127" st_id="13" stage="1" lat="1">
<core>TAddSub</core>
<MemPortIdVec></MemPortIdVec>
<condition id="0">
<or_exp><and_exp><literal name="exitcond_flatten" val="0"/>
</and_exp></or_exp>
</condition>

<Node id="97" bw="32" op_0_bw="32" op_1_bw="32">
<![CDATA[
.preheader24.i.i.i:56  %tmp5 = add i32 %tmp_30_1_i_i, %tmp_30_2_i_i

]]></Node>
<StgValue><ssdm name="tmp5"/></StgValue>
</operation>

<operation id="128" st_id="13" stage="1" lat="1">
<core>TAddSub</core>
<MemPortIdVec></MemPortIdVec>
<condition id="0">
<or_exp><and_exp><literal name="exitcond_flatten" val="0"/>
</and_exp></or_exp>
</condition>

<Node id="98" bw="32" op_0_bw="32" op_1_bw="32">
<![CDATA[
.preheader24.i.i.i:57  %tmp4 = add i32 %tmp5, %tmp_1

]]></Node>
<StgValue><ssdm name="tmp4"/></StgValue>
</operation>

<operation id="129" st_id="13" stage="1" lat="1">
<core>TAddSub</core>
<MemPortIdVec></MemPortIdVec>
<condition id="0">
<or_exp><and_exp><literal name="exitcond_flatten" val="0"/>
</and_exp></or_exp>
</condition>

<Node id="101" bw="32" op_0_bw="32" op_1_bw="32">
<![CDATA[
.preheader24.i.i.i:60  %tmp7 = add i32 %tmp8, %tmp_30_3_i_i

]]></Node>
<StgValue><ssdm name="tmp7"/></StgValue>
</operation>

<operation id="130" st_id="13" stage="1" lat="1">
<core>TAddSub</core>
<MemPortIdVec></MemPortIdVec>
<condition id="0">
<or_exp><and_exp><literal name="exitcond_flatten" val="0"/>
</and_exp></or_exp>
</condition>

<Node id="105" bw="32" op_0_bw="32" op_1_bw="32">
<![CDATA[
.preheader24.i.i.i:64  %tmp6 = add i32 %tmp9, %tmp7

]]></Node>
<StgValue><ssdm name="tmp6"/></StgValue>
</operation>

<operation id="131" st_id="13" stage="1" lat="1">
<core>RAM</core>
<MemPortIdVec>1 </MemPortIdVec>
<condition id="0">
<or_exp><and_exp><literal name="exitcond_flatten" val="0"/>
</and_exp></or_exp>
</condition>

<Node id="107" bw="0" op_0_bw="32" op_1_bw="11">
<![CDATA[
.preheader24.i.i.i:66  store i32 %tmp_12, i32* %linebuf_9_addr, align 4

]]></Node>
<StgValue><ssdm name=""/></StgValue>
</operation>
</state>

<state id="14" st_id="14">

<operation id="132" st_id="14" stage="1" lat="1">
<core>TAddSub</core>
<MemPortIdVec></MemPortIdVec>
<condition id="0">
<or_exp><and_exp><literal name="exitcond_flatten" val="0"/>
</and_exp></or_exp>
</condition>

<Node id="99" bw="32" op_0_bw="32" op_1_bw="32">
<![CDATA[
.preheader24.i.i.i:58  %tmp1 = add i32 %tmp4, %tmp2

]]></Node>
<StgValue><ssdm name="tmp1"/></StgValue>
</operation>

<operation id="133" st_id="14" stage="1" lat="1">
<core>TAddSub</core>
<MemPortIdVec></MemPortIdVec>
<condition id="0">
<or_exp><and_exp><literal name="exitcond_flatten" val="0"/>
</and_exp></or_exp>
</condition>

<Node id="106" bw="32" op_0_bw="32" op_1_bw="32">
<![CDATA[
.preheader24.i.i.i:65  %tmp_2 = add i32 %tmp6, %tmp1

]]></Node>
<StgValue><ssdm name="tmp_2"/></StgValue>
</operation>
</state>

<state id="15" st_id="15">

<operation id="134" st_id="15" stage="1" lat="1">
<core>NULL</core>
<MemPortIdVec></MemPortIdVec>
<condition id="0">
<or_exp><and_exp><literal name="exitcond_flatten" val="0"/>
</and_exp></or_exp>
</condition>

<Node id="41" bw="0" op_0_bw="0" op_1_bw="0">
<![CDATA[
.preheader24.i.i.i:0  call void (...)* @_ssdm_op_SpecLoopName([14 x i8]* @VConvH_VConvW_str)

]]></Node>
<StgValue><ssdm name=""/></StgValue>
</operation>

<operation id="135" st_id="15" stage="1" lat="1">
<core>NULL</core>
<MemPortIdVec></MemPortIdVec>
<condition id="0">
<or_exp><and_exp><literal name="exitcond_flatten" val="0"/>
</and_exp></or_exp>
</condition>

<Node id="48" bw="0" op_0_bw="0" op_1_bw="0">
<![CDATA[
.preheader24.i.i.i:7  call void (...)* @_ssdm_op_SpecLoopName([7 x i8]* @p_str18) nounwind

]]></Node>
<StgValue><ssdm name=""/></StgValue>
</operation>

<operation id="136" st_id="15" stage="1" lat="1">
<core>NULL</core>
<MemPortIdVec></MemPortIdVec>
<condition id="0">
<or_exp><and_exp><literal name="exitcond_flatten" val="0"/>
</and_exp></or_exp>
</condition>

<Node id="49" bw="32" op_0_bw="32" op_1_bw="0">
<![CDATA[
.preheader24.i.i.i:8  %tmp_18_i_i = call i32 (...)* @_ssdm_op_SpecRegionBegin([7 x i8]* @p_str18)

]]></Node>
<StgValue><ssdm name="tmp_18_i_i"/></StgValue>
</operation>

<operation id="137" st_id="15" stage="1" lat="1">
<core>NULL</core>
<MemPortIdVec></MemPortIdVec>
<condition id="0">
<or_exp><and_exp><literal name="exitcond_flatten" val="0"/>
</and_exp></or_exp>
</condition>

<Node id="50" bw="0" op_0_bw="0" op_1_bw="32" op_2_bw="32" op_3_bw="32" op_4_bw="32" op_5_bw="0">
<![CDATA[
.preheader24.i.i.i:9  call void (...)* @_ssdm_op_SpecPipeline(i32 -1, i32 1, i32 1, i32 0, [1 x i8]* @p_str1) nounwind

]]></Node>
<StgValue><ssdm name=""/></StgValue>
</operation>

<operation id="138" st_id="15" stage="1" lat="1">
<core>FIFO</core>
<MemPortIdVec></MemPortIdVec>
<condition id="30">
<or_exp><and_exp><literal name="tmp_8_i_i_mid2" val="1"/>
</and_exp></or_exp>
</condition>

<Node id="110" bw="0" op_0_bw="0" op_1_bw="32" op_2_bw="32">
<![CDATA[
:0  call void @_ssdm_op_Write.ap_fifo.volatile.i32P(i32* %vconv_V, i32 %tmp_2)

]]></Node>
<StgValue><ssdm name=""/></StgValue>
</operation>

<operation id="139" st_id="15" stage="1" lat="1">
<core>NULL</core>
<MemPortIdVec></MemPortIdVec>
<condition id="30">
<or_exp><and_exp><literal name="tmp_8_i_i_mid2" val="1"/>
</and_exp></or_exp>
</condition>

<Node id="111" bw="0" op_0_bw="0">
<![CDATA[
:1  br label %._crit_edge8.i.i.i

]]></Node>
<StgValue><ssdm name=""/></StgValue>
</operation>

<operation id="140" st_id="15" stage="1" lat="1">
<core>NULL</core>
<MemPortIdVec></MemPortIdVec>
<condition id="29">
<or_exp><and_exp><literal name="exitcond_flatten" val="0"/>
</and_exp></or_exp>
</condition>

<Node id="113" bw="32" op_0_bw="32" op_1_bw="0" op_2_bw="32">
<![CDATA[
._crit_edge8.i.i.i:0  %empty = call i32 (...)* @_ssdm_op_SpecRegionEnd([7 x i8]* @p_str18, i32 %tmp_18_i_i)

]]></Node>
<StgValue><ssdm name="empty"/></StgValue>
</operation>

<operation id="141" st_id="15" stage="1" lat="1">
<core>NULL</core>
<MemPortIdVec></MemPortIdVec>
<condition id="29">
<or_exp><and_exp><literal name="exitcond_flatten" val="0"/>
</and_exp></or_exp>
</condition>

<Node id="115" bw="0" op_0_bw="0">
<![CDATA[
._crit_edge8.i.i.i:2  br label %0

]]></Node>
<StgValue><ssdm name=""/></StgValue>
</operation>
</state>

<state id="16" st_id="16">

<operation id="142" st_id="16" stage="1" lat="1">
<core>NULL</core>
<MemPortIdVec></MemPortIdVec>
<condition id="33">
<or_exp><and_exp></and_exp></or_exp>
</condition>

<Node id="117" bw="0">
<![CDATA[
.exit:0  ret void

]]></Node>
<StgValue><ssdm name=""/></StgValue>
</operation>
</state>
</state_list>


<ports>
<port id="183" name="height" dir="0" iftype="3">
<core>FIFO</core><StgValue><ssdm name="height"/></StgValue>
</port>
<port id="184" name="vconv_xlim_loc" dir="0" iftype="3">
<core>FIFO</core><StgValue><ssdm name="vconv_xlim_loc"/></StgValue>
</port>
<port id="185" name="hconv_V" dir="0" iftype="3">
<core>FIFO</core><StgValue><ssdm name="hconv_V"/></StgValue>
</port>
<port id="186" name="vconv_V" dir="1" iftype="3">
<core>FIFO</core><StgValue><ssdm name="vconv_V"/></StgValue>
</port>
<port id="187" name="height_out" dir="1" iftype="3">
<core>FIFO</core><StgValue><ssdm name="height_out"/></StgValue>
</port>
<port id="188" name="vconv_xlim_loc_out" dir="1" iftype="3">
<core>FIFO</core><StgValue><ssdm name="vconv_xlim_loc_out"/></StgValue>
</port>
<port id="189" name="linebuf_0" dir="2" iftype="1">
<core>RAM</core><StgValue><ssdm name="linebuf_0"/><MemPortTyVec>1 0 </MemPortTyVec>
</StgValue>
</port>
<port id="190" name="linebuf_1" dir="2" iftype="1">
<core>RAM</core><StgValue><ssdm name="linebuf_1"/><MemPortTyVec>1 0 </MemPortTyVec>
</StgValue>
</port>
<port id="191" name="linebuf_2" dir="2" iftype="1">
<core>RAM</core><StgValue><ssdm name="linebuf_2"/><MemPortTyVec>1 0 </MemPortTyVec>
</StgValue>
</port>
<port id="192" name="linebuf_3" dir="2" iftype="1">
<core>RAM</core><StgValue><ssdm name="linebuf_3"/><MemPortTyVec>1 0 </MemPortTyVec>
</StgValue>
</port>
<port id="193" name="linebuf_4" dir="2" iftype="1">
<core>RAM</core><StgValue><ssdm name="linebuf_4"/><MemPortTyVec>1 0 </MemPortTyVec>
</StgValue>
</port>
<port id="194" name="linebuf_5" dir="2" iftype="1">
<core>RAM</core><StgValue><ssdm name="linebuf_5"/><MemPortTyVec>1 0 </MemPortTyVec>
</StgValue>
</port>
<port id="195" name="linebuf_6" dir="2" iftype="1">
<core>RAM</core><StgValue><ssdm name="linebuf_6"/><MemPortTyVec>1 0 </MemPortTyVec>
</StgValue>
</port>
<port id="196" name="linebuf_7" dir="2" iftype="1">
<core>RAM</core><StgValue><ssdm name="linebuf_7"/><MemPortTyVec>1 0 </MemPortTyVec>
</StgValue>
</port>
<port id="197" name="linebuf_8" dir="2" iftype="1">
<core>RAM</core><StgValue><ssdm name="linebuf_8"/><MemPortTyVec>1 0 </MemPortTyVec>
</StgValue>
</port>
<port id="198" name="linebuf_9" dir="2" iftype="1">
<core>RAM</core><StgValue><ssdm name="linebuf_9"/><MemPortTyVec>1 0 </MemPortTyVec>
</StgValue>
</port>
</ports>


<dataflows>
<dataflow id="200" from="_ssdm_op_Read.ap_fifo.i32P" to="height_read" fromId="199" toId="17">
</dataflow>
<dataflow id="201" from="height" to="height_read" fromId="183" toId="17">
</dataflow>
<dataflow id="202" from="_ssdm_op_Read.ap_fifo.i32P" to="vconv_xlim_loc_read" fromId="199" toId="18">
</dataflow>
<dataflow id="203" from="vconv_xlim_loc" to="vconv_xlim_loc_read" fromId="184" toId="18">
</dataflow>
<dataflow id="205" from="_ssdm_op_Write.ap_fifo.i32P" to="StgValue_19" fromId="204" toId="19">
</dataflow>
<dataflow id="206" from="height_out" to="StgValue_19" fromId="187" toId="19">
</dataflow>
<dataflow id="207" from="height_read" to="StgValue_19" fromId="17" toId="19">
</dataflow>
<dataflow id="208" from="_ssdm_op_Write.ap_fifo.i32P" to="StgValue_20" fromId="204" toId="20">
</dataflow>
<dataflow id="209" from="vconv_xlim_loc_out" to="StgValue_20" fromId="188" toId="20">
</dataflow>
<dataflow id="210" from="vconv_xlim_loc_read" to="StgValue_20" fromId="18" toId="20">
</dataflow>
<dataflow id="211" from="height_read" to="cast" fromId="17" toId="21">
</dataflow>
<dataflow id="212" from="vconv_xlim_loc_read" to="cast1" fromId="18" toId="22">
</dataflow>
<dataflow id="213" from="cast1" to="bound" fromId="22" toId="23">
</dataflow>
<dataflow id="214" from="cast" to="bound" fromId="21" toId="23">
</dataflow>
<dataflow id="215" from="cast1" to="bound" fromId="22" toId="24">
</dataflow>
<dataflow id="216" from="cast" to="bound" fromId="21" toId="24">
</dataflow>
<dataflow id="218" from="_ssdm_op_SpecInterface" to="StgValue_25" fromId="217" toId="25">
</dataflow>
<dataflow id="219" from="vconv_V" to="StgValue_25" fromId="186" toId="25">
</dataflow>
<dataflow id="221" from="ap_fifo_str" to="StgValue_25" fromId="220" toId="25">
</dataflow>
<dataflow id="223" from="StgValue_222" to="StgValue_25" fromId="222" toId="25">
</dataflow>
<dataflow id="224" from="StgValue_222" to="StgValue_25" fromId="222" toId="25">
</dataflow>
<dataflow id="226" from="p_str" to="StgValue_25" fromId="225" toId="25">
</dataflow>
<dataflow id="227" from="StgValue_222" to="StgValue_25" fromId="222" toId="25">
</dataflow>
<dataflow id="228" from="StgValue_222" to="StgValue_25" fromId="222" toId="25">
</dataflow>
<dataflow id="229" from="p_str" to="StgValue_25" fromId="225" toId="25">
</dataflow>
<dataflow id="230" from="p_str" to="StgValue_25" fromId="225" toId="25">
</dataflow>
<dataflow id="231" from="p_str" to="StgValue_25" fromId="225" toId="25">
</dataflow>
<dataflow id="233" from="StgValue_232" to="StgValue_25" fromId="232" toId="25">
</dataflow>
<dataflow id="234" from="StgValue_232" to="StgValue_25" fromId="232" toId="25">
</dataflow>
<dataflow id="236" from="StgValue_235" to="StgValue_25" fromId="235" toId="25">
</dataflow>
<dataflow id="237" from="StgValue_235" to="StgValue_25" fromId="235" toId="25">
</dataflow>
<dataflow id="238" from="p_str" to="StgValue_25" fromId="225" toId="25">
</dataflow>
<dataflow id="239" from="p_str" to="StgValue_25" fromId="225" toId="25">
</dataflow>
<dataflow id="240" from="_ssdm_op_SpecInterface" to="StgValue_26" fromId="217" toId="26">
</dataflow>
<dataflow id="241" from="hconv_V" to="StgValue_26" fromId="185" toId="26">
</dataflow>
<dataflow id="242" from="ap_fifo_str" to="StgValue_26" fromId="220" toId="26">
</dataflow>
<dataflow id="243" from="StgValue_222" to="StgValue_26" fromId="222" toId="26">
</dataflow>
<dataflow id="244" from="StgValue_222" to="StgValue_26" fromId="222" toId="26">
</dataflow>
<dataflow id="245" from="p_str" to="StgValue_26" fromId="225" toId="26">
</dataflow>
<dataflow id="246" from="StgValue_222" to="StgValue_26" fromId="222" toId="26">
</dataflow>
<dataflow id="247" from="StgValue_222" to="StgValue_26" fromId="222" toId="26">
</dataflow>
<dataflow id="248" from="p_str" to="StgValue_26" fromId="225" toId="26">
</dataflow>
<dataflow id="249" from="p_str" to="StgValue_26" fromId="225" toId="26">
</dataflow>
<dataflow id="250" from="p_str" to="StgValue_26" fromId="225" toId="26">
</dataflow>
<dataflow id="251" from="StgValue_232" to="StgValue_26" fromId="232" toId="26">
</dataflow>
<dataflow id="252" from="StgValue_232" to="StgValue_26" fromId="232" toId="26">
</dataflow>
<dataflow id="253" from="StgValue_235" to="StgValue_26" fromId="235" toId="26">
</dataflow>
<dataflow id="254" from="StgValue_235" to="StgValue_26" fromId="235" toId="26">
</dataflow>
<dataflow id="255" from="p_str" to="StgValue_26" fromId="225" toId="26">
</dataflow>
<dataflow id="256" from="p_str" to="StgValue_26" fromId="225" toId="26">
</dataflow>
<dataflow id="257" from="_ssdm_op_SpecInterface" to="StgValue_27" fromId="217" toId="27">
</dataflow>
<dataflow id="258" from="vconv_xlim_loc" to="StgValue_27" fromId="184" toId="27">
</dataflow>
<dataflow id="259" from="ap_fifo_str" to="StgValue_27" fromId="220" toId="27">
</dataflow>
<dataflow id="260" from="StgValue_222" to="StgValue_27" fromId="222" toId="27">
</dataflow>
<dataflow id="261" from="StgValue_222" to="StgValue_27" fromId="222" toId="27">
</dataflow>
<dataflow id="262" from="p_str" to="StgValue_27" fromId="225" toId="27">
</dataflow>
<dataflow id="263" from="StgValue_222" to="StgValue_27" fromId="222" toId="27">
</dataflow>
<dataflow id="264" from="StgValue_222" to="StgValue_27" fromId="222" toId="27">
</dataflow>
<dataflow id="265" from="p_str" to="StgValue_27" fromId="225" toId="27">
</dataflow>
<dataflow id="266" from="p_str" to="StgValue_27" fromId="225" toId="27">
</dataflow>
<dataflow id="267" from="p_str" to="StgValue_27" fromId="225" toId="27">
</dataflow>
<dataflow id="268" from="StgValue_232" to="StgValue_27" fromId="232" toId="27">
</dataflow>
<dataflow id="269" from="StgValue_232" to="StgValue_27" fromId="232" toId="27">
</dataflow>
<dataflow id="270" from="StgValue_235" to="StgValue_27" fromId="235" toId="27">
</dataflow>
<dataflow id="271" from="StgValue_235" to="StgValue_27" fromId="235" toId="27">
</dataflow>
<dataflow id="272" from="p_str" to="StgValue_27" fromId="225" toId="27">
</dataflow>
<dataflow id="273" from="p_str" to="StgValue_27" fromId="225" toId="27">
</dataflow>
<dataflow id="274" from="_ssdm_op_SpecInterface" to="StgValue_28" fromId="217" toId="28">
</dataflow>
<dataflow id="275" from="height" to="StgValue_28" fromId="183" toId="28">
</dataflow>
<dataflow id="276" from="ap_fifo_str" to="StgValue_28" fromId="220" toId="28">
</dataflow>
<dataflow id="277" from="StgValue_222" to="StgValue_28" fromId="222" toId="28">
</dataflow>
<dataflow id="278" from="StgValue_222" to="StgValue_28" fromId="222" toId="28">
</dataflow>
<dataflow id="279" from="p_str" to="StgValue_28" fromId="225" toId="28">
</dataflow>
<dataflow id="280" from="StgValue_222" to="StgValue_28" fromId="222" toId="28">
</dataflow>
<dataflow id="281" from="StgValue_222" to="StgValue_28" fromId="222" toId="28">
</dataflow>
<dataflow id="282" from="p_str" to="StgValue_28" fromId="225" toId="28">
</dataflow>
<dataflow id="283" from="p_str" to="StgValue_28" fromId="225" toId="28">
</dataflow>
<dataflow id="284" from="p_str" to="StgValue_28" fromId="225" toId="28">
</dataflow>
<dataflow id="285" from="StgValue_232" to="StgValue_28" fromId="232" toId="28">
</dataflow>
<dataflow id="286" from="StgValue_232" to="StgValue_28" fromId="232" toId="28">
</dataflow>
<dataflow id="287" from="StgValue_235" to="StgValue_28" fromId="235" toId="28">
</dataflow>
<dataflow id="288" from="StgValue_235" to="StgValue_28" fromId="235" toId="28">
</dataflow>
<dataflow id="289" from="p_str" to="StgValue_28" fromId="225" toId="28">
</dataflow>
<dataflow id="290" from="p_str" to="StgValue_28" fromId="225" toId="28">
</dataflow>
<dataflow id="291" from="_ssdm_op_SpecInterface" to="StgValue_29" fromId="217" toId="29">
</dataflow>
<dataflow id="292" from="height_out" to="StgValue_29" fromId="187" toId="29">
</dataflow>
<dataflow id="293" from="ap_fifo_str" to="StgValue_29" fromId="220" toId="29">
</dataflow>
<dataflow id="294" from="StgValue_222" to="StgValue_29" fromId="222" toId="29">
</dataflow>
<dataflow id="295" from="StgValue_222" to="StgValue_29" fromId="222" toId="29">
</dataflow>
<dataflow id="296" from="p_str" to="StgValue_29" fromId="225" toId="29">
</dataflow>
<dataflow id="297" from="StgValue_222" to="StgValue_29" fromId="222" toId="29">
</dataflow>
<dataflow id="298" from="StgValue_222" to="StgValue_29" fromId="222" toId="29">
</dataflow>
<dataflow id="299" from="p_str" to="StgValue_29" fromId="225" toId="29">
</dataflow>
<dataflow id="300" from="p_str" to="StgValue_29" fromId="225" toId="29">
</dataflow>
<dataflow id="301" from="p_str" to="StgValue_29" fromId="225" toId="29">
</dataflow>
<dataflow id="302" from="StgValue_232" to="StgValue_29" fromId="232" toId="29">
</dataflow>
<dataflow id="303" from="StgValue_232" to="StgValue_29" fromId="232" toId="29">
</dataflow>
<dataflow id="304" from="StgValue_235" to="StgValue_29" fromId="235" toId="29">
</dataflow>
<dataflow id="305" from="StgValue_235" to="StgValue_29" fromId="235" toId="29">
</dataflow>
<dataflow id="306" from="p_str" to="StgValue_29" fromId="225" toId="29">
</dataflow>
<dataflow id="307" from="p_str" to="StgValue_29" fromId="225" toId="29">
</dataflow>
<dataflow id="308" from="_ssdm_op_SpecInterface" to="StgValue_30" fromId="217" toId="30">
</dataflow>
<dataflow id="309" from="vconv_xlim_loc_out" to="StgValue_30" fromId="188" toId="30">
</dataflow>
<dataflow id="310" from="ap_fifo_str" to="StgValue_30" fromId="220" toId="30">
</dataflow>
<dataflow id="311" from="StgValue_222" to="StgValue_30" fromId="222" toId="30">
</dataflow>
<dataflow id="312" from="StgValue_222" to="StgValue_30" fromId="222" toId="30">
</dataflow>
<dataflow id="313" from="p_str" to="StgValue_30" fromId="225" toId="30">
</dataflow>
<dataflow id="314" from="StgValue_222" to="StgValue_30" fromId="222" toId="30">
</dataflow>
<dataflow id="315" from="StgValue_222" to="StgValue_30" fromId="222" toId="30">
</dataflow>
<dataflow id="316" from="p_str" to="StgValue_30" fromId="225" toId="30">
</dataflow>
<dataflow id="317" from="p_str" to="StgValue_30" fromId="225" toId="30">
</dataflow>
<dataflow id="318" from="p_str" to="StgValue_30" fromId="225" toId="30">
</dataflow>
<dataflow id="319" from="StgValue_232" to="StgValue_30" fromId="232" toId="30">
</dataflow>
<dataflow id="320" from="StgValue_232" to="StgValue_30" fromId="232" toId="30">
</dataflow>
<dataflow id="321" from="StgValue_235" to="StgValue_30" fromId="235" toId="30">
</dataflow>
<dataflow id="322" from="StgValue_235" to="StgValue_30" fromId="235" toId="30">
</dataflow>
<dataflow id="323" from="p_str" to="StgValue_30" fromId="225" toId="30">
</dataflow>
<dataflow id="324" from="p_str" to="StgValue_30" fromId="225" toId="30">
</dataflow>
<dataflow id="325" from="cast1" to="bound" fromId="22" toId="31">
</dataflow>
<dataflow id="326" from="cast" to="bound" fromId="21" toId="31">
</dataflow>
<dataflow id="328" from="StgValue_327" to="indvar_flatten" fromId="327" toId="33">
<condition id="99">
<or_exp><and_exp></and_exp></or_exp>
</condition>
</dataflow>
<dataflow id="329" from="StgValue_32" to="indvar_flatten" fromId="32" toId="33">
</dataflow>
<dataflow id="330" from="indvar_flatten_next" to="indvar_flatten" fromId="39" toId="33">
<BackEdge/>
<condition id="100">
<or_exp><and_exp><literal name="exitcond_flatten" val="0"/>
</and_exp></or_exp>
</condition>
</dataflow>
<dataflow id="331" from="StgValue_141" to="indvar_flatten" fromId="141" toId="33">
<BackEdge/>
</dataflow>
<dataflow id="333" from="StgValue_332" to="col1_0_i_i_i" fromId="332" toId="34">
<condition id="101">
<or_exp><and_exp></and_exp></or_exp>
</condition>
</dataflow>
<dataflow id="334" from="StgValue_32" to="col1_0_i_i_i" fromId="32" toId="34">
</dataflow>
<dataflow id="335" from="col1_0_i_i_i_mid2" to="col1_0_i_i_i" fromId="45" toId="34">
<BackEdge/>
<condition id="102">
<or_exp><and_exp><literal name="exitcond_flatten" val="0"/>
</and_exp></or_exp>
</condition>
</dataflow>
<dataflow id="336" from="StgValue_141" to="col1_0_i_i_i" fromId="141" toId="34">
<BackEdge/>
</dataflow>
<dataflow id="337" from="StgValue_332" to="row2_0_i_i_i" fromId="332" toId="35">
<condition id="103">
<or_exp><and_exp></and_exp></or_exp>
</condition>
</dataflow>
<dataflow id="338" from="StgValue_32" to="row2_0_i_i_i" fromId="32" toId="35">
</dataflow>
<dataflow id="339" from="row" to="row2_0_i_i_i" fromId="46" toId="35">
<BackEdge/>
<condition id="104">
<or_exp><and_exp><literal name="exitcond_flatten" val="0"/>
</and_exp></or_exp>
</condition>
</dataflow>
<dataflow id="340" from="StgValue_141" to="row2_0_i_i_i" fromId="141" toId="35">
<BackEdge/>
</dataflow>
<dataflow id="341" from="row2_0_i_i_i" to="row2_0_i_cast_i_i" fromId="35" toId="36">
</dataflow>
<dataflow id="342" from="row2_0_i_cast_i_i" to="tmp_11_i_i" fromId="36" toId="37">
</dataflow>
<dataflow id="343" from="vconv_xlim_loc_read" to="tmp_11_i_i" fromId="18" toId="37">
</dataflow>
<dataflow id="344" from="indvar_flatten" to="exitcond_flatten" fromId="33" toId="38">
</dataflow>
<dataflow id="345" from="bound" to="exitcond_flatten" fromId="31" toId="38">
</dataflow>
<dataflow id="346" from="indvar_flatten" to="indvar_flatten_next" fromId="33" toId="39">
</dataflow>
<dataflow id="348" from="StgValue_347" to="indvar_flatten_next" fromId="347" toId="39">
</dataflow>
<dataflow id="349" from="exitcond_flatten" to="StgValue_40" fromId="38" toId="40">
</dataflow>
<dataflow id="350" from="tmp_11_i_i" to="row2_0_i_i_i_mid2" fromId="37" toId="41">
</dataflow>
<dataflow id="351" from="row2_0_i_i_i" to="row2_0_i_i_i_mid2" fromId="35" toId="41">
</dataflow>
<dataflow id="352" from="StgValue_332" to="row2_0_i_i_i_mid2" fromId="332" toId="41">
</dataflow>
<dataflow id="354" from="StgValue_353" to="col" fromId="353" toId="42">
</dataflow>
<dataflow id="355" from="col1_0_i_i_i" to="col" fromId="34" toId="42">
</dataflow>
<dataflow id="356" from="col" to="tmp_8_i_i_mid1" fromId="42" toId="43">
</dataflow>
<dataflow id="358" from="StgValue_357" to="tmp_8_i_i_mid1" fromId="357" toId="43">
</dataflow>
<dataflow id="359" from="col1_0_i_i_i" to="tmp_8_i_i" fromId="34" toId="44">
</dataflow>
<dataflow id="360" from="StgValue_357" to="tmp_8_i_i" fromId="357" toId="44">
</dataflow>
<dataflow id="361" from="tmp_11_i_i" to="col1_0_i_i_i_mid2" fromId="37" toId="45">
</dataflow>
<dataflow id="362" from="col1_0_i_i_i" to="col1_0_i_i_i_mid2" fromId="34" toId="45">
</dataflow>
<dataflow id="363" from="col" to="col1_0_i_i_i_mid2" fromId="42" toId="45">
</dataflow>
<dataflow id="364" from="row2_0_i_i_i_mid2" to="row" fromId="41" toId="46">
</dataflow>
<dataflow id="365" from="StgValue_353" to="row" fromId="353" toId="46">
</dataflow>
<dataflow id="366" from="tmp_11_i_i" to="tmp_8_i_i_mid2" fromId="37" toId="47">
</dataflow>
<dataflow id="367" from="tmp_8_i_i" to="tmp_8_i_i_mid2" fromId="44" toId="47">
</dataflow>
<dataflow id="368" from="tmp_8_i_i_mid1" to="tmp_8_i_i_mid2" fromId="43" toId="47">
</dataflow>
<dataflow id="369" from="row2_0_i_i_i_mid2" to="tmp_16_i_i" fromId="41" toId="48">
</dataflow>
<dataflow id="370" from="linebuf_8" to="linebuf_8_addr" fromId="197" toId="49">
</dataflow>
<dataflow id="371" from="StgValue_327" to="linebuf_8_addr" fromId="327" toId="49">
</dataflow>
<dataflow id="372" from="tmp_16_i_i" to="linebuf_8_addr" fromId="48" toId="49">
</dataflow>
<dataflow id="373" from="linebuf_8_addr" to="linebuf_8_load" fromId="49" toId="50">
</dataflow>
<dataflow id="374" from="linebuf_9" to="linebuf_9_addr" fromId="198" toId="51">
</dataflow>
<dataflow id="375" from="StgValue_327" to="linebuf_9_addr" fromId="327" toId="51">
</dataflow>
<dataflow id="376" from="tmp_16_i_i" to="linebuf_9_addr" fromId="48" toId="51">
</dataflow>
<dataflow id="377" from="linebuf_9_addr" to="linebuf_9_load" fromId="51" toId="52">
</dataflow>
<dataflow id="378" from="tmp_8_i_i_mid2" to="StgValue_53" fromId="47" toId="53">
</dataflow>
<dataflow id="379" from="linebuf_0" to="linebuf_0_addr" fromId="189" toId="54">
</dataflow>
<dataflow id="380" from="StgValue_327" to="linebuf_0_addr" fromId="327" toId="54">
</dataflow>
<dataflow id="381" from="tmp_16_i_i" to="linebuf_0_addr" fromId="48" toId="54">
</dataflow>
<dataflow id="382" from="linebuf_1" to="linebuf_1_addr" fromId="190" toId="55">
</dataflow>
<dataflow id="383" from="StgValue_327" to="linebuf_1_addr" fromId="327" toId="55">
</dataflow>
<dataflow id="384" from="tmp_16_i_i" to="linebuf_1_addr" fromId="48" toId="55">
</dataflow>
<dataflow id="385" from="linebuf_2" to="linebuf_2_addr" fromId="191" toId="56">
</dataflow>
<dataflow id="386" from="StgValue_327" to="linebuf_2_addr" fromId="327" toId="56">
</dataflow>
<dataflow id="387" from="tmp_16_i_i" to="linebuf_2_addr" fromId="48" toId="56">
</dataflow>
<dataflow id="388" from="linebuf_3" to="linebuf_3_addr" fromId="192" toId="57">
</dataflow>
<dataflow id="389" from="StgValue_327" to="linebuf_3_addr" fromId="327" toId="57">
</dataflow>
<dataflow id="390" from="tmp_16_i_i" to="linebuf_3_addr" fromId="48" toId="57">
</dataflow>
<dataflow id="391" from="linebuf_4" to="linebuf_4_addr" fromId="193" toId="58">
</dataflow>
<dataflow id="392" from="StgValue_327" to="linebuf_4_addr" fromId="327" toId="58">
</dataflow>
<dataflow id="393" from="tmp_16_i_i" to="linebuf_4_addr" fromId="48" toId="58">
</dataflow>
<dataflow id="394" from="linebuf_4_addr" to="linebuf_4_load" fromId="58" toId="59">
</dataflow>
<dataflow id="395" from="linebuf_5" to="linebuf_5_addr" fromId="194" toId="60">
</dataflow>
<dataflow id="396" from="StgValue_327" to="linebuf_5_addr" fromId="327" toId="60">
</dataflow>
<dataflow id="397" from="tmp_16_i_i" to="linebuf_5_addr" fromId="48" toId="60">
</dataflow>
<dataflow id="398" from="linebuf_5_addr" to="linebuf_5_load" fromId="60" toId="61">
</dataflow>
<dataflow id="399" from="linebuf_6" to="linebuf_6_addr" fromId="195" toId="62">
</dataflow>
<dataflow id="400" from="StgValue_327" to="linebuf_6_addr" fromId="327" toId="62">
</dataflow>
<dataflow id="401" from="tmp_16_i_i" to="linebuf_6_addr" fromId="48" toId="62">
</dataflow>
<dataflow id="402" from="linebuf_6_addr" to="linebuf_6_load" fromId="62" toId="63">
</dataflow>
<dataflow id="403" from="linebuf_7" to="linebuf_7_addr" fromId="196" toId="64">
</dataflow>
<dataflow id="404" from="StgValue_327" to="linebuf_7_addr" fromId="327" toId="64">
</dataflow>
<dataflow id="405" from="tmp_16_i_i" to="linebuf_7_addr" fromId="48" toId="64">
</dataflow>
<dataflow id="406" from="linebuf_7_addr" to="linebuf_7_load" fromId="64" toId="65">
</dataflow>
<dataflow id="407" from="linebuf_8_addr" to="linebuf_8_load" fromId="49" toId="66">
</dataflow>
<dataflow id="408" from="linebuf_9_addr" to="linebuf_9_load" fromId="51" toId="67">
</dataflow>
<dataflow id="409" from="linebuf_1_addr" to="linebuf_1_load" fromId="55" toId="68">
</dataflow>
<dataflow id="410" from="linebuf_2_addr" to="linebuf_2_load" fromId="56" toId="69">
</dataflow>
<dataflow id="411" from="linebuf_3_addr" to="linebuf_3_load" fromId="57" toId="70">
</dataflow>
<dataflow id="412" from="linebuf_4_addr" to="linebuf_4_load" fromId="58" toId="71">
</dataflow>
<dataflow id="413" from="linebuf_5_addr" to="linebuf_5_load" fromId="60" toId="72">
</dataflow>
<dataflow id="414" from="linebuf_6_addr" to="linebuf_6_load" fromId="62" toId="73">
</dataflow>
<dataflow id="415" from="linebuf_7_addr" to="linebuf_7_load" fromId="64" toId="74">
</dataflow>
<dataflow id="417" from="StgValue_416" to="tmp_30_8_i_i" fromId="416" toId="75">
</dataflow>
<dataflow id="418" from="linebuf_8_load" to="tmp_30_8_i_i" fromId="66" toId="75">
</dataflow>
<dataflow id="419" from="linebuf_8_load" to="StgValue_76" fromId="66" toId="76">
</dataflow>
<dataflow id="420" from="linebuf_7_addr" to="StgValue_76" fromId="64" toId="76">
</dataflow>
<dataflow id="422" from="StgValue_421" to="tmp_30_9_i_i" fromId="421" toId="77">
</dataflow>
<dataflow id="423" from="linebuf_9_load" to="tmp_30_9_i_i" fromId="67" toId="77">
</dataflow>
<dataflow id="424" from="linebuf_9_load" to="StgValue_78" fromId="67" toId="78">
</dataflow>
<dataflow id="425" from="linebuf_8_addr" to="StgValue_78" fromId="49" toId="78">
</dataflow>
<dataflow id="426" from="linebuf_0_addr" to="linebuf_0_load" fromId="54" toId="79">
</dataflow>
<dataflow id="427" from="linebuf_1_addr" to="linebuf_1_load" fromId="55" toId="80">
</dataflow>
<dataflow id="428" from="linebuf_2_addr" to="linebuf_2_load" fromId="56" toId="81">
</dataflow>
<dataflow id="429" from="linebuf_3_addr" to="linebuf_3_load" fromId="57" toId="82">
</dataflow>
<dataflow id="431" from="StgValue_430" to="tmp_30_4_i_i" fromId="430" toId="83">
</dataflow>
<dataflow id="432" from="linebuf_4_load" to="tmp_30_4_i_i" fromId="71" toId="83">
</dataflow>
<dataflow id="433" from="linebuf_4_load" to="StgValue_84" fromId="71" toId="84">
</dataflow>
<dataflow id="434" from="linebuf_3_addr" to="StgValue_84" fromId="57" toId="84">
</dataflow>
<dataflow id="436" from="StgValue_435" to="tmp_30_5_i_i" fromId="435" toId="85">
</dataflow>
<dataflow id="437" from="linebuf_5_load" to="tmp_30_5_i_i" fromId="72" toId="85">
</dataflow>
<dataflow id="438" from="linebuf_5_load" to="StgValue_86" fromId="72" toId="86">
</dataflow>
<dataflow id="439" from="linebuf_4_addr" to="StgValue_86" fromId="58" toId="86">
</dataflow>
<dataflow id="440" from="StgValue_430" to="tmp_30_6_i_i" fromId="430" toId="87">
</dataflow>
<dataflow id="441" from="linebuf_6_load" to="tmp_30_6_i_i" fromId="73" toId="87">
</dataflow>
<dataflow id="442" from="linebuf_6_load" to="StgValue_88" fromId="73" toId="88">
</dataflow>
<dataflow id="443" from="linebuf_5_addr" to="StgValue_88" fromId="60" toId="88">
</dataflow>
<dataflow id="445" from="StgValue_444" to="tmp_30_7_i_i" fromId="444" toId="89">
</dataflow>
<dataflow id="446" from="linebuf_7_load" to="tmp_30_7_i_i" fromId="74" toId="89">
</dataflow>
<dataflow id="447" from="linebuf_7_load" to="StgValue_90" fromId="74" toId="90">
</dataflow>
<dataflow id="448" from="linebuf_6_addr" to="StgValue_90" fromId="62" toId="90">
</dataflow>
<dataflow id="449" from="StgValue_416" to="tmp_30_8_i_i" fromId="416" toId="91">
</dataflow>
<dataflow id="450" from="linebuf_8_load" to="tmp_30_8_i_i" fromId="66" toId="91">
</dataflow>
<dataflow id="451" from="StgValue_421" to="tmp_30_9_i_i" fromId="421" toId="92">
</dataflow>
<dataflow id="452" from="linebuf_9_load" to="tmp_30_9_i_i" fromId="67" toId="92">
</dataflow>
<dataflow id="453" from="linebuf_0_addr" to="linebuf_0_load" fromId="54" toId="93">
</dataflow>
<dataflow id="454" from="StgValue_421" to="tmp_30_1_i_i" fromId="421" toId="94">
</dataflow>
<dataflow id="455" from="linebuf_1_load" to="tmp_30_1_i_i" fromId="80" toId="94">
</dataflow>
<dataflow id="456" from="linebuf_1_load" to="StgValue_95" fromId="80" toId="95">
</dataflow>
<dataflow id="457" from="linebuf_0_addr" to="StgValue_95" fromId="54" toId="95">
</dataflow>
<dataflow id="458" from="StgValue_416" to="tmp_30_2_i_i" fromId="416" toId="96">
</dataflow>
<dataflow id="459" from="linebuf_2_load" to="tmp_30_2_i_i" fromId="81" toId="96">
</dataflow>
<dataflow id="460" from="linebuf_2_load" to="StgValue_97" fromId="81" toId="97">
</dataflow>
<dataflow id="461" from="linebuf_1_addr" to="StgValue_97" fromId="55" toId="97">
</dataflow>
<dataflow id="462" from="StgValue_444" to="tmp_30_3_i_i" fromId="444" toId="98">
</dataflow>
<dataflow id="463" from="linebuf_3_load" to="tmp_30_3_i_i" fromId="82" toId="98">
</dataflow>
<dataflow id="464" from="linebuf_3_load" to="StgValue_99" fromId="82" toId="99">
</dataflow>
<dataflow id="465" from="linebuf_2_addr" to="StgValue_99" fromId="56" toId="99">
</dataflow>
<dataflow id="466" from="StgValue_430" to="tmp_30_4_i_i" fromId="430" toId="100">
</dataflow>
<dataflow id="467" from="linebuf_4_load" to="tmp_30_4_i_i" fromId="71" toId="100">
</dataflow>
<dataflow id="468" from="StgValue_435" to="tmp_30_5_i_i" fromId="435" toId="101">
</dataflow>
<dataflow id="469" from="linebuf_5_load" to="tmp_30_5_i_i" fromId="72" toId="101">
</dataflow>
<dataflow id="470" from="StgValue_430" to="tmp_30_6_i_i" fromId="430" toId="102">
</dataflow>
<dataflow id="471" from="linebuf_6_load" to="tmp_30_6_i_i" fromId="73" toId="102">
</dataflow>
<dataflow id="472" from="StgValue_444" to="tmp_30_7_i_i" fromId="444" toId="103">
</dataflow>
<dataflow id="473" from="linebuf_7_load" to="tmp_30_7_i_i" fromId="74" toId="103">
</dataflow>
<dataflow id="474" from="StgValue_416" to="tmp_30_8_i_i" fromId="416" toId="104">
</dataflow>
<dataflow id="475" from="linebuf_8_load" to="tmp_30_8_i_i" fromId="66" toId="104">
</dataflow>
<dataflow id="476" from="StgValue_421" to="tmp_30_9_i_i" fromId="421" toId="105">
</dataflow>
<dataflow id="477" from="linebuf_9_load" to="tmp_30_9_i_i" fromId="67" toId="105">
</dataflow>
<dataflow id="478" from="StgValue_421" to="tmp_30_1_i_i" fromId="421" toId="106">
</dataflow>
<dataflow id="479" from="linebuf_1_load" to="tmp_30_1_i_i" fromId="80" toId="106">
</dataflow>
<dataflow id="480" from="StgValue_416" to="tmp_30_2_i_i" fromId="416" toId="107">
</dataflow>
<dataflow id="481" from="linebuf_2_load" to="tmp_30_2_i_i" fromId="81" toId="107">
</dataflow>
<dataflow id="482" from="StgValue_444" to="tmp_30_3_i_i" fromId="444" toId="108">
</dataflow>
<dataflow id="483" from="linebuf_3_load" to="tmp_30_3_i_i" fromId="82" toId="108">
</dataflow>
<dataflow id="484" from="StgValue_430" to="tmp_30_4_i_i" fromId="430" toId="109">
</dataflow>
<dataflow id="485" from="linebuf_4_load" to="tmp_30_4_i_i" fromId="71" toId="109">
</dataflow>
<dataflow id="486" from="StgValue_435" to="tmp_30_5_i_i" fromId="435" toId="110">
</dataflow>
<dataflow id="487" from="linebuf_5_load" to="tmp_30_5_i_i" fromId="72" toId="110">
</dataflow>
<dataflow id="488" from="StgValue_430" to="tmp_30_6_i_i" fromId="430" toId="111">
</dataflow>
<dataflow id="489" from="linebuf_6_load" to="tmp_30_6_i_i" fromId="73" toId="111">
</dataflow>
<dataflow id="490" from="StgValue_444" to="tmp_30_7_i_i" fromId="444" toId="112">
</dataflow>
<dataflow id="491" from="linebuf_7_load" to="tmp_30_7_i_i" fromId="74" toId="112">
</dataflow>
<dataflow id="492" from="tmp_30_8_i_i" to="tmp11" fromId="104" toId="113">
</dataflow>
<dataflow id="493" from="tmp_30_9_i_i" to="tmp11" fromId="105" toId="113">
</dataflow>
<dataflow id="495" from="_ssdm_op_Read.ap_fifo.volatile.i32P" to="tmp_12" fromId="494" toId="114">
</dataflow>
<dataflow id="496" from="hconv_V" to="tmp_12" fromId="185" toId="114">
</dataflow>
<dataflow id="497" from="StgValue_421" to="tmp_30_1_i_i" fromId="421" toId="115">
</dataflow>
<dataflow id="498" from="linebuf_1_load" to="tmp_30_1_i_i" fromId="80" toId="115">
</dataflow>
<dataflow id="499" from="StgValue_416" to="tmp_30_2_i_i" fromId="416" toId="116">
</dataflow>
<dataflow id="500" from="linebuf_2_load" to="tmp_30_2_i_i" fromId="81" toId="116">
</dataflow>
<dataflow id="501" from="StgValue_444" to="tmp_30_3_i_i" fromId="444" toId="117">
</dataflow>
<dataflow id="502" from="linebuf_3_load" to="tmp_30_3_i_i" fromId="82" toId="117">
</dataflow>
<dataflow id="503" from="tmp_30_4_i_i" to="tmp8" fromId="109" toId="118">
</dataflow>
<dataflow id="504" from="tmp_30_5_i_i" to="tmp8" fromId="110" toId="118">
</dataflow>
<dataflow id="505" from="tmp_30_6_i_i" to="tmp10" fromId="111" toId="119">
</dataflow>
<dataflow id="506" from="tmp_30_7_i_i" to="tmp10" fromId="112" toId="119">
</dataflow>
<dataflow id="507" from="tmp11" to="tmp9" fromId="113" toId="120">
</dataflow>
<dataflow id="508" from="tmp10" to="tmp9" fromId="119" toId="120">
</dataflow>
<dataflow id="509" from="linebuf_0_load" to="tmp" fromId="93" toId="121">
</dataflow>
<dataflow id="511" from="StgValue_510" to="tmp" fromId="510" toId="121">
</dataflow>
<dataflow id="512" from="linebuf_0_load" to="tmp_1" fromId="93" toId="122">
</dataflow>
<dataflow id="513" from="StgValue_232" to="tmp_1" fromId="232" toId="122">
</dataflow>
<dataflow id="514" from="tmp_12" to="tmp_3" fromId="114" toId="123">
</dataflow>
<dataflow id="515" from="StgValue_510" to="tmp_3" fromId="510" toId="123">
</dataflow>
<dataflow id="516" from="tmp_12" to="tmp_4" fromId="114" toId="124">
</dataflow>
<dataflow id="517" from="StgValue_232" to="tmp_4" fromId="232" toId="124">
</dataflow>
<dataflow id="518" from="tmp_3" to="tmp3" fromId="123" toId="125">
</dataflow>
<dataflow id="519" from="tmp" to="tmp3" fromId="121" toId="125">
</dataflow>
<dataflow id="520" from="tmp3" to="tmp2" fromId="125" toId="126">
</dataflow>
<dataflow id="521" from="tmp_4" to="tmp2" fromId="124" toId="126">
</dataflow>
<dataflow id="522" from="tmp_30_1_i_i" to="tmp5" fromId="115" toId="127">
</dataflow>
<dataflow id="523" from="tmp_30_2_i_i" to="tmp5" fromId="116" toId="127">
</dataflow>
<dataflow id="524" from="tmp5" to="tmp4" fromId="127" toId="128">
</dataflow>
<dataflow id="525" from="tmp_1" to="tmp4" fromId="122" toId="128">
</dataflow>
<dataflow id="526" from="tmp8" to="tmp7" fromId="118" toId="129">
</dataflow>
<dataflow id="527" from="tmp_30_3_i_i" to="tmp7" fromId="117" toId="129">
</dataflow>
<dataflow id="528" from="tmp9" to="tmp6" fromId="120" toId="130">
</dataflow>
<dataflow id="529" from="tmp7" to="tmp6" fromId="129" toId="130">
</dataflow>
<dataflow id="530" from="tmp_12" to="StgValue_131" fromId="114" toId="131">
</dataflow>
<dataflow id="531" from="linebuf_9_addr" to="StgValue_131" fromId="51" toId="131">
</dataflow>
<dataflow id="532" from="tmp4" to="tmp1" fromId="128" toId="132">
</dataflow>
<dataflow id="533" from="tmp2" to="tmp1" fromId="126" toId="132">
</dataflow>
<dataflow id="534" from="tmp6" to="tmp_2" fromId="130" toId="133">
</dataflow>
<dataflow id="535" from="tmp1" to="tmp_2" fromId="132" toId="133">
</dataflow>
<dataflow id="537" from="_ssdm_op_SpecLoopName" to="StgValue_134" fromId="536" toId="134">
</dataflow>
<dataflow id="539" from="VConvH_VConvW_str" to="StgValue_134" fromId="538" toId="134">
</dataflow>
<dataflow id="540" from="_ssdm_op_SpecLoopName" to="StgValue_135" fromId="536" toId="135">
</dataflow>
<dataflow id="542" from="p_str18" to="StgValue_135" fromId="541" toId="135">
</dataflow>
<dataflow id="544" from="_ssdm_op_SpecRegionBegin" to="tmp_18_i_i" fromId="543" toId="136">
</dataflow>
<dataflow id="545" from="p_str18" to="tmp_18_i_i" fromId="541" toId="136">
</dataflow>
<dataflow id="547" from="_ssdm_op_SpecPipeline" to="StgValue_137" fromId="546" toId="137">
</dataflow>
<dataflow id="549" from="StgValue_548" to="StgValue_137" fromId="548" toId="137">
</dataflow>
<dataflow id="551" from="StgValue_550" to="StgValue_137" fromId="550" toId="137">
</dataflow>
<dataflow id="552" from="StgValue_550" to="StgValue_137" fromId="550" toId="137">
</dataflow>
<dataflow id="553" from="StgValue_222" to="StgValue_137" fromId="222" toId="137">
</dataflow>
<dataflow id="555" from="p_str1" to="StgValue_137" fromId="554" toId="137">
</dataflow>
<dataflow id="557" from="_ssdm_op_Write.ap_fifo.volatile.i32P" to="StgValue_138" fromId="556" toId="138">
</dataflow>
<dataflow id="558" from="vconv_V" to="StgValue_138" fromId="186" toId="138">
</dataflow>
<dataflow id="559" from="tmp_2" to="StgValue_138" fromId="133" toId="138">
</dataflow>
<dataflow id="561" from="_ssdm_op_SpecRegionEnd" to="empty" fromId="560" toId="140">
</dataflow>
<dataflow id="562" from="p_str18" to="empty" fromId="541" toId="140">
</dataflow>
<dataflow id="563" from="tmp_18_i_i" to="empty" fromId="136" toId="140">
</dataflow>
<dataflow id="564" from="exitcond_flatten" to="StgValue_5" fromId="38" toId="5">
</dataflow>
<dataflow id="565" from="exitcond_flatten" to="StgValue_6" fromId="38" toId="6">
</dataflow>
<dataflow id="566" from="exitcond_flatten" to="StgValue_7" fromId="38" toId="7">
</dataflow>
<dataflow id="567" from="exitcond_flatten" to="StgValue_8" fromId="38" toId="8">
</dataflow>
<dataflow id="568" from="exitcond_flatten" to="StgValue_9" fromId="38" toId="9">
</dataflow>
<dataflow id="569" from="exitcond_flatten" to="StgValue_10" fromId="38" toId="10">
</dataflow>
<dataflow id="570" from="exitcond_flatten" to="StgValue_11" fromId="38" toId="11">
</dataflow>
<dataflow id="571" from="exitcond_flatten" to="StgValue_12" fromId="38" toId="12">
</dataflow>
<dataflow id="572" from="exitcond_flatten" to="StgValue_13" fromId="38" toId="13">
</dataflow>
<dataflow id="573" from="exitcond_flatten" to="StgValue_14" fromId="38" toId="14">
</dataflow>
<dataflow id="574" from="exitcond_flatten" to="StgValue_15" fromId="38" toId="15">
</dataflow>
<dataflow id="575" from="tmp_8_i_i_mid2" to="StgValue_15" fromId="47" toId="15">
</dataflow>
</dataflows>


</stg>
