{
  "Top": "example",
  "RtlTop": "example",
  "RtlPrefix": "",
  "SourceLanguage": "cpp",
  "ResetStyle": "control",
  "GenerateBdFiles": "0",
  "HostMachineBits": "64",
  "Target": {
    "Family": "zynq",
    "Device": "xc7z020",
    "Package": "clg484",
    "Speed": "-2"
  },
  "HlsSolution": {
    
  },
  "ClockInfo": {
    "ClockName": "ap_clk",
    "ClockPeriod": "13.333",
    "IsCombLogic": "0",
    "II": "x",
    "Latency": "217",
    "Uncertainty": "1.66666"
  },
  "Xdc": {"OocClocks": ["create_clock -name ap_clk -period 13.333 [get_ports ap_clk]"]},
  "Ipx": {
    "Vendor": "xilinx.com",
    "Library": "hls",
    "Name": "example",
    "Version": "1.0",
    "DisplayName": "Example",
    "Revision": "",
    "Description": "An IP generated by Vivado HLS",
    "Taxonomy": "\/VIVADO_HLS_IP"
  },
  "Files": {
    "CSource": ["..\/..\/example.cpp"],
    "Vhdl": [
      "impl\/vhdl\/example_a_m_axi.vhd",
      "impl\/vhdl\/example_buff.vhd",
      "impl\/vhdl\/example.vhd"
    ],
    "Verilog": [
      "impl\/verilog\/example_a_m_axi.v",
      "impl\/verilog\/example_buff.v",
      "impl\/verilog\/example.v"
    ],
    "Misc": ["impl\/misc\/logo.png"]
  },
  "SubcoreInfo": {
    "HasXpmMemory": false,
    "HasClockedDsp": false,
    "IP": []
  },
  "Interfaces": {
    "ap_clk": {
      "type": "clock",
      "ctype": {"CLK": {"Type": "bool"}},
      "buses": "m_axi_a",
      "reset": "ap_rst_n"
    },
    "ap_ctrl": {
      "type": "ap_ctrl",
      "ctrl_ports": "ap_start ap_done ap_idle ap_ready",
      "ctype": {
        "start": {"Type": "bool"},
        "done": {"Type": "bool"},
        "idle": {"Type": "bool"},
        "ready": {"Type": "bool"}
      }
    },
    "ap_rst_n": {
      "type": "reset",
      "polarity": "ACTIVE_LOW",
      "ctype": {"RST": {"Type": "bool"}}
    },
    "m_axi_a": {
      "type": "native_axim",
      "is_adaptor": "true",
      "mode": "master",
      "port_prefix": "m_axi_a",
      "data_width": "32",
      "param_prefix": "C_M_AXI_A",
      "ctype": {
        "AWLEN": {
          "Type": "integer unsigned",
          "Width": "8"
        },
        "AWSIZE": {
          "Type": "integer unsigned",
          "Width": "3"
        },
        "AWBURST": {
          "Type": "integer unsigned",
          "Width": "2"
        },
        "AWLOCK": {
          "Type": "integer unsigned",
          "Width": "2"
        },
        "AWREGION": {
          "Type": "integer unsigned",
          "Width": "4"
        },
        "AWCACHE": {
          "Type": "integer unsigned",
          "Width": "4"
        },
        "AWPROT": {
          "Type": "integer unsigned",
          "Width": "3"
        },
        "AWQOS": {
          "Type": "integer unsigned",
          "Width": "4"
        },
        "AWVALID": {"Type": "bool"},
        "AWREADY": {"Type": "bool"},
        "WLAST": {"Type": "bool"},
        "WVALID": {"Type": "bool"},
        "WREADY": {"Type": "bool"},
        "BVALID": {"Type": "bool"},
        "BREADY": {"Type": "bool"},
        "BRESP": {
          "Type": "integer unsigned",
          "Width": "2"
        },
        "ARLEN": {
          "Type": "integer unsigned",
          "Width": "8"
        },
        "ARSIZE": {
          "Type": "integer unsigned",
          "Width": "3"
        },
        "ARBURST": {
          "Type": "integer unsigned",
          "Width": "2"
        },
        "ARLOCK": {
          "Type": "integer unsigned",
          "Width": "2"
        },
        "ARREGION": {
          "Type": "integer unsigned",
          "Width": "4"
        },
        "ARCACHE": {
          "Type": "integer unsigned",
          "Width": "4"
        },
        "ARPROT": {
          "Type": "integer unsigned",
          "Width": "3"
        },
        "ARQOS": {
          "Type": "integer unsigned",
          "Width": "4"
        },
        "ARVALID": {"Type": "bool"},
        "ARREADY": {"Type": "bool"},
        "RLAST": {"Type": "bool"},
        "RVALID": {"Type": "bool"},
        "RREADY": {"Type": "bool"},
        "RRESP": {
          "Type": "integer unsigned",
          "Width": "2"
        },
        "AWADDR": {
          "Type": "integer unsigned",
          "Width": "32"
        },
        "AWID": {
          "Type": "integer unsigned",
          "Width": "1"
        },
        "AWUSER": {
          "Type": "integer unsigned",
          "Width": "1"
        },
        "WDATA": {
          "Type": "integer signed",
          "Width": "32"
        },
        "WSTRB": {
          "Type": "integer unsigned",
          "Width": "4"
        },
        "WID": {
          "Type": "integer unsigned",
          "Width": "1"
        },
        "WUSER": {
          "Type": "integer unsigned",
          "Width": "1"
        },
        "ARADDR": {
          "Type": "integer unsigned",
          "Width": "32"
        },
        "ARID": {
          "Type": "integer unsigned",
          "Width": "1"
        },
        "ARUSER": {
          "Type": "integer unsigned",
          "Width": "1"
        },
        "RDATA": {
          "Type": "integer signed",
          "Width": "32"
        },
        "RID": {
          "Type": "integer unsigned",
          "Width": "1"
        },
        "RUSER": {
          "Type": "integer unsigned",
          "Width": "1"
        },
        "BID": {
          "Type": "integer unsigned",
          "Width": "1"
        },
        "BUSER": {
          "Type": "integer unsigned",
          "Width": "1"
        }
      },
      "HasOffset": "0",
      "preferred_usage_value": "MEMORY",
      "has_dependant_on": "0",
      "offset_slave_name": "",
      "NUM_READ_OUTSTANDING": "16",
      "NUM_WRITE_OUTSTANDING": "16",
      "MAX_READ_BURST_LENGTH": "16",
      "MAX_WRITE_BURST_LENGTH": "16",
      "port_width": {
        "ARADDR": "32",
        "ARID": "1",
        "ARUSER": "1",
        "AWADDR": "32",
        "AWID": "1",
        "AWUSER": "1",
        "BID": "1",
        "BUSER": "1",
        "RDATA": "32",
        "RID": "1",
        "RUSER": "1",
        "WDATA": "32",
        "WID": "1",
        "WSTRB": "4",
        "WUSER": "1"
      }
    }
  },
  "RtlPorts": {
    "ap_clk": {
      "dir": "in",
      "width": "1"
    },
    "ap_rst_n": {
      "dir": "in",
      "width": "1"
    },
    "ap_start": {
      "dir": "in",
      "width": "1"
    },
    "ap_done": {
      "dir": "out",
      "width": "1"
    },
    "ap_idle": {
      "dir": "out",
      "width": "1"
    },
    "ap_ready": {
      "dir": "out",
      "width": "1"
    },
    "m_axi_a_AWVALID": {
      "dir": "out",
      "width": "1"
    },
    "m_axi_a_AWREADY": {
      "dir": "in",
      "width": "1"
    },
    "m_axi_a_AWADDR": {
      "dir": "out",
      "width": "32"
    },
    "m_axi_a_AWID": {
      "dir": "out",
      "width": "1",
      "isVector": "true"
    },
    "m_axi_a_AWLEN": {
      "dir": "out",
      "width": "8"
    },
    "m_axi_a_AWSIZE": {
      "dir": "out",
      "width": "3"
    },
    "m_axi_a_AWBURST": {
      "dir": "out",
      "width": "2"
    },
    "m_axi_a_AWLOCK": {
      "dir": "out",
      "width": "2"
    },
    "m_axi_a_AWCACHE": {
      "dir": "out",
      "width": "4"
    },
    "m_axi_a_AWPROT": {
      "dir": "out",
      "width": "3"
    },
    "m_axi_a_AWQOS": {
      "dir": "out",
      "width": "4"
    },
    "m_axi_a_AWREGION": {
      "dir": "out",
      "width": "4"
    },
    "m_axi_a_AWUSER": {
      "dir": "out",
      "width": "1",
      "isVector": "true"
    },
    "m_axi_a_WVALID": {
      "dir": "out",
      "width": "1"
    },
    "m_axi_a_WREADY": {
      "dir": "in",
      "width": "1"
    },
    "m_axi_a_WDATA": {
      "dir": "out",
      "width": "32"
    },
    "m_axi_a_WSTRB": {
      "dir": "out",
      "width": "4"
    },
    "m_axi_a_WLAST": {
      "dir": "out",
      "width": "1"
    },
    "m_axi_a_WID": {
      "dir": "out",
      "width": "1",
      "isVector": "true"
    },
    "m_axi_a_WUSER": {
      "dir": "out",
      "width": "1",
      "isVector": "true"
    },
    "m_axi_a_ARVALID": {
      "dir": "out",
      "width": "1"
    },
    "m_axi_a_ARREADY": {
      "dir": "in",
      "width": "1"
    },
    "m_axi_a_ARADDR": {
      "dir": "out",
      "width": "32"
    },
    "m_axi_a_ARID": {
      "dir": "out",
      "width": "1",
      "isVector": "true"
    },
    "m_axi_a_ARLEN": {
      "dir": "out",
      "width": "8"
    },
    "m_axi_a_ARSIZE": {
      "dir": "out",
      "width": "3"
    },
    "m_axi_a_ARBURST": {
      "dir": "out",
      "width": "2"
    },
    "m_axi_a_ARLOCK": {
      "dir": "out",
      "width": "2"
    },
    "m_axi_a_ARCACHE": {
      "dir": "out",
      "width": "4"
    },
    "m_axi_a_ARPROT": {
      "dir": "out",
      "width": "3"
    },
    "m_axi_a_ARQOS": {
      "dir": "out",
      "width": "4"
    },
    "m_axi_a_ARREGION": {
      "dir": "out",
      "width": "4"
    },
    "m_axi_a_ARUSER": {
      "dir": "out",
      "width": "1",
      "isVector": "true"
    },
    "m_axi_a_RVALID": {
      "dir": "in",
      "width": "1"
    },
    "m_axi_a_RREADY": {
      "dir": "out",
      "width": "1"
    },
    "m_axi_a_RDATA": {
      "dir": "in",
      "width": "32"
    },
    "m_axi_a_RLAST": {
      "dir": "in",
      "width": "1"
    },
    "m_axi_a_RID": {
      "dir": "in",
      "width": "1",
      "isVector": "true"
    },
    "m_axi_a_RUSER": {
      "dir": "in",
      "width": "1",
      "isVector": "true"
    },
    "m_axi_a_RRESP": {
      "dir": "in",
      "width": "2"
    },
    "m_axi_a_BVALID": {
      "dir": "in",
      "width": "1"
    },
    "m_axi_a_BREADY": {
      "dir": "out",
      "width": "1"
    },
    "m_axi_a_BRESP": {
      "dir": "in",
      "width": "2"
    },
    "m_axi_a_BID": {
      "dir": "in",
      "width": "1",
      "isVector": "true"
    },
    "m_axi_a_BUSER": {
      "dir": "in",
      "width": "1",
      "isVector": "true"
    }
  },
  "CPorts": {
    "ap_ctrl": {
      "interfaceRef": "ap_ctrl",
      "dir": "out"
    },
    "a": {
      "interfaceRef": "m_axi_a",
      "dir": "inout"
    }
  },
  "ModuleInfo": {
    "Hierarchy": {"ModuleName": "example"},
    "Metrics": {"example": {
        "Latency": {
          "LatencyBest": "217",
          "LatencyAvg": "217",
          "LatencyWorst": "217",
          "PipelineII": "218",
          "PipelineDepth": "",
          "PipelineType": "none"
        },
        "Timing": {
          "Target": "13.33",
          "Uncertainty": "1.67",
          "Estimate": "11.67"
        },
        "Loops": [
          {
            "Name": "memcpy.buff.a",
            "TripCount": "50",
            "Latency": "51",
            "PipelineII": "1",
            "PipelineDepth": "3"
          },
          {
            "Name": "Loop 2",
            "TripCount": "50",
            "Latency": "100",
            "PipelineII": "",
            "PipelineDepth": "2"
          },
          {
            "Name": "memcpy.a.buff.gep",
            "TripCount": "50",
            "Latency": "51",
            "PipelineII": "1",
            "PipelineDepth": "3"
          }
        ],
        "Area": {
          "BRAM_18K": "3",
          "FF": "648",
          "LUT": "990",
          "DSP48E": "0"
        }
      }}
  },
  "GenData": {
    "DataVersion": "0.1",
    "Time": "2020-08-11 06:48:57 +0800",
    "ToolName": "vivado_hls",
    "ToolVersion": "2018.1"
  }
}
