<?xml version="1.0" encoding="UTF-8"?>
<vivadoHLSLog:LogRoot xmlns:vivadoHLSLog="www.xilinx.com/vivadoHLSLog">
  <errorLogs>
    <logs>
      <synLog/>
      <simLog/>
      <mgLog/>
      <packageLog/>
      <csimLog/>
    </logs>
  </errorLogs>
  <warningLogs>
    <logs>
      <synLog>
        <logs message="WARNING: [SYN 201-103] Legalizing function name 'Block_._crit_edge.i1' to 'Block_crit_edge_i1'." projectName="proj_2D_convolution_with_linebuffer" solutionName="solution1" date="2020-08-11T06:27:44.948+0800" type="Warning"/>
        <logs message="WARNING: [SYN 201-103] Legalizing function name 'filter11x11_strm.ent' to 'filter11x11_strm_ent'." projectName="proj_2D_convolution_with_linebuffer" solutionName="solution1" date="2020-08-11T06:27:44.914+0800" type="Warning"/>
        <logs message="WARNING: [ANALYSIS 214-52] Found false inter dependency for variable 'linebuf.5'." projectName="proj_2D_convolution_with_linebuffer" solutionName="solution1" date="2020-08-11T06:27:44.788+0800" type="Warning"/>
        <logs message="WARNING: [ANALYSIS 214-52] Found false inter dependency for variable 'linebuf.8'." projectName="proj_2D_convolution_with_linebuffer" solutionName="solution1" date="2020-08-11T06:27:44.683+0800" type="Warning"/>
        <logs message="WARNING: [ANALYSIS 214-52] Found false inter dependency for variable 'linebuf.9'." projectName="proj_2D_convolution_with_linebuffer" solutionName="solution1" date="2020-08-11T06:27:44.666+0800" type="Warning"/>
        <logs message="WARNING: [ANALYSIS 214-52] Found false inter dependency for variable 'linebuf.0'." projectName="proj_2D_convolution_with_linebuffer" solutionName="solution1" date="2020-08-11T06:27:44.649+0800" type="Warning"/>
        <logs message="WARNING: [ANALYSIS 214-52] Found false inter dependency for variable 'linebuf.4'." projectName="proj_2D_convolution_with_linebuffer" solutionName="solution1" date="2020-08-11T06:27:44.630+0800" type="Warning"/>
        <logs message="WARNING: [ANALYSIS 214-52] Found false inter dependency for variable 'linebuf.2'." projectName="proj_2D_convolution_with_linebuffer" solutionName="solution1" date="2020-08-11T06:27:44.613+0800" type="Warning"/>
        <logs message="WARNING: [ANALYSIS 214-52] Found false inter dependency for variable 'linebuf.3'." projectName="proj_2D_convolution_with_linebuffer" solutionName="solution1" date="2020-08-11T06:27:44.595+0800" type="Warning"/>
        <logs message="WARNING: [ANALYSIS 214-52] Found false inter dependency for variable 'linebuf.6'." projectName="proj_2D_convolution_with_linebuffer" solutionName="solution1" date="2020-08-11T06:27:44.572+0800" type="Warning"/>
        <logs message="WARNING: [ANALYSIS 214-52] Found false inter dependency for variable 'linebuf.7'." projectName="proj_2D_convolution_with_linebuffer" solutionName="solution1" date="2020-08-11T06:27:44.553+0800" type="Warning"/>
        <logs message="WARNING: [ANALYSIS 214-52] Found false inter dependency for variable 'linebuf.1'." projectName="proj_2D_convolution_with_linebuffer" solutionName="solution1" date="2020-08-11T06:27:44.534+0800" type="Warning"/>
        <logs message="WARNING: [XFORM 203-631] Renaming function 'Block_._crit_edge.i146_proc' to 'Block_._crit_edge.i1' (convolution.cpp:156:43)" projectName="proj_2D_convolution_with_linebuffer" solutionName="solution1" date="2020-08-11T06:27:44.516+0800" type="Warning"/>
        <logs message="WARNING: [XFORM 203-631] Renaming function 'filter11x11_strm.entry7' to 'filter11x11_strm.ent' " projectName="proj_2D_convolution_with_linebuffer" solutionName="solution1" date="2020-08-11T06:27:44.114+0800" type="Warning"/>
        <logs message="WARNING: [HLS 200-41] Resource core 'AXI4LiteS' on port 'height' is deprecated. Please use the interface directive to specify the AXI interface." projectName="proj_2D_convolution_with_linebuffer" solutionName="solution1" date="2020-08-11T06:27:32.617+0800" type="Warning"/>
        <logs message="WARNING: [HLS 200-41] Resource core 'AXI4LiteS' on port 'width' is deprecated. Please use the interface directive to specify the AXI interface." projectName="proj_2D_convolution_with_linebuffer" solutionName="solution1" date="2020-08-11T06:27:29.761+0800" type="Warning"/>
        <logs message="WARNING: [HLS 200-41] Resource core 'AXI4LiteS' on port '0' is deprecated. Please use the interface directive to specify the AXI interface." projectName="proj_2D_convolution_with_linebuffer" solutionName="solution1" date="2020-08-11T06:27:29.734+0800" type="Warning"/>
        <logs message="WARNING: [HLS 200-41] Resource core 'AXI4M' on port 'dst' is deprecated. Please use the interface directive to specify the AXI interface." projectName="proj_2D_convolution_with_linebuffer" solutionName="solution1" date="2020-08-11T06:27:29.710+0800" type="Warning"/>
        <logs message="WARNING: [HLS 200-41] Resource core 'AXI4M' on port 'src' is deprecated. Please use the interface directive to specify the AXI interface." projectName="proj_2D_convolution_with_linebuffer" solutionName="solution1" date="2020-08-11T06:27:29.677+0800" type="Warning"/>
      </synLog>
      <simLog/>
      <mgLog/>
      <packageLog/>
      <csimLog/>
    </logs>
  </warningLogs>
</vivadoHLSLog:LogRoot>
