{
  "Top": "filter11x11_strm",
  "RtlTop": "filter11x11_strm",
  "RtlPrefix": "",
  "SourceLanguage": "cpp",
  "ResetStyle": "control",
  "GenerateBdFiles": "1",
  "HostMachineBits": "64",
  "Target": {
    "Family": "zynq",
    "Device": "xc7z020",
    "Package": "clg484",
    "Speed": "-1"
  },
  "HlsSolution": {
    
  },
  "ClockInfo": {
    "ClockName": "ap_clk",
    "ClockPeriod": "6.66",
    "IsCombLogic": "0",
    "II": "x",
    "Latency": "17",
    "Uncertainty": "0.8325"
  },
  "Xdc": {"OocClocks": ["create_clock -name ap_clk -period 6.660 [get_ports ap_clk]"]},
  "Ipx": {
    "Vendor": "xilinx.com",
    "Library": "hls",
    "Name": "filter11x11_strm",
    "Version": "1.0",
    "DisplayName": "Filter11x11_strm",
    "Revision": "",
    "Description": "An IP generated by Vivado HLS",
    "Taxonomy": "\/VIVADO_HLS_IP"
  },
  "Files": {
    "CSource": ["..\/..\/convolution.cpp"],
    "Vhdl": [
      "impl\/vhdl\/Block_crit_edge_i1.vhd",
      "impl\/vhdl\/fifo_w32_d2_A.vhd",
      "impl\/vhdl\/fifo_w32_d3_A.vhd",
      "impl\/vhdl\/filter11x11_strm_bkb.vhd",
      "impl\/vhdl\/filter11x11_strm_cud.vhd",
      "impl\/vhdl\/filter11x11_strm_dEe.vhd",
      "impl\/vhdl\/filter11x11_strm_ent.vhd",
      "impl\/vhdl\/filter11x11_strm_eOg.vhd",
      "impl\/vhdl\/Loop_Border_proc.vhd",
      "impl\/vhdl\/Loop_Border_proc_pcA.vhd",
      "impl\/vhdl\/Loop_HConvH_proc6.vhd",
      "impl\/vhdl\/Loop_VConvH_proc.vhd",
      "impl\/vhdl\/Loop_VConvH_proc_fYi.vhd",
      "impl\/vhdl\/start_for_Block_cqcK.vhd",
      "impl\/vhdl\/start_for_Loop_Bosc4.vhd",
      "impl\/vhdl\/start_for_Loop_VCrcU.vhd",
      "impl\/vhdl\/filter11x11_strm.vhd"
    ],
    "Verilog": [
      "impl\/verilog\/Block_crit_edge_i1.v",
      "impl\/verilog\/fifo_w32_d2_A.v",
      "impl\/verilog\/fifo_w32_d3_A.v",
      "impl\/verilog\/filter11x11_strm_bkb.v",
      "impl\/verilog\/filter11x11_strm_cud.v",
      "impl\/verilog\/filter11x11_strm_dEe.v",
      "impl\/verilog\/filter11x11_strm_ent.v",
      "impl\/verilog\/filter11x11_strm_eOg.v",
      "impl\/verilog\/Loop_Border_proc.v",
      "impl\/verilog\/Loop_Border_proc_pcA.v",
      "impl\/verilog\/Loop_HConvH_proc6.v",
      "impl\/verilog\/Loop_VConvH_proc.v",
      "impl\/verilog\/Loop_VConvH_proc_fYi.v",
      "impl\/verilog\/Loop_VConvH_proc_fYi_ram.dat",
      "impl\/verilog\/start_for_Block_cqcK.v",
      "impl\/verilog\/start_for_Loop_Bosc4.v",
      "impl\/verilog\/start_for_Loop_VCrcU.v",
      "impl\/verilog\/filter11x11_strm.v"
    ],
    "Misc": ["impl\/misc\/logo.png"]
  },
  "SubcoreInfo": {
    "HasXpmMemory": false,
    "HasClockedDsp": false,
    "IP": []
  },
  "Interfaces": {
    "ap_clk": {
      "type": "clock",
      "ctype": {"CLK": {"Type": "bool"}},
      "buses": "src_V dst_V",
      "reset": "ap_rst_n"
    },
    "ap_ctrl": {
      "type": "ap_ctrl",
      "ctrl_ports": "ap_done ap_start ap_ready ap_idle",
      "ctype": {
        "done": {"Type": "bool"},
        "start": {"Type": "bool"},
        "ready": {"Type": "bool"},
        "idle": {"Type": "bool"}
      }
    },
    "ap_rst_n": {
      "type": "reset",
      "polarity": "ACTIVE_LOW",
      "ctype": {"RST": {"Type": "bool"}}
    },
    "dst_V": {
      "type": "axi4stream",
      "mode": "master",
      "port_prefix": "dst_V",
      "has_tready": "1",
      "ctype": {
        "TDATA": {
          "Type": "integer unsigned",
          "Width": "32"
        },
        "TVALID": {"Type": "bool"},
        "TREADY": {"Type": "bool"}
      },
      "port_width": {"TDATA": "32"}
    },
    "height": {
      "type": "data",
      "dir": "in",
      "width": "32",
      "ctype": {"DATA": {
          "Type": "integer signed",
          "Width": "32"
        }}
    },
    "src_V": {
      "type": "axi4stream",
      "mode": "slave",
      "port_prefix": "src_V",
      "has_tready": "1",
      "ctype": {
        "TDATA": {
          "Type": "integer unsigned",
          "Width": "32"
        },
        "TVALID": {"Type": "bool"},
        "TREADY": {"Type": "bool"}
      },
      "port_width": {"TDATA": "32"}
    },
    "width": {
      "type": "data",
      "dir": "in",
      "width": "32",
      "ctype": {"DATA": {
          "Type": "integer signed",
          "Width": "32"
        }}
    }
  },
  "RtlPorts": {
    "width": {
      "dir": "in",
      "width": "32"
    },
    "height": {
      "dir": "in",
      "width": "32"
    },
    "src_V_TDATA": {
      "dir": "in",
      "width": "32"
    },
    "src_V_TVALID": {
      "dir": "in",
      "width": "1"
    },
    "src_V_TREADY": {
      "dir": "out",
      "width": "1"
    },
    "dst_V_TDATA": {
      "dir": "out",
      "width": "32"
    },
    "dst_V_TVALID": {
      "dir": "out",
      "width": "1"
    },
    "dst_V_TREADY": {
      "dir": "in",
      "width": "1"
    },
    "ap_clk": {
      "dir": "in",
      "width": "1"
    },
    "ap_rst_n": {
      "dir": "in",
      "width": "1"
    },
    "ap_done": {
      "dir": "out",
      "width": "1"
    },
    "ap_start": {
      "dir": "in",
      "width": "1"
    },
    "ap_ready": {
      "dir": "out",
      "width": "1"
    },
    "ap_idle": {
      "dir": "out",
      "width": "1"
    }
  },
  "CPorts": {
    "width": {
      "interfaceRef": "width",
      "dir": "in",
      "dataWidth": "32",
      "handshakeRef": "ap_none"
    },
    "height": {
      "interfaceRef": "height",
      "dir": "in",
      "dataWidth": "32",
      "handshakeRef": "ap_none"
    },
    "src_V": {
      "interfaceRef": "src_V",
      "dir": "in"
    },
    "dst_V": {
      "interfaceRef": "dst_V",
      "dir": "out",
      "firstOutLatency": "8"
    },
    "ap_ctrl": {
      "interfaceRef": "ap_ctrl",
      "dir": "out"
    }
  },
  "ModuleInfo": {
    "Hierarchy": {
      "ModuleName": "filter11x11_strm",
      "Instances": [
        {
          "ModuleName": "Loop_VConvH_proc",
          "InstanceName": "Loop_VConvH_proc_U0"
        },
        {
          "ModuleName": "Loop_HConvH_proc6",
          "InstanceName": "Loop_HConvH_proc6_U0"
        },
        {
          "ModuleName": "Loop_Border_proc",
          "InstanceName": "Loop_Border_proc_U0"
        },
        {
          "ModuleName": "Block_crit_edge_i1",
          "InstanceName": "Block_crit_edge_i1_U0"
        },
        {
          "ModuleName": "filter11x11_strm_ent",
          "InstanceName": "filter11x11_strm_ent_U0"
        }
      ]
    },
    "Metrics": {
      "filter11x11_strm_ent": {
        "Latency": {
          "LatencyBest": "0",
          "LatencyAvg": "0",
          "LatencyWorst": "0",
          "PipelineII": "0",
          "PipelineDepth": "",
          "PipelineType": "none"
        },
        "Timing": {
          "Target": "6.66",
          "Uncertainty": "0.83",
          "Estimate": "2.91"
        },
        "Area": {
          "FF": "3",
          "LUT": "56",
          "BRAM_18K": "0",
          "DSP48E": "0"
        }
      },
      "Block_crit_edge_i1": {
        "Latency": {
          "LatencyBest": "1",
          "LatencyAvg": "1",
          "LatencyWorst": "1",
          "PipelineII": "1",
          "PipelineDepth": "",
          "PipelineType": "none"
        },
        "Timing": {
          "Target": "6.66",
          "Uncertainty": "0.83",
          "Estimate": "5.47"
        },
        "Area": {
          "FF": "36",
          "LUT": "103",
          "BRAM_18K": "0",
          "DSP48E": "0"
        }
      },
      "Loop_HConvH_proc6": {
        "Latency": {
          "LatencyBest": "6",
          "LatencyAvg": "",
          "LatencyWorst": "2070613",
          "PipelineIIMin": "6",
          "PipelineIIMax": "2070613",
          "PipelineII": "6 ~ 2070613",
          "PipelineDepth": "",
          "PipelineType": "none"
        },
        "Timing": {
          "Target": "6.66",
          "Uncertainty": "0.83",
          "Estimate": "5.75"
        },
        "Loops": [{
            "Name": "HConvH_HConvW",
            "TripCount": "",
            "LatencyMin": "1",
            "LatencyMax": "2070608",
            "Latency": "1 ~ 2070608",
            "PipelineII": "1",
            "PipelineDepth": "9"
          }],
        "Area": {
          "BRAM_18K": "0",
          "DSP48E": "40",
          "FF": "3439",
          "LUT": "1482"
        }
      },
      "Loop_VConvH_proc": {
        "Latency": {
          "LatencyBest": "5",
          "LatencyAvg": "",
          "LatencyWorst": "2059825",
          "PipelineIIMin": "5",
          "PipelineIIMax": "2059825",
          "PipelineII": "5 ~ 2059825",
          "PipelineDepth": "",
          "PipelineType": "none"
        },
        "Timing": {
          "Target": "6.66",
          "Uncertainty": "0.83",
          "Estimate": "5.83"
        },
        "Loops": [{
            "Name": "VConvH_VConvW",
            "TripCount": "",
            "LatencyMin": "0",
            "LatencyMax": "2059820",
            "Latency": "0 ~ 2059820",
            "PipelineII": "1",
            "PipelineDepth": "11"
          }],
        "Area": {
          "BRAM_18K": "40",
          "DSP48E": "40",
          "FF": "3474",
          "LUT": "1564"
        }
      },
      "Loop_Border_proc": {
        "Latency": {
          "LatencyBest": "5",
          "LatencyAvg": "",
          "LatencyWorst": "2070610",
          "PipelineIIMin": "5",
          "PipelineIIMax": "2070610",
          "PipelineII": "5 ~ 2070610",
          "PipelineDepth": "",
          "PipelineType": "none"
        },
        "Timing": {
          "Target": "6.66",
          "Uncertainty": "0.83",
          "Estimate": "5.78"
        },
        "Loops": [{
            "Name": "Border_L",
            "TripCount": "",
            "LatencyMin": "0",
            "LatencyMax": "2070605",
            "Latency": "0 ~ 2070605",
            "PipelineII": "1",
            "PipelineDepth": "6"
          }],
        "Area": {
          "BRAM_18K": "4",
          "DSP48E": "4",
          "FF": "1120",
          "LUT": "1151"
        }
      },
      "filter11x11_strm": {
        "Latency": {
          "LatencyBest": "17",
          "LatencyAvg": "",
          "LatencyWorst": "2070622",
          "PipelineIIMin": "7",
          "PipelineIIMax": "2070614",
          "PipelineII": "7 ~ 2070614",
          "PipelineDepth": "",
          "PipelineType": "dataflow"
        },
        "Timing": {
          "Target": "6.66",
          "Uncertainty": "0.83",
          "Estimate": "5.83"
        },
        "Area": {
          "BRAM_18K": "44",
          "DSP48E": "84",
          "FF": "8128",
          "LUT": "4866"
        }
      }
    }
  },
  "GenData": {
    "DataVersion": "0.1",
    "Time": "2020-08-11 06:28:04 +0800",
    "ToolName": "vivado_hls",
    "ToolVersion": "2018.1"
  }
}
