<?xml version="1.0" encoding="UTF-8"?>
<vivadoHLSLog:LogRoot xmlns:vivadoHLSLog="www.xilinx.com/vivadoHLSLog">
  <errorLogs>
    <logs>
      <synLog/>
      <simLog/>
      <mgLog/>
      <packageLog/>
      <csimLog/>
    </logs>
  </errorLogs>
  <warningLogs>
    <logs>
      <synLog/>
      <simLog>
        <logs message="WARNING: [COSIM 212-369] AXI_master port 'a' has a depth of '50'. Insufficient depth may result in simulation mismatch or freeze.&#xD;&#xA;   Build using &quot;D:/Xilinx/Vivado/2018.1/msys/bin/g++.exe&quot;&#xD;&#xA;   Compiling apatb_example.cpp&#xD;&#xA;   Compiling example.cpp_pre.cpp.tb.cpp&#xD;&#xA;   Compiling example_test.cpp_pre.cpp.tb.cpp&#xD;&#xA;   Generating cosim.tv.exe" projectName="proj_axi_master" solutionName="solution1" date="2020-08-11T06:50:00.453+0800" type="Warning"/>
      </simLog>
      <mgLog/>
      <packageLog/>
      <csimLog/>
    </logs>
  </warningLogs>
</vivadoHLSLog:LogRoot>
