<profile>

<section name = "Vivado HLS Report for 'example'" level="0">
<item name = "Date">Tue Aug 11 06:48:53 2020
</item>
<item name = "Version">2018.1 (Build 2188600 on Wed Apr 04 19:04:02 MDT 2018)</item>
<item name = "Project">proj_axi_master</item>
<item name = "Solution">solution1</item>
<item name = "Product family">zynq</item>
<item name = "Target device">xc7z020clg484-2</item>
</section>

<section name = "Performance Estimates" level="0">
<item name = "Timing (ns)">
<section name = "" level="1">
<item name = "Summary"><table name="" hasTotal="0">
<keys size="4">Clock, Target, Estimated, Uncertainty</keys>
<column name="ap_clk">13.33, 11.67, 1.67</column>
</table>
</item>
</section>
</item>
<item name = "Latency (clock cycles)">
<section name = "" level="1">
<item name = "Summary"><table name="" hasTotal="0">
<keys size="6">, min, max, min, max, Type</keys>
<column name="">217, 217, 217, 217, none</column>
</table>
</item>
<item name = "Detail">
<section name = "" level="1">
<item name = "Instance"><table name="" hasTotal="0">
<keys size="7">Instance, Module, min, max, min, max, Type</keys>
</table>
</item>
<item name = "Loop"><table name="" hasTotal="0">
<keys size="8">Loop Name, min, max, Latency, achieved, target, Count, Pipelined</keys>
<column name="- memcpy.buff.a">51, 51, 3, 1, 1, 50, yes</column>
<column name="- Loop 2">100, 100, 2, -, -, 50, no</column>
<column name="- memcpy.a.buff.gep">51, 51, 3, 1, 1, 50, yes</column>
</table>
</item>
</section>
</item>
</section>
</item>
</section>
</profile>
